id,data_inversa,dia_semana,horario,uf,br,km,municipio,causa_acidente,tipo_acidente,classificacao_acidente,fase_dia,sentido_via,condicao_metereologica,tipo_pista,tracado_via,uso_solo,ano,pessoas,mortos,feridos_leves,feridos_graves,ilesos,ignorados,feridos,veiculos
1010628,17/11/2011,Quinta,21:00:00,RN,304,237.0,RIACHUELO,Desobediência à sinalização,Colisão lateral,Sem Vítimas,Anoitecer,Decrescente,Ignorada,Simples,Reta,Rural,2011,2,0,0,0,2,0,0,2
1010641,18/11/2011,Sexta,00:10:00,RN,304,250.1,SANTA MARIA,Defeito mecânico em veículo,Tombamento,Sem Vítimas,Plena noite,Crescente,Ceu Claro,Simples,Reta,Rural,2011,1,0,0,0,1,0,0,1
1010658,17/11/2011,Quinta,18:30:00,RN,110,47.6,MOSSORO,Falta de atenção,Colisão traseira,Sem Vítimas,Plena noite,Decrescente,Ceu Claro,Simples,Reta,Urbano,2011,5,0,0,0,5,0,0,5
1010673,17/11/2011,Quinta,18:00:00,RN,226,130.5,CAMPO REDONDO,Não guardar distância de segurança,Colisão traseira,Sem Vítimas,Anoitecer,Crescente,Ceu Claro,Simples,Curva,Rural,2011,3,0,0,0,3,0,0,3
1010769,18/11/2011,Sexta,07:45:00,RN,101,101.7,NATAL,Outras,Colisão lateral,Sem Vítimas,Pleno dia,Crescente,Sol,Múltipla,Cruzamento,Urbano,2011,2,0,0,0,2,0,0,2
1010838,15/11/2011,Terça,06:20:00,RN,405,5.0,MOSSORO,Ingestão de álcool,Capotamento,Com Vítimas Feridas,Pleno dia,Crescente,Sol,Simples,Reta,Rural,2011,1,0,1,0,0,0,1,1
1010886,18/11/2011,Sexta,11:00:00,RN,101,85.6,SAO GONCALO DO AMARANTE,Outras,Atropelamento de pessoa,Com Vítimas Feridas,Pleno dia,Crescente,Ceu Claro,Dupla,Reta,Urbano,2011,2,0,1,0,1,0,1,1
1010921,18/11/2011,Sexta,17:55:00,RN,101,103.5,PARNAMIRIM,Falta de atenção,Colisão traseira,Sem Vítimas,Anoitecer,Decrescente,Chuva,Dupla,Reta,Urbano,2011,2,0,0,0,2,0,0,2
1011090,18/11/2011,Sexta,17:52:00,RN,101,97.1,NATAL,Falta de atenção,Colisão traseira,Sem Vítimas,Anoitecer,Crescente,Sol,Múltipla,Cruzamento,Urbano,2011,2,0,0,0,2,0,0,2
1011271,19/11/2011,Sábado,10:00:00,RN,101,94.0,NATAL,Não guardar distância de segurança,Colisão traseira,Sem Vítimas,Pleno dia,Decrescente,Sol,Dupla,Reta,Urbano,2011,2,0,0,0,2,0,0,2
1011272,19/11/2011,Sábado,11:15:00,RN,101,101.7,PARNAMIRIM,Não guardar distância de segurança,Colisão traseira,Sem Vítimas,Pleno dia,Decrescente,Ceu Claro,Dupla,Cruzamento,Urbano,2011,2,0,0,0,2,0,0,2
1011354,19/11/2011,Sábado,14:01:00,RN,101,73.0,EXTREMOZ,Outras,Colisão com bicicleta,Com Vítimas Feridas,Pleno dia,Crescente,Sol,Simples,Reta,Rural,2011,2,0,1,0,1,0,1,2
1011419,19/11/2011,Sábado,17:30:00,RN,406,166.0,SAO GONCALO DO AMARANTE,Não guardar distância de segurança,Colisão traseira,Sem Vítimas,Pleno dia,Decrescente,Ceu Claro,Simples,Reta,Urbano,2011,4,0,0,0,4,0,0,4
1011460,19/11/2011,Sábado,12:30:00,RN,101,101.9,PARNAMIRIM,Não guardar distância de segurança,Colisão traseira,Com Vítimas Feridas,Pleno dia,Crescente,Sol,Múltipla,Reta,Urbano,2011,4,0,0,1,1,2,1,3
1011482,19/11/2011,Sábado,19:50:00,RN,101,81.6,NATAL,Falta de atenção,Colisão Transversal,Sem Vítimas,Plena noite,Decrescente,Vento,Dupla,Reta,Urbano,2011,2,0,0,0,2,0,0,2
1011526,19/11/2011,Sábado,20:10:00,RN,101,99.8,PARNAMIRIM,Falta de atenção,Colisão traseira,Sem Vítimas,Plena noite,Decrescente,Ceu Claro,Dupla,Reta,Urbano,2011,2,0,0,0,2,0,0,2
1011533,11/11/2011,Sexta,19:30:00,RN,304,115.0,ASSU,Outras,Atropelamento de animal,Sem Vítimas,Plena noite,Crescente,Ceu Claro,Simples,Reta,Rural,2011,1,0,0,0,1,0,0,1
1011544,19/11/2011,Sábado,22:05:00,RN,406,156.0,CEARA-MIRIM,Outras,Colisão lateral,Sem Vítimas,Plena noite,Decrescente,Ceu Claro,Simples,Reta,Urbano,2011,2,0,0,0,2,0,0,2
1011556,30/10/2011,Domingo,18:00:00,RN,226,1.6,NATAL,Ultrapassagem indevida,Colisão lateral,Com Vítimas Feridas,Plena noite,Decrescente,Ceu Claro,Dupla,Curva,Urbano,2011,2,0,1,1,0,0,2,2
1011573,19/11/2011,Sábado,20:40:00,RN,304,6.0,AREIA BRANCA,Ingestão de álcool,Capotamento,Com Vítimas Fatais,Plena noite,Decrescente,Ceu Claro,Simples,Reta,Rural,2011,4,1,3,0,0,0,3,1
1011642,19/11/2011,Sábado,21:10:00,RN,101,102.4,PARNAMIRIM,Outras,Colisão com objeto fixo,Com Vítimas Feridas,Plena noite,Decrescente,Ceu Claro,Dupla,Reta,Urbano,2011,2,0,0,1,1,0,1,2
1011803,20/11/2011,Domingo,11:05:00,RN,304,33.0,MOSSORO,Falta de atenção,Colisão traseira,Com Vítimas Feridas,Pleno dia,Decrescente,Sol,Simples,Reta,Urbano,2011,3,0,2,0,1,0,2,2
1011962,20/11/2011,Domingo,15:40:00,RN,226,40.5,BOM JESUS,Falta de atenção,Colisão traseira,Sem Vítimas,Pleno dia,Crescente,Ceu Claro,Simples,Reta,Urbano,2011,2,0,0,0,2,0,0,2
1012017,21/11/2011,Segunda,00:20:00,RN,101,95.2,NATAL,Outras,Colisão lateral,Sem Vítimas,Plena noite,Decrescente,Ceu Claro,Múltipla,Reta,Urbano,2011,2,0,0,0,2,0,0,2
1012158,21/11/2011,Segunda,08:40:00,RN,406,146.0,CEARA-MIRIM,Falta de atenção,Colisão Transversal,Com Vítimas Feridas,Pleno dia,Crescente,Ceu Claro,Simples,Reta,Urbano,2011,2,0,1,0,1,0,1,2
1012275,17/11/2011,Quinta,11:00:00,RN,101,104.3,PARNAMIRIM,Não guardar distância de segurança,Colisão traseira,Sem Vítimas,Pleno dia,Decrescente,Sol,Dupla,Curva,Urbano,2011,2,0,0,0,2,0,0,2
1012335,17/11/2011,Quinta,18:35:00,RN,110,47.8,MOSSORO,Outras,Colisão Transversal,Com Vítimas Feridas,Plena noite,Crescente,Ceu Claro,Simples,Cruzamento,Urbano,2011,2,0,1,0,1,0,1,2
1012347,18/11/2011,Sexta,16:00:00,RN,101,129.7,SAO JOSE DE MIPIBU,Outras,Colisão traseira,Com Vítimas Feridas,Pleno dia,Crescente,Ceu Claro,Dupla,Curva,Rural,2011,4,0,3,0,1,0,3,2
1012426,21/11/2011,Segunda,18:10:00,RN,110,47.1,MOSSORO,Outras,Colisão Transversal,Com Vítimas Feridas,Plena noite,Decrescente,Ceu Claro,Simples,Reta,Urbano,2011,3,0,1,0,2,0,1,2
1012497,09/11/2011,Quarta,15:20:00,RN,101,107.0,PARNAMIRIM,Não guardar distância de segurança,Colisão traseira,Sem Vítimas,Pleno dia,Crescente,Nublado,Dupla,Cruzamento,Urbano,2011,2,0,0,0,2,0,0,2
1012530,17/11/2011,Quinta,10:20:00,RN,101,104.4,PARNAMIRIM,Outras,Colisão traseira,Com Vítimas Feridas,Pleno dia,Decrescente,Ceu Claro,Múltipla,Curva,Urbano,2011,2,0,1,0,1,0,1,2
1012539,17/11/2011,Quinta,18:40:00,RN,101,95.4,NATAL,Não guardar distância de segurança,Colisão traseira,Sem Vítimas,Plena noite,Crescente,Ceu Claro,Múltipla,Reta,Urbano,2011,2,0,0,0,2,0,0,2
1012646,03/11/2011,Quinta,18:00:00,RN,101,95.5,NATAL,Não guardar distância de segurança,Colisão traseira,Sem Vítimas,Plena noite,Decrescente,Ceu Claro,Dupla,Reta,Urbano,2011,2,0,0,0,2,0,0,2
1012658,28/10/2011,Sexta,19:30:00,RN,110,49.2,MOSSORO,Falta de atenção,Colisão Transversal,Com Vítimas Feridas,Plena noite,Crescente,Ceu Claro,Dupla,Reta,Urbano,2011,2,0,1,0,1,0,1,2
1012698,22/11/2011,Terça,06:59:00,RN,101,102.0,PARNAMIRIM,Outras,Colisão lateral,Sem Vítimas,Pleno dia,Decrescente,Sol,Múltipla,Cruzamento,Urbano,2011,2,0,0,0,2,0,0,2
1012723,18/11/2011,Sexta,09:00:00,RN,101,94.3,NATAL,Não guardar distância de segurança,Colisão traseira,Sem Vítimas,Pleno dia,Decrescente,Sol,Dupla,Reta,Urbano,2011,2,0,0,0,2,0,0,2
1012952,22/11/2011,Terça,15:30:00,RN,101,147.0,GOIANINHA,Não guardar distância de segurança,Colisão traseira,Sem Vítimas,Pleno dia,Crescente,Sol,Dupla,Reta,Urbano,2011,2,0,0,0,2,0,0,2
1012958,22/11/2011,Terça,14:00:00,RN,101,96.9,NATAL,Falta de atenção,Colisão traseira,Sem Vítimas,Pleno dia,Crescente,Ceu Claro,Dupla,Reta,Urbano,2011,2,0,0,0,2,0,0,2
1012962,22/11/2011,Terça,12:25:00,RN,101,82.5,SAO GONCALO DO AMARANTE,Falta de atenção,Colisão traseira,Sem Vítimas,Pleno dia,Crescente,Ceu Claro,Dupla,Reta,Urbano,2011,3,0,0,0,3,0,0,3
1013053,22/11/2011,Terça,16:00:00,RN,406,97.5,JOAO CAMARA,Não guardar distância de segurança,Colisão traseira,Sem Vítimas,Plena noite,Crescente,Ceu Claro,Simples,Reta,Rural,2011,2,0,0,0,2,0,0,2
1013158,18/11/2011,Sexta,09:40:00,RN,304,96.0,ASSU,Outras,Capotamento,Sem Vítimas,Pleno dia,Decrescente,Ceu Claro,Simples,Reta,Rural,2011,1,0,0,0,1,0,0,1
1013231,16/06/2011,Quinta,06:30:00,RN,101,96.4,NATAL,Outras,Colisão traseira,Com Vítimas Feridas,Pleno dia,Decrescente,Chuva,Dupla,Reta,Urbano,2011,5,0,1,1,2,1,2,4
1013274,12/11/2011,Sábado,01:10:00,RN,405,5.8,MOSSORO,Outras,Colisão com bicicleta,Com Vítimas Fatais,Plena noite,Decrescente,Ceu Claro,Simples,Reta,Rural,2011,2,1,0,0,0,1,0,2
1013282,20/11/2011,Domingo,06:15:00,RN,427,55.0,JARDIM DO SERIDO,Desobediência à sinalização,Colisão Transversal,Com Vítimas Feridas,Pleno dia,Decrescente,Ceu Claro,Simples,Curva,Urbano,2011,2,0,1,0,1,0,1,2
1013297,23/11/2011,Quarta,09:50:00,RN,101,107.0,PARNAMIRIM,Não guardar distância de segurança,Colisão traseira,Sem Vítimas,Pleno dia,Crescente,Ceu Claro,Dupla,Cruzamento,Urbano,2011,2,0,0,0,2,0,0,2
1013377,23/11/2011,Quarta,12:00:00,RN,101,97.0,NATAL,Desobediência à sinalização,Colisão lateral,Sem Vítimas,Pleno dia,Crescente,Sol,Dupla,Reta,Urbano,2011,2,0,0,0,2,0,0,2
1013468,20/11/2011,Domingo,22:05:00,RN,406,160.6,SAO GONCALO DO AMARANTE,Desobediência à sinalização,Colisão Transversal,Com Vítimas Feridas,Plena noite,Crescente,Ceu Claro,Simples,Reta,Rural,2011,3,0,1,0,2,0,1,2
1013469,23/11/2011,Quarta,12:30:00,RN,101,80.0,SAO GONCALO DO AMARANTE,Outras,Colisão lateral,Sem Vítimas,Pleno dia,Crescente,Ceu Claro,Dupla,Reta,Urbano,2011,2,0,0,0,2,0,0,2
1013472,23/11/2011,Quarta,16:00:00,RN,101,100.3,PARNAMIRIM,Ultrapassagem indevida,Colisão lateral,Sem Vítimas,Pleno dia,Decrescente,Ceu Claro,Múltipla,Reta,Urbano,2011,2,0,0,0,1,1,0,2
1013474,23/11/2011,Quarta,10:15:00,RN,101,95.3,NATAL,Falta de atenção,Colisão lateral,Sem Vítimas,Pleno dia,Crescente,Sol,Múltipla,Reta,Urbano,2011,2,0,0,0,2,0,0,2
1013499,23/11/2011,Quarta,14:00:00,RN,101,100.6,PARNAMIRIM,Não guardar distância de segurança,Colisão lateral,Com Vítimas Feridas,Pleno dia,Decrescente,Ceu Claro,Dupla,Reta,Urbano,2011,2,0,1,0,1,0,1,2
1013624,23/11/2011,Quarta,18:30:00,RN,101,83.5,NATAL,Falta de atenção,Colisão traseira,Sem Vítimas,Plena noite,Decrescente,Ceu Claro,Dupla,Reta,Urbano,2011,2,0,0,0,2,0,0,2
1013650,23/11/2011,Quarta,13:10:00,RN,101,80.0,SAO GONCALO DO AMARANTE,Outras,Colisão lateral,Sem Vítimas,Pleno dia,Crescente,Ceu Claro,Dupla,Cruzamento,Urbano,2011,2,0,0,0,2,0,0,2
1013661,23/11/2011,Quarta,23:40:00,RN,110,37.1,MOSSORO,Animais na Pista,Atropelamento de animal,Sem Vítimas,Plena noite,Crescente,Ceu Claro,Simples,Reta,Rural,2011,2,0,0,0,2,0,0,1
1013677,23/11/2011,Quarta,13:00:00,RN,101,106.0,PARNAMIRIM,Falta de atenção,Colisão Transversal,Sem Vítimas,Pleno dia,Decrescente,Ceu Claro,Múltipla,Cruzamento,Urbano,2011,2,0,0,0,2,0,0,2
1013766,24/11/2011,Quinta,07:00:00,RN,101,80.8,NATAL,Falta de atenção,Colisão traseira,Sem Vítimas,Pleno dia,Decrescente,Ceu Claro,Dupla,Reta,Urbano,2011,2,0,0,0,2,0,0,2
1013812,24/11/2011,Quinta,09:20:00,RN,101,101.8,PARNAMIRIM,Falta de atenção,Colisão traseira,Sem Vítimas,Pleno dia,Crescente,Ceu Claro,Dupla,Cruzamento,Urbano,2011,2,0,0,0,2,0,0,2
1013816,24/11/2011,Quinta,07:35:00,RN,101,108.7,PARNAMIRIM,Desobediência à sinalização,Colisão com bicicleta,Com Vítimas Feridas,Pleno dia,Decrescente,Ceu Claro,Dupla,Cruzamento,Urbano,2011,2,0,0,1,1,0,1,2
1013836,24/11/2011,Quinta,07:40:00,RN,110,47.3,MOSSORO,Falta de atenção,Colisão traseira,Com Vítimas Feridas,Pleno dia,Decrescente,Sol,Simples,Reta,Urbano,2011,2,0,1,0,1,0,1,2
1013863,24/11/2011,Quinta,09:30:00,RN,101,101.9,PARNAMIRIM,Falta de atenção,Colisão traseira,Com Vítimas Feridas,Pleno dia,Crescente,Ceu Claro,Dupla,Cruzamento,Urbano,2011,3,0,0,2,1,0,2,2
1013959,24/11/2011,Quinta,14:00:00,RN,406,83.0,JOAO CAMARA,Defeito mecânico em veículo,Capotamento,Com Vítimas Feridas,Pleno dia,Decrescente,Ceu Claro,Simples,Reta,Rural,2011,1,0,1,0,0,0,1,1
1013967,20/11/2011,Domingo,18:30:00,RN,304,154.4,ANGICOS,Animais na Pista,Atropelamento de animal,Sem Vítimas,Plena noite,Crescente,Ceu Claro,Simples,Reta,Rural,2011,3,0,0,0,3,0,0,1
1014076,24/11/2011,Quinta,18:10:00,RN,304,297.7,MACAIBA,Outras,Colisão Transversal,Sem Vítimas,Plena noite,Decrescente,Ceu Claro,Simples,Curva,Rural,2011,2,0,0,0,2,0,0,2
1014094,24/11/2011,Quinta,12:30:00,RN,101,95.1,NATAL,Não guardar distância de segurança,Colisão traseira,Sem Vítimas,Pleno dia,Crescente,Sol,Dupla,Reta,Urbano,2011,2,0,0,0,2,0,0,2
1014201,21/11/2011,Segunda,17:50:00,RN,304,295.5,MACAIBA,Não guardar distância de segurança,Colisão traseira,Sem Vítimas,Anoitecer,Crescente,Ceu Claro,Simples,Reta,Urbano,2011,5,0,0,0,5,0,0,5
1014262,25/11/2011,Sexta,07:55:00,RN,110,47.2,MOSSORO,Não guardar distância de segurança,Colisão lateral,Sem Vítimas,Pleno dia,Crescente,Ceu Claro,Simples,Reta,Urbano,2011,2,0,0,0,2,0,0,2
1014275,25/11/2011,Sexta,09:20:00,RN,101,99.0,NATAL,Não guardar distância de segurança,Colisão traseira,Sem Vítimas,Pleno dia,Decrescente,Ceu Claro,Dupla,Reta,Urbano,2011,2,0,0,0,2,0,0,2
1014286,20/11/2011,Domingo,22:00:00,RN,101,94.4,NATAL,Falta de atenção,Colisão Transversal,Sem Vítimas,Plena noite,Crescente,Ceu Claro,Dupla,Reta,Urbano,2011,2,0,0,0,2,0,0,2
1014296,25/11/2011,Sexta,09:40:00,RN,101,85.4,SAO GONCALO DO AMARANTE,Outras,Colisão traseira,Sem Vítimas,Pleno dia,Crescente,Ceu Claro,Dupla,Reta,Urbano,2011,3,0,0,0,3,0,0,3
1014323,25/11/2011,Sexta,07:30:00,RN,101,99.9,NATAL,Desobediência à sinalização,Colisão lateral,Sem Vítimas,Pleno dia,Crescente,Sol,Múltipla,Reta,Urbano,2011,3,0,0,0,3,0,0,3
1014329,25/11/2011,Sexta,11:30:00,RN,304,36.7,MOSSORO,Ultrapassagem indevida,Colisão Transversal,Sem Vítimas,Pleno dia,Crescente,Ceu Claro,Simples,Reta,Urbano,2011,2,0,0,0,2,0,0,2
1014383,25/11/2011,Sexta,13:00:00,RN,405,1.1,MOSSORO,Outras,Colisão lateral,Sem Vítimas,Pleno dia,Decrescente,Sol,Dupla,Reta,Urbano,2011,2,0,0,0,2,0,0,2
1014470,25/11/2011,Sexta,18:00:00,RN,304,296.2,MACAIBA,Falta de atenção,Colisão traseira,Sem Vítimas,Plena noite,Crescente,Ceu Claro,Simples,Reta,Rural,2011,2,0,0,0,2,0,0,2
1014494,25/11/2011,Sexta,14:50:00,RN,101,101.9,PARNAMIRIM,Outras,Colisão lateral,Com Vítimas Feridas,Pleno dia,Decrescente,Nublado,Dupla,Reta,Urbano,2011,3,0,2,0,1,0,2,2
1014514,25/11/2011,Sexta,18:05:00,RN,101,84.9,SAO GONCALO DO AMARANTE,Defeito mecânico em veículo,Colisão traseira,Sem Vítimas,Plena noite,Crescente,Vento,Dupla,Reta,Urbano,2011,2,0,0,0,2,0,0,2
1014527,25/11/2011,Sexta,17:55:00,RN,101,84.9,SAO GONCALO DO AMARANTE,Falta de atenção,Colisão traseira,Sem Vítimas,Plena noite,Crescente,Vento,Dupla,Reta,Urbano,2011,2,0,0,0,2,0,0,2
1014534,25/11/2011,Sexta,20:30:00,RN,226,1.0,NATAL,Não guardar distância de segurança,Colisão traseira,Sem Vítimas,Plena noite,Crescente,Ceu Claro,Simples,Reta,Urbano,2011,3,0,0,0,3,0,0,3
1014581,25/11/2011,Sexta,18:00:00,RN,101,23.3,RIO DO FOGO,Defeito mecânico em veículo,Saída de Pista,Com Vítimas Feridas,Plena noite,Decrescente,Ceu Claro,Simples,Reta,Rural,2011,5,0,0,3,2,0,3,3
1014681,13/11/2011,Domingo,14:40:00,RN,405,152.0,PAU DOS FERROS,Outras,Colisão Transversal,Sem Vítimas,Pleno dia,Crescente,Ceu Claro,Simples,Reta,Urbano,2011,2,0,0,0,1,1,0,2
1014724,18/11/2011,Sexta,08:45:00,RN,110,48.8,MOSSORO,Falta de atenção,Colisão traseira,Sem Vítimas,Pleno dia,Decrescente,Sol,Dupla,Reta,Urbano,2011,2,0,0,0,2,0,0,2
1014806,18/11/2011,Sexta,17:00:00,RN,304,8.1,MOSSORO,Falta de atenção,Colisão traseira,Com Vítimas Feridas,Pleno dia,Decrescente,Sol,Simples,Reta,Rural,2011,6,0,1,1,4,0,2,5
1014826,25/11/2011,Sexta,13:10:00,RN,226,3.3,NATAL,Não guardar distância de segurança,Colisão lateral,Sem Vítimas,Pleno dia,Decrescente,Sol,Simples,Reta,Urbano,2011,2,0,0,0,2,0,0,2
1014848,26/11/2011,Sábado,10:36:00,RN,101,99.0,PARNAMIRIM,Falta de atenção,Colisão traseira,Sem Vítimas,Pleno dia,Decrescente,Sol,Múltipla,Reta,Urbano,2011,2,0,0,0,2,0,0,2
1014857,26/11/2011,Sábado,01:30:00,RN,304,161.2,FERNANDO PEDROZA,Outras,Tombamento,Com Vítimas Feridas,Plena noite,Crescente,Vento,Simples,Reta,Rural,2011,1,0,1,0,0,0,1,1
1014906,26/11/2011,Sábado,09:20:00,RN,101,110.0,PARNAMIRIM,Outras,Colisão traseira,Sem Vítimas,Pleno dia,Decrescente,Ceu Claro,Dupla,Reta,Urbano,2011,2,0,0,0,2,0,0,2
1014942,26/11/2011,Sábado,10:30:00,RN,101,98.8,NATAL,Não guardar distância de segurança,Colisão traseira,Sem Vítimas,Pleno dia,Decrescente,Ceu Claro,Dupla,Reta,Urbano,2011,2,0,0,0,2,0,0,2
1014968,26/11/2011,Sábado,10:35:00,RN,101,98.9,NATAL,Não guardar distância de segurança,Colisão traseira,Sem Vítimas,Pleno dia,Decrescente,Ceu Claro,Dupla,Reta,Urbano,2011,2,0,0,0,2,0,0,2
1015018,26/11/2011,Sábado,18:30:00,RN,406,134.5,CEARA-MIRIM,Não guardar distância de segurança,Colisão traseira,Com Vítimas Feridas,Plena noite,Crescente,Ceu Claro,Simples,Reta,Rural,2011,3,0,0,2,1,0,2,2
1015021,26/11/2011,Sábado,11:30:00,RN,427,134.5,SERRA NEGRA DO NORTE,Outras,Colisão lateral,Sem Vítimas,Pleno dia,Decrescente,Sol,Simples,Reta,Rural,2011,2,0,0,0,2,0,0,2
1015033,26/11/2011,Sábado,17:15:00,RN,101,96.0,NATAL,Falta de atenção,Colisão traseira,Com Vítimas Feridas,Anoitecer,Crescente,Ceu Claro,Múltipla,Reta,Urbano,2011,4,0,1,0,3,0,1,4
1015107,26/11/2011,Sábado,18:10:00,RN,304,39.2,MOSSORO,Defeito na via,Tombamento,Sem Vítimas,Anoitecer,Crescente,Ceu Claro,Simples,Cruzamento,Urbano,2011,1,0,0,0,1,0,0,1
1015126,27/11/2011,Domingo,00:30:00,RN,101,84.8,NATAL,Outras,Colisão lateral,Sem Vítimas,Plena noite,Decrescente,Ceu Claro,Dupla,Reta,Urbano,2011,2,0,0,0,1,1,0,2
1015146,26/11/2011,Sábado,18:30:00,RN,304,34.5,MOSSORO,Outras,Colisão lateral,Com Vítimas Feridas,Plena noite,Decrescente,Ceu Claro,Simples,Reta,Urbano,2011,2,0,1,0,0,1,1,2
1015381,27/11/2011,Domingo,02:20:00,RN,226,79.0,TANGARA,Outras,Capotamento,Com Vítimas Feridas,Plena noite,Decrescente,Ceu Claro,Simples,Reta,Rural,2011,1,0,1,0,0,0,1,1
1015443,27/11/2011,Domingo,05:00:00,RN,427,107.0,CAICO,Outras,Queda de motocicleta / bicicleta / veículo,Com Vítimas Feridas,Amanhecer,Decrescente,Ceu Claro,Simples,Reta,Rural,2011,1,0,0,1,0,0,1,1
1015471,27/11/2011,Domingo,14:50:00,RN,226,222.6,FLORANIA,Falta de atenção,Capotamento,Com Vítimas Feridas,Pleno dia,Decrescente,Ceu Claro,Simples,Reta,Rural,2011,8,0,4,4,0,0,8,1
1015656,27/11/2011,Domingo,19:00:00,RN,406,147.0,CEARA-MIRIM,Outras,Colisão Transversal,Sem Vítimas,Plena noite,Crescente,Vento,Simples,Reta,Urbano,2011,2,0,0,0,2,0,0,2
1015658,27/11/2011,Domingo,20:00:00,RN,406,33.0,GUAMARE,Ingestão de álcool,Colisão com bicicleta,Com Vítimas Fatais,Plena noite,Crescente,Vento,Simples,Reta,Rural,2011,2,1,0,0,1,0,0,2
1015662,27/11/2011,Domingo,20:50:00,RN,406,84.6,NATAL,Outras,Colisão traseira,Sem Vítimas,Plena noite,Crescente,Vento,Múltipla,Curva,Urbano,2011,2,0,0,0,2,0,0,2
1015668,27/11/2011,Domingo,15:45:00,RN,304,41.2,MOSSORO,Não guardar distância de segurança,Colisão traseira,Com Vítimas Feridas,Pleno dia,Crescente,Ceu Claro,Simples,Reta,Rural,2011,3,0,0,1,1,1,1,2
1015799,26/11/2011,Sábado,18:30:00,RN,427,58.5,JARDIM DO SERIDO,Outras,Capotamento,Sem Vítimas,Anoitecer,Crescente,Ceu Claro,Simples,Curva,Rural,2011,1,0,0,0,1,0,0,1
1015850,28/11/2011,Segunda,09:10:00,RN,101,100.2,PARNAMIRIM,Falta de atenção,Colisão traseira,Sem Vítimas,Pleno dia,Decrescente,Ceu Claro,Dupla,Reta,Urbano,2011,2,0,0,0,2,0,0,2
1015878,28/11/2011,Segunda,07:00:00,RN,101,102.9,PARNAMIRIM,Desobediência à sinalização,Colisão lateral,Sem Vítimas,Pleno dia,Decrescente,Ceu Claro,Dupla,Cruzamento,Urbano,2011,2,0,0,0,2,0,0,2
1015905,21/11/2011,Segunda,06:20:00,RN,226,143.0,CAMPO REDONDO,Defeito mecânico em veículo,Saída de Pista,Com Vítimas Fatais,Pleno dia,Crescente,Sol,Simples,Reta,Rural,2011,11,1,5,5,0,0,10,2
1015916,28/11/2011,Segunda,09:10:00,RN,101,97.3,NATAL,Falta de atenção,Colisão traseira,Sem Vítimas,Pleno dia,Decrescente,Ceu Claro,Dupla,Reta,Urbano,2011,4,0,0,0,4,0,0,4
1015939,24/11/2011,Quinta,14:50:00,RN,101,100.2,PARNAMIRIM,Falta de atenção,Colisão lateral,Com Vítimas Feridas,Pleno dia,Decrescente,Sol,Dupla,Reta,Urbano,2011,3,0,1,0,2,0,1,2
1015956,28/11/2011,Segunda,14:00:00,RN,101,99.8,NATAL,Falta de atenção,Colisão traseira,Com Vítimas Feridas,Pleno dia,Decrescente,Ceu Claro,Dupla,Reta,Urbano,2011,3,0,0,1,1,1,1,3
1016084,28/11/2011,Segunda,07:50:00,RN,226,2.0,NATAL,Não guardar distância de segurança,Colisão traseira,Sem Vítimas,Pleno dia,Decrescente,Sol,Dupla,Reta,Urbano,2011,2,0,0,0,2,0,0,2
1016103,28/11/2011,Segunda,16:00:00,RN,406,146.0,CEARA-MIRIM,Animais na Pista,Atropelamento de animal,Com Vítimas Feridas,Pleno dia,Decrescente,Ceu Claro,Simples,Reta,Urbano,2011,1,0,0,1,0,0,1,1
1016104,28/11/2011,Segunda,18:50:00,RN,101,85.3,NATAL,Falta de atenção,Colisão traseira,Sem Vítimas,Plena noite,Decrescente,Ceu Claro,Dupla,Reta,Urbano,2011,2,0,0,0,2,0,0,2
1016134,28/11/2011,Segunda,17:40:00,RN,110,47.3,MOSSORO,Não guardar distância de segurança,Colisão traseira,Com Vítimas Feridas,Anoitecer,Decrescente,Ceu Claro,Simples,Reta,Urbano,2011,5,0,2,0,2,1,2,4
1016136,25/11/2011,Sexta,05:51:00,RN,101,122.2,SAO JOSE DE MIPIBU,Defeito mecânico em veículo,Incêndio,Sem Vítimas,Pleno dia,Decrescente,Ceu Claro,Dupla,Cruzamento,Rural,2011,1,0,0,0,1,0,0,1
1016263,25/11/2011,Sexta,06:50:00,RN,110,47.2,MOSSORO,Não guardar distância de segurança,Colisão traseira,Sem Vítimas,Pleno dia,Decrescente,Ceu Claro,Simples,Reta,Urbano,2011,2,0,0,0,2,0,0,2
1016323,21/11/2011,Segunda,18:10:00,RN,101,107.7,PARNAMIRIM,Outras,Colisão lateral,Sem Vítimas,Plena noite,Decrescente,Ceu Claro,Múltipla,Curva,Urbano,2011,2,0,0,0,2,0,0,2
1016385,26/11/2011,Sábado,00:30:00,RN,304,46.9,MOSSORO,Desobediência à sinalização,Colisão Transversal,Com Vítimas Feridas,Plena noite,Decrescente,Ceu Claro,Simples,Cruzamento,Urbano,2011,2,0,0,1,1,0,1,2