id,data_inversa,dia_semana,horario,uf,br,km,municipio,causa_acidente,tipo_acidente,classificacao_acidente,fase_dia,sentido_via,condicao_metereologica,tipo_pista,tracado_via,uso_solo,ano,pessoas,mortos,feridos_leves,feridos_graves,ilesos,ignorados,feridos,veiculos
1016387,29/11/2011,Terça,14:00:00,RN,101,66.0,CEARA-MIRIM,Outras,Colisão Transversal,Com Vítimas Feridas,Pleno dia,Decrescente,Ceu Claro,Simples,Cruzamento,Rural,2011,2,0,0,1,1,0,1,2
1016455,29/11/2011,Terça,15:50:00,RN,101,95.1,NATAL,Não guardar distância de segurança,Colisão traseira,Sem Vítimas,Pleno dia,Crescente,Ceu Claro,Dupla,Reta,Urbano,2011,3,0,0,0,3,0,0,3
1016480,27/11/2011,Domingo,16:00:00,RN,405,156.3,PAU DOS FERROS,Ingestão de álcool,Colisão lateral,Sem Vítimas,Pleno dia,Decrescente,Ceu Claro,Simples,Reta,Urbano,2011,2,0,0,0,2,0,0,2
1016502,29/11/2011,Terça,14:40:00,RN,101,107.9,PARNAMIRIM,Não guardar distância de segurança,Colisão traseira,Com Vítimas Feridas,Pleno dia,Crescente,Ceu Claro,Dupla,Reta,Urbano,2011,3,0,2,0,1,0,2,2
1016565,29/11/2011,Terça,07:20:00,RN,101,97.9,NATAL,Outras,Colisão traseira,Sem Vítimas,Pleno dia,Decrescente,Sol,Dupla,Reta,Urbano,2011,3,0,0,0,3,0,0,3
1016593,29/11/2011,Terça,14:40:00,RN,101,101.9,PARNAMIRIM,Não guardar distância de segurança,Colisão traseira,Sem Vítimas,Pleno dia,Crescente,Ceu Claro,Dupla,Cruzamento,Urbano,2011,2,0,0,0,2,0,0,2
1016599,29/11/2011,Terça,11:50:00,RN,101,105.9,PARNAMIRIM,Falta de atenção,Colisão lateral,Sem Vítimas,Pleno dia,Decrescente,Ceu Claro,Dupla,Reta,Urbano,2011,2,0,0,0,2,0,0,2
1016629,25/11/2011,Sexta,16:50:00,RN,101,99.7,PARNAMIRIM,Falta de atenção,Colisão traseira,Sem Vítimas,Pleno dia,Decrescente,Ceu Claro,Múltipla,Reta,Urbano,2011,2,0,0,0,2,0,0,2
1016699,29/11/2011,Terça,21:00:00,RN,226,1.0,NATAL,Falta de atenção,Colisão Transversal,Com Vítimas Feridas,Plena noite,Crescente,Ceu Claro,Simples,Curva,Urbano,2011,2,0,2,0,0,0,2,2
1016711,25/11/2011,Sexta,19:30:00,RN,226,112.6,SANTA CRUZ,Falta de atenção,Colisão Transversal,Com Vítimas Feridas,Plena noite,Decrescente,Ceu Claro,Simples,Reta,Urbano,2011,2,0,1,0,1,0,1,2
1016714,25/05/2011,Quarta,15:15:00,RN,101,100.5,PARNAMIRIM,Não guardar distância de segurança,Colisão traseira,Sem Vítimas,Pleno dia,Crescente,Ceu Claro,Dupla,Reta,Urbano,2011,2,0,0,0,2,0,0,2
1016718,26/11/2011,Sábado,02:30:00,RN,101,98.7,NATAL,Animais na Pista,Atropelamento de animal,Sem Vítimas,Plena noite,Decrescente,Ceu Claro,Dupla,Reta,Urbano,2011,2,0,0,0,2,0,0,2
1016727,29/11/2011,Terça,19:00:00,RN,226,114.6,SANTA CRUZ,Dormindo,Capotamento,Com Vítimas Feridas,Plena noite,Decrescente,Ceu Claro,Simples,Curva,Rural,2011,1,0,1,0,0,0,1,1
1016786,28/11/2011,Segunda,19:30:00,RN,304,35.1,MOSSORO,Outras,Colisão frontal,Com Vítimas Feridas,Plena noite,Decrescente,Sol,Simples,Reta,Urbano,2011,2,0,1,0,1,0,1,2
1016821,27/11/2011,Domingo,02:10:00,RN,226,76.2,TANGARA,Outras,Capotamento,Ignorado,Plena noite,Decrescente,Ceu Claro,Simples,Reta,Rural,2011,1,0,0,0,0,1,0,1
1016853,18/11/2011,Sexta,17:00:00,RN,405,152.5,PAU DOS FERROS,Falta de atenção,Colisão com objeto fixo,Sem Vítimas,Anoitecer,Crescente,Ceu Claro,Dupla,Cruzamento,Urbano,2011,2,0,0,0,1,1,0,2
1016866,27/11/2011,Domingo,22:35:00,RN,226,0.5,NATAL,Desobediência à sinalização,Colisão traseira,Sem Vítimas,Plena noite,Crescente,Nublado,Simples,Reta,Urbano,2011,3,0,0,0,3,0,0,3
1016871,26/11/2011,Sábado,14:50:00,RN,304,258.1,SANTA MARIA,Desobediência à sinalização,Colisão Transversal,Com Vítimas Feridas,Pleno dia,Crescente,Sol,Simples,Reta,Urbano,2011,2,0,1,0,0,1,1,2
1016937,15/11/2011,Terça,13:00:00,RN,226,1.3,NATAL,Falta de atenção,Colisão traseira,Sem Vítimas,Pleno dia,Decrescente,Ceu Claro,Dupla,Reta,Urbano,2011,2,0,0,0,2,0,0,2
1016945,30/11/2011,Quarta,09:00:00,RN,101,99.9,NATAL,Falta de atenção,Colisão traseira,Sem Vítimas,Pleno dia,Decrescente,Sol,Múltipla,Cruzamento,Urbano,2011,2,0,0,0,2,0,0,2
1016958,30/11/2011,Quarta,11:43:00,RN,101,97.8,NATAL,Falta de atenção,Colisão traseira,Sem Vítimas,Pleno dia,Decrescente,Ceu Claro,Dupla,Cruzamento,Urbano,2011,2,0,0,0,2,0,0,2
1017021,30/11/2011,Quarta,07:30:00,RN,304,54.9,MOSSORO,Não guardar distância de segurança,Colisão traseira,Sem Vítimas,Pleno dia,Decrescente,Sol,Simples,Reta,Rural,2011,3,0,0,0,3,0,0,3
1017044,30/11/2011,Quarta,10:15:00,RN,406,156.5,CEARA-MIRIM,Animais na Pista,Atropelamento de animal,Sem Vítimas,Pleno dia,Decrescente,Ceu Claro,Simples,Reta,Rural,2011,1,0,0,0,1,0,0,1
1017063,30/11/2011,Quarta,14:00:00,RN,101,83.0,SAO GONCALO DO AMARANTE,Desobediência à sinalização,Colisão lateral,Com Vítimas Feridas,Pleno dia,Crescente,Ceu Claro,Dupla,Curva,Urbano,2011,2,0,1,0,1,0,1,2
1017070,28/11/2011,Segunda,10:50:00,RN,101,82.4,SAO GONCALO DO AMARANTE,Não guardar distância de segurança,Colisão traseira,Sem Vítimas,Pleno dia,Crescente,Sol,Dupla,Reta,Urbano,2011,2,0,0,0,2,0,0,2
1017092,30/11/2011,Quarta,07:50:00,RN,304,54.9,MOSSORO,Outras,Colisão frontal,Sem Vítimas,Pleno dia,Crescente,Sol,Simples,Reta,Rural,2011,2,0,0,0,2,0,0,2
1017140,30/11/2011,Quarta,15:20:00,RN,101,82.9,NATAL,Outras,Colisão lateral,Sem Vítimas,Pleno dia,Decrescente,Ceu Claro,Dupla,Reta,Urbano,2011,2,0,0,0,2,0,0,2
1017146,30/11/2011,Quarta,12:10:00,RN,406,163.0,NATAL,Outras,Colisão lateral,Com Vítimas Feridas,Pleno dia,Decrescente,Ceu Claro,Simples,Reta,Rural,2011,4,0,2,1,1,0,3,2
1017152,27/11/2011,Domingo,04:40:00,RN,406,160.3,CEARA-MIRIM,Desobediência à sinalização,Colisão frontal,Com Vítimas Fatais,Amanhecer,Decrescente,Ceu Claro,Simples,Reta,Rural,2011,2,1,0,0,1,0,0,2
1017263,30/11/2011,Quarta,08:40:00,RN,101,117.5,SAO JOSE DE MIPIBU,Desobediência à sinalização,Colisão lateral,Com Vítimas Feridas,Pleno dia,Crescente,Ceu Claro,Dupla,Cruzamento,Rural,2011,2,0,1,0,1,0,1,2
1017297,25/11/2011,Sexta,18:30:00,RN,405,162.3,RAFAEL FERNANDES,Ultrapassagem indevida,Colisão frontal,Com Vítimas Feridas,Plena noite,Decrescente,Ceu Claro,Simples,Reta,Rural,2011,2,0,0,1,0,1,1,2
1017318,01/12/2011,Quinta,06:40:00,RN,101,84.7,NATAL,Falta de atenção,Colisão traseira,Sem Vítimas,Pleno dia,Crescente,Ceu Claro,Múltipla,Curva,Urbano,2011,2,0,0,0,2,0,0,2
1017325,29/11/2011,Terça,09:10:00,RN,304,61.8,MOSSORO,Falta de atenção,Colisão lateral,Sem Vítimas,Pleno dia,Decrescente,Ceu Claro,Simples,Reta,Rural,2011,2,0,0,0,1,1,0,2
1017362,01/12/2011,Quinta,14:20:00,RN,101,129.5,SAO JOSE DE MIPIBU,Outras,Colisão com objeto fixo,Sem Vítimas,Pleno dia,Decrescente,Ceu Claro,Dupla,Reta,Rural,2011,1,0,0,0,1,0,0,1
1017411,27/11/2011,Domingo,14:30:00,RN,304,303.0,MACAIBA,Outras,Colisão frontal,Com Vítimas Fatais,Pleno dia,Crescente,Sol,Múltipla,Reta,Urbano,2011,9,2,3,4,0,0,7,2
1017432,28/11/2011,Segunda,16:55:00,RN,101,96.9,NATAL,Falta de atenção,Colisão lateral,Com Vítimas Feridas,Anoitecer,Crescente,Ceu Claro,Dupla,Reta,Urbano,2011,3,0,1,0,2,0,1,2
1017477,26/11/2011,Sábado,23:15:00,RN,226,84.0,TANGARA,Desobediência à sinalização,Colisão frontal,Sem Vítimas,Plena noite,Decrescente,Ceu Claro,Simples,Reta,Urbano,2011,2,0,0,0,1,1,0,2
1017510,01/12/2011,Quinta,16:30:00,RN,101,98.2,NATAL,Falta de atenção,Colisão traseira,Sem Vítimas,Pleno dia,Decrescente,Sol,Múltipla,Reta,Urbano,2011,2,0,0,0,2,0,0,2
1017542,01/12/2011,Quinta,17:30:00,RN,101,98.0,NATAL,Outras,Tombamento,Com Vítimas Feridas,Anoitecer,Crescente,Ceu Claro,Múltipla,Reta,Urbano,2011,1,0,1,0,0,0,1,1
1017546,19/11/2011,Sábado,23:30:00,RN,405,134.6,SAO FRANCISCO DO OESTE,Ingestão de álcool,Colisão lateral,Sem Vítimas,Plena noite,Crescente,Ceu Claro,Simples,Reta,Rural,2011,2,0,0,0,1,1,0,2
1017562,01/12/2011,Quinta,16:40:00,RN,101,98.6,NATAL,Animais na Pista,Atropelamento de animal,Com Vítimas Feridas,Pleno dia,Crescente,Ceu Claro,Dupla,Reta,Urbano,2011,1,0,0,1,0,0,1,1
1017575,01/12/2011,Quinta,18:10:00,RN,101,97.7,NATAL,Falta de atenção,Colisão traseira,Sem Vítimas,Plena noite,Decrescente,Ceu Claro,Dupla,Cruzamento,Urbano,2011,2,0,0,0,2,0,0,2
1017606,28/11/2011,Segunda,15:00:00,RN,101,105.9,PARNAMIRIM,Defeito mecânico em veículo,Colisão com objeto móvel,Com Vítimas Feridas,Pleno dia,Crescente,Sol,Dupla,Reta,Urbano,2011,2,0,0,1,1,0,1,2
1017734,27/11/2011,Domingo,23:00:00,RN,226,6.8,NATAL,Ingestão de álcool,Colisão frontal,Com Vítimas Feridas,Plena noite,Decrescente,Nublado,Simples,Reta,Urbano,2011,4,0,4,0,0,0,4,2
1017842,02/12/2011,Sexta,07:50:00,RN,304,47.1,MOSSORO,Falta de atenção,Colisão Transversal,Com Vítimas Feridas,Pleno dia,Decrescente,Ceu Claro,Dupla,Cruzamento,Urbano,2011,2,0,1,0,1,0,1,2
1017862,02/12/2011,Sexta,09:10:00,RN,427,54.7,JARDIM DO SERIDO,Falta de atenção,Colisão lateral,Com Vítimas Feridas,Pleno dia,Crescente,Ceu Claro,Simples,Reta,Urbano,2011,3,0,2,0,1,0,2,2
1017934,02/12/2011,Sexta,08:45:00,RN,101,83.3,SAO GONCALO DO AMARANTE,Falta de atenção,Colisão traseira,Sem Vítimas,Pleno dia,Crescente,Sol,Dupla,Reta,Urbano,2011,3,0,0,0,3,0,0,3
1017951,02/12/2011,Sexta,11:05:00,RN,304,28.6,MOSSORO,Defeito mecânico em veículo,Capotamento,Sem Vítimas,Pleno dia,Crescente,Sol,Simples,Reta,Rural,2011,1,0,0,0,1,0,0,1
1017970,24/11/2011,Quinta,15:45:00,RN,304,218.4,CAICARA DO RIO DO VENTO,Outras,Capotamento,Sem Vítimas,Pleno dia,Crescente,Sol,Simples,Reta,Rural,2011,2,0,0,0,2,0,0,2
1018144,28/11/2011,Segunda,11:30:00,RN,101,103.9,PARNAMIRIM,Falta de atenção,Colisão traseira,Sem Vítimas,Pleno dia,Decrescente,Ceu Claro,Dupla,Reta,Urbano,2011,2,0,0,0,2,0,0,2
1018178,02/12/2011,Sexta,19:05:00,RN,101,106.1,PARNAMIRIM,Falta de atenção,Colisão traseira,Com Vítimas Feridas,Plena noite,Decrescente,Ceu Claro,Dupla,Cruzamento,Urbano,2011,2,0,1,0,1,0,1,2
1018182,02/12/2011,Sexta,18:30:00,RN,101,32.0,RIO DO FOGO,Animais na Pista,Atropelamento de animal,Sem Vítimas,Plena noite,Crescente,Ceu Claro,Simples,Reta,Rural,2011,1,0,0,0,1,0,0,1
1018183,02/12/2011,Sexta,19:10:00,RN,101,101.5,PARNAMIRIM,Outras,Queda de motocicleta / bicicleta / veículo,Com Vítimas Feridas,Pleno dia,Crescente,Ceu Claro,Dupla,Reta,Urbano,2011,1,0,1,0,0,0,1,1
1018225,02/12/2011,Sexta,08:00:00,RN,101,101.7,PARNAMIRIM,Outras,Colisão traseira,Sem Vítimas,Pleno dia,Crescente,Ceu Claro,Dupla,Reta,Urbano,2011,3,0,0,0,3,0,0,3
1018236,02/12/2011,Sexta,16:30:00,RN,304,294.0,MACAIBA,Outras,Colisão lateral,Sem Vítimas,Pleno dia,Decrescente,Ceu Claro,Simples,Reta,Urbano,2011,2,0,0,0,2,0,0,2
1018374,29/11/2011,Terça,14:20:00,RN,226,1.3,NATAL,Falta de atenção,Colisão traseira,Com Vítimas Feridas,Pleno dia,Crescente,Sol,Dupla,Reta,Urbano,2011,4,0,3,0,1,0,3,2
1018414,25/11/2011,Sexta,22:30:00,RN,101,155.0,GOIANINHA,Outras,Queda de motocicleta / bicicleta / veículo,Com Vítimas Fatais,Plena noite,Crescente,Ceu Claro,Dupla,Reta,Rural,2011,1,1,0,0,0,0,0,1
1018528,03/12/2011,Sábado,12:55:00,RN,304,36.1,MOSSORO,Falta de atenção,Colisão Transversal,Com Vítimas Feridas,Plena noite,Crescente,Sol,Simples,Reta,Urbano,2011,2,0,0,1,1,0,1,2
1018544,03/12/2011,Sábado,06:10:00,RN,226,360.8,ALMINO AFONSO,Ingestão de álcool,Capotamento,Com Vítimas Fatais,Amanhecer,Crescente,Ceu Claro,Simples,Curva,Rural,2011,6,3,0,2,0,1,2,1
1018570,03/12/2011,Sábado,11:40:00,RN,226,1.9,NATAL,Defeito mecânico em veículo,Colisão traseira,Sem Vítimas,Pleno dia,Crescente,Sol,Dupla,Reta,Urbano,2011,2,0,0,0,2,0,0,2
1018584,03/12/2011,Sábado,15:10:00,RN,101,98.1,NATAL,Falta de atenção,Colisão traseira,Sem Vítimas,Pleno dia,Decrescente,Ceu Claro,Dupla,Reta,Urbano,2011,2,0,0,0,2,0,0,2
1018624,03/12/2011,Sábado,11:10:00,RN,101,82.3,SAO GONCALO DO AMARANTE,Falta de atenção,Colisão lateral,Sem Vítimas,Pleno dia,Decrescente,Sol,Dupla,Reta,Urbano,2011,2,0,0,0,1,1,0,2
1018640,03/12/2011,Sábado,14:55:00,RN,101,107.4,PARNAMIRIM,Falta de atenção,Colisão lateral,Sem Vítimas,Pleno dia,Decrescente,Ceu Claro,Dupla,Cruzamento,Urbano,2011,2,0,0,0,2,0,0,2
1018812,04/12/2011,Domingo,00:15:00,RN,304,38.4,MOSSORO,Ingestão de álcool,Colisão lateral,Com Vítimas Feridas,Plena noite,Crescente,Ceu Claro,Simples,Reta,Urbano,2011,2,0,1,1,0,0,2,2
1018939,22/11/2011,Terça,15:30:00,RN,101,94.6,NATAL,Falta de atenção,Colisão lateral,Sem Vítimas,Pleno dia,Crescente,Ceu Claro,Dupla,Reta,Urbano,2011,2,0,0,0,1,1,0,2
1019016,04/12/2011,Domingo,07:20:00,RN,304,46.7,MOSSORO,Outras,Colisão frontal,Com Vítimas Fatais,Pleno dia,Decrescente,Sol,Simples,Reta,Urbano,2011,2,1,0,0,1,0,0,2
1019036,30/11/2011,Quarta,12:20:00,RN,101,95.4,NATAL,Falta de atenção,Colisão lateral,Sem Vítimas,Pleno dia,Crescente,Ceu Claro,Dupla,Reta,Urbano,2011,2,0,0,0,2,0,0,2
1019037,04/12/2011,Domingo,13:00:00,RN,101,99.9,NATAL,Outras,Colisão traseira,Sem Vítimas,Pleno dia,Decrescente,Ceu Claro,Dupla,Cruzamento,Urbano,2011,2,0,0,0,2,0,0,2
1019130,04/12/2011,Domingo,16:40:00,RN,304,295.3,MACAIBA,Outras,Colisão lateral,Sem Vítimas,Anoitecer,Crescente,Ceu Claro,Simples,Cruzamento,Urbano,2011,2,0,0,0,2,0,0,2
1019169,04/12/2011,Domingo,12:20:00,RN,304,41.0,MOSSORO,Ultrapassagem indevida,Colisão lateral,Sem Vítimas,Pleno dia,Crescente,Ceu Claro,Dupla,Reta,Rural,2011,2,0,0,0,2,0,0,2
1019244,04/12/2011,Domingo,20:00:00,RN,226,169.0,CURRAIS NOVOS,Outras,Capotamento,Com Vítimas Feridas,Plena noite,Decrescente,Ceu Claro,Simples,Reta,Rural,2011,1,0,1,0,0,0,1,1
1019247,04/12/2011,Domingo,16:30:00,RN,304,296.0,MACAIBA,Falta de atenção,Colisão traseira,Com Vítimas Feridas,Pleno dia,Crescente,Sol,Simples,Cruzamento,Urbano,2011,3,0,1,2,0,0,3,2
1019308,04/12/2011,Domingo,18:20:00,RN,101,102.8,PARNAMIRIM,Falta de atenção,Colisão lateral,Com Vítimas Feridas,Plena noite,Decrescente,Ceu Claro,Dupla,Reta,Urbano,2011,2,0,1,0,0,1,1,2
1019387,04/12/2011,Domingo,03:00:00,RN,101,94.2,NATAL,Ingestão de álcool,Saída de Pista,Sem Vítimas,Plena noite,Crescente,Ceu Claro,Dupla,Reta,Urbano,2011,1,0,0,0,1,0,0,1
1019394,29/11/2011,Terça,19:25:00,RN,101,96.3,NATAL,Outras,Colisão lateral,Sem Vítimas,Plena noite,Crescente,Ceu Claro,Dupla,Curva,Urbano,2011,2,0,0,0,2,0,0,2
1019398,02/12/2011,Sexta,03:30:00,RN,101,174.5,CANGUARETAMA,Falta de atenção,Colisão traseira,Com Vítimas Fatais,Plena noite,Crescente,Ceu Claro,Dupla,Curva,Rural,2011,3,1,0,0,2,0,0,3
1019433,05/12/2011,Segunda,07:30:00,RN,110,47.6,MOSSORO,Não guardar distância de segurança,Colisão traseira,Sem Vítimas,Pleno dia,Crescente,Ceu Claro,Simples,Cruzamento,Urbano,2011,2,0,0,0,2,0,0,2
1019514,05/12/2011,Segunda,10:30:00,RN,101,81.8,SAO GONCALO DO AMARANTE,Desobediência à sinalização,Colisão frontal,Sem Vítimas,Pleno dia,Crescente,Ceu Claro,Dupla,Reta,Urbano,2011,2,0,0,0,2,0,0,2
1019574,03/12/2011,Sábado,18:30:00,RN,110,49.1,MOSSORO,Falta de atenção,Colisão frontal,Com Vítimas Feridas,Plena noite,Decrescente,Ceu Claro,Simples,Reta,Urbano,2011,2,0,1,0,1,0,1,2
1019618,28/11/2011,Segunda,17:40:00,RN,101,96.1,NATAL,Não guardar distância de segurança,Colisão traseira,Sem Vítimas,Anoitecer,Crescente,Ceu Claro,Múltipla,Reta,Urbano,2011,2,0,0,0,2,0,0,2
1019639,05/12/2011,Segunda,12:15:00,RN,101,96.3,NATAL,Falta de atenção,Colisão traseira,Com Vítimas Feridas,Pleno dia,Decrescente,Sol,Dupla,Reta,Urbano,2011,3,0,2,0,1,0,2,3
1019647,05/12/2011,Segunda,13:20:00,RN,101,102.3,PARNAMIRIM,Falta de atenção,Colisão lateral,Sem Vítimas,Pleno dia,Decrescente,Ceu Claro,Dupla,Reta,Urbano,2011,2,0,0,0,2,0,0,2
1019669,05/12/2011,Segunda,13:00:00,RN,101,96.2,NATAL,Outras,Atropelamento de pessoa,Com Vítimas Feridas,Pleno dia,Decrescente,Sol,Dupla,Curva,Urbano,2011,2,0,0,1,1,0,1,1
1019682,30/11/2011,Quarta,20:00:00,RN,304,112.0,MOSSORO,Animais na Pista,Atropelamento de animal,Sem Vítimas,Plena noite,Crescente,Ceu Claro,Simples,Reta,Urbano,2011,1,0,0,0,1,0,0,1
1019735,15/10/2011,Sábado,17:40:00,RN,110,7.4,AREIA BRANCA,Animais na Pista,Atropelamento de animal,Com Vítimas Feridas,Anoitecer,Decrescente,Ceu Claro,Simples,Reta,Rural,2011,1,0,0,1,0,0,1,1
1019765,05/12/2011,Segunda,12:40:00,RN,101,97.8,NATAL,Não guardar distância de segurança,Colisão lateral,Sem Vítimas,Pleno dia,Decrescente,Ceu Claro,Dupla,Reta,Urbano,2011,2,0,0,0,2,0,0,2
1019786,05/12/2011,Segunda,14:40:00,RN,101,177.4,BAIA FORMOSA,Velocidade incompatível,Colisão lateral,Sem Vítimas,Pleno dia,Decrescente,Ceu Claro,Dupla,Curva,Rural,2011,2,0,0,0,2,0,0,2
1019957,22/11/2011,Terça,16:30:00,RN,304,258.0,SANTA MARIA,Falta de atenção,Colisão traseira,Sem Vítimas,Pleno dia,Crescente,Vento,Simples,Reta,Urbano,2011,2,0,0,0,2,0,0,2
1019972,23/11/2011,Quarta,11:20:00,RN,405,2.0,MOSSORO,Outras,Queda de motocicleta / bicicleta / veículo,Com Vítimas Feridas,Pleno dia,Crescente,Ceu Claro,Dupla,Reta,Urbano,2011,1,0,1,0,0,0,1,1
1020050,02/12/2011,Sexta,16:00:00,RN,304,13.8,MOSSORO,Outras,Colisão Transversal,Com Vítimas Feridas,Plena noite,Crescente,Sol,Simples,Cruzamento,Rural,2011,5,0,4,0,1,0,4,2
1020106,04/12/2011,Domingo,16:10:00,RN,110,49.0,MOSSORO,Falta de atenção,Colisão Transversal,Com Vítimas Feridas,Pleno dia,Decrescente,Ceu Claro,Dupla,Curva,Urbano,2011,3,0,1,2,0,0,3,2
1020126,06/12/2011,Terça,10:30:00,RN,101,119.8,SAO JOSE DE MIPIBU,Outras,Colisão traseira,Sem Vítimas,Pleno dia,Decrescente,Sol,Dupla,Reta,Rural,2011,2,0,0,0,2,0,0,2
1020136,06/12/2011,Terça,09:25:00,RN,110,46.8,MOSSORO,Falta de atenção,Colisão lateral,Sem Vítimas,Pleno dia,Decrescente,Sol,Simples,Cruzamento,Urbano,2011,2,0,0,0,2,0,0,2
1020187,04/12/2011,Domingo,05:45:00,RN,427,102.2,CAICO,Desobediência à sinalização,Colisão frontal,Com Vítimas Fatais,Amanhecer,Crescente,Ceu Claro,Simples,Curva,Urbano,2011,3,1,0,2,0,0,2,2
1020204,06/12/2011,Terça,11:00:00,RN,101,97.7,NATAL,Falta de atenção,Colisão traseira,Sem Vítimas,Pleno dia,Decrescente,Ceu Claro,Dupla,Cruzamento,Urbano,2011,2,0,0,0,2,0,0,2
1020221,11/11/2011,Sexta,22:00:00,RN,110,93.0,UPANEMA,Velocidade incompatível,Capotamento,Com Vítimas Feridas,Pleno dia,Crescente,Ceu Claro,Simples,Curva,Rural,2011,4,0,3,1,0,0,4,1
1020227,06/12/2011,Terça,13:50:00,RN,304,26.3,MOSSORO,Falta de atenção,Colisão com objeto fixo,Sem Vítimas,Pleno dia,Decrescente,Ceu Claro,Dupla,Reta,Rural,2011,2,0,0,0,2,0,0,2
1020318,06/12/2011,Terça,16:45:00,RN,405,1.0,MOSSORO,Desobediência à sinalização,Colisão Transversal,Com Vítimas Feridas,Pleno dia,Crescente,Ceu Claro,Simples,Reta,Urbano,2011,2,0,1,0,1,0,1,2
1020373,02/12/2011,Sexta,09:30:00,RN,226,0.4,NATAL,Outras,Colisão frontal,Com Vítimas Feridas,Pleno dia,Decrescente,Sol,Simples,Curva,Urbano,2011,3,0,2,0,1,0,2,2
1020404,06/12/2011,Terça,16:30:00,RN,101,109.7,PARNAMIRIM,Falta de atenção,Colisão Transversal,Com Vítimas Feridas,Pleno dia,Decrescente,Ceu Claro,Dupla,Reta,Urbano,2011,2,0,1,1,0,0,2,2
1020528,07/12/2011,Quarta,00:30:00,RN,304,282.0,MACAIBA,Falta de atenção,Tombamento,Sem Vítimas,Plena noite,Crescente,Vento,Simples,Cruzamento,Rural,2011,1,0,0,0,1,0,0,1
1020599,07/12/2011,Quarta,07:10:00,RN,101,85.3,SAO GONCALO DO AMARANTE,Outras,Colisão traseira,Sem Vítimas,Pleno dia,Crescente,Sol,Dupla,Reta,Urbano,2011,2,0,0,0,2,0,0,2
1020611,30/11/2011,Quarta,05:50:00,RN,101,84.6,NATAL,Outras,Colisão lateral,Sem Vítimas,Pleno dia,Crescente,Sol,Múltipla,Reta,Urbano,2011,2,0,0,0,2,0,0,2
1020654,07/12/2011,Quarta,06:20:00,RN,101,108.3,PARNAMIRIM,Falta de atenção,Colisão Transversal,Sem Vítimas,Pleno dia,Crescente,Ceu Claro,Dupla,Cruzamento,Urbano,2011,2,0,0,0,2,0,0,2
1020712,07/12/2011,Quarta,09:00:00,RN,101,148.7,GOIANINHA,Dormindo,Colisão traseira,Sem Vítimas,Pleno dia,Decrescente,Ceu Claro,Dupla,Reta,Urbano,2011,2,0,0,0,2,0,0,2
1020756,06/12/2011,Terça,16:30:00,RN,101,177.3,CANGUARETAMA,Outras,Capotamento,Sem Vítimas,Pleno dia,Decrescente,Ceu Claro,Dupla,Curva,Rural,2011,1,0,0,0,1,0,0,1
1020782,22/11/2011,Terça,07:40:00,RN,101,94.1,NATAL,Outras,Colisão traseira,Sem Vítimas,Pleno dia,Crescente,Sol,Dupla,Reta,Urbano,2011,2,0,0,0,2,0,0,2
1020832,07/12/2011,Quarta,07:50:00,RN,101,157.7,GOIANINHA,Ingestão de álcool,Colisão traseira,Sem Vítimas,Pleno dia,Crescente,Ceu Claro,Dupla,Reta,Rural,2011,2,0,0,0,2,0,0,2
1020902,07/12/2011,Quarta,18:20:00,RN,101,80.3,NATAL,Falta de atenção,Atropelamento de pessoa,Com Vítimas Feridas,Plena noite,Decrescente,Ceu Claro,Dupla,Reta,Urbano,2011,2,0,1,0,1,0,1,1
1020933,07/12/2011,Quarta,18:00:00,RN,101,102.2,PARNAMIRIM,Não guardar distância de segurança,Colisão traseira,Sem Vítimas,Plena noite,Decrescente,Ceu Claro,Dupla,Reta,Urbano,2011,2,0,0,0,2,0,0,2
1020943,07/12/2011,Quarta,17:50:00,RN,101,106.0,PARNAMIRIM,Não guardar distância de segurança,Colisão lateral,Sem Vítimas,Anoitecer,Crescente,Ceu Claro,Dupla,Reta,Urbano,2011,2,0,0,0,1,1,0,2
1020954,07/12/2011,Quarta,17:40:00,RN,101,98.0,NATAL,Falta de atenção,Colisão lateral,Sem Vítimas,Anoitecer,Crescente,Ceu Claro,Múltipla,Curva,Urbano,2011,2,0,0,0,2,0,0,2
1021069,07/12/2011,Quarta,09:00:00,RN,101,94.1,NATAL,Falta de atenção,Colisão traseira,Sem Vítimas,Pleno dia,Decrescente,Sol,Múltipla,Reta,Urbano,2011,2,0,0,0,2,0,0,2
1021121,04/12/2011,Domingo,15:20:00,RN,101,109.0,PARNAMIRIM,Desobediência à sinalização,Colisão lateral,Com Vítimas Feridas,Pleno dia,Decrescente,Sol,Dupla,Reta,Rural,2011,2,0,0,1,1,0,1,2
1021163,07/12/2011,Quarta,05:50:00,RN,405,1.0,MOSSORO,Falta de atenção,Colisão traseira,Com Vítimas Feridas,Amanhecer,Decrescente,Ceu Claro,Dupla,Reta,Urbano,2011,3,0,2,0,1,0,2,2
1021183,30/11/2011,Quarta,13:20:00,RN,101,95.8,NATAL,Outras,Colisão lateral,Sem Vítimas,Pleno dia,Crescente,Ceu Claro,Dupla,Reta,Urbano,2011,3,0,0,0,3,0,0,3