id,data_inversa,dia_semana,horario,uf,br,km,municipio,causa_acidente,tipo_acidente,classificacao_acidente,fase_dia,sentido_via,condicao_metereologica,tipo_pista,tracado_via,uso_solo,ano,pessoas,mortos,feridos_leves,feridos_graves,ilesos,ignorados,feridos,veiculos
1021209,04/12/2011,Domingo,16:00:00,RN,304,296.0,MACAIBA,Não guardar distância de segurança,Colisão traseira,Com Vítimas Feridas,Pleno dia,Crescente,Ceu Claro,Simples,Reta,Rural,2011,5,0,0,3,1,1,3,2
1021252,08/12/2011,Quinta,08:10:00,RN,101,82.2,SAO GONCALO DO AMARANTE,Outras,Colisão Transversal,Com Vítimas Feridas,Pleno dia,Crescente,Sol,Dupla,Reta,Urbano,2011,2,0,0,1,1,0,1,2
1021288,01/12/2011,Quinta,05:00:00,RN,304,9.3,MOSSORO,Animais na Pista,Capotamento,Sem Vítimas,Amanhecer,Decrescente,Sol,Simples,Reta,Rural,2011,1,0,0,0,1,0,0,1
1021337,08/12/2011,Quinta,08:15:00,RN,101,98.0,NATAL,Não guardar distância de segurança,Colisão traseira,Sem Vítimas,Pleno dia,Decrescente,Sol,Dupla,Reta,Urbano,2011,6,0,0,0,6,0,0,6
1021340,08/12/2011,Quinta,08:30:00,RN,101,98.7,NATAL,Falta de atenção,Colisão traseira,Sem Vítimas,Pleno dia,Decrescente,Sol,Simples,Cruzamento,Urbano,2011,2,0,0,0,2,0,0,2
1021343,08/12/2011,Quinta,12:35:00,RN,101,103.3,PARNAMIRIM,Dormindo,Colisão com objeto fixo,Sem Vítimas,Pleno dia,Crescente,Ceu Claro,Dupla,Reta,Urbano,2011,1,0,0,0,1,0,0,1
1021384,08/12/2011,Quinta,13:20:00,RN,427,148.3,SERRA NEGRA DO NORTE,Dormindo,Capotamento,Sem Vítimas,Pleno dia,Crescente,Ceu Claro,Simples,Curva,Rural,2011,1,0,0,0,1,0,0,1
1021452,08/12/2011,Quinta,10:50:00,RN,226,0.5,NATAL,Outras,Colisão traseira,Com Vítimas Feridas,Pleno dia,Crescente,Sol,Simples,Reta,Urbano,2011,2,0,1,0,1,0,1,2
1021532,08/12/2011,Quinta,19:20:00,RN,101,99.9,NATAL,Não guardar distância de segurança,Colisão lateral,Sem Vítimas,Plena noite,Decrescente,Ceu Claro,Múltipla,Cruzamento,Urbano,2011,2,0,0,0,2,0,0,2
1021541,08/12/2011,Quinta,17:10:00,RN,101,107.0,PARNAMIRIM,Não guardar distância de segurança,Colisão traseira,Sem Vítimas,Pleno dia,Decrescente,Ceu Claro,Dupla,Reta,Urbano,2011,2,0,0,0,2,0,0,2
1021553,08/12/2011,Quinta,21:30:00,RN,101,123.0,SAO JOSE DE MIPIBU,Outras,Colisão com bicicleta,Com Vítimas Feridas,Plena noite,Crescente,Ceu Claro,Dupla,Reta,Rural,2011,2,0,1,0,0,1,1,2
1021571,02/12/2011,Sexta,03:30:00,RN,101,100.1,PARNAMIRIM,Ingestão de álcool,Colisão traseira,Com Vítimas Feridas,Plena noite,Decrescente,Ceu Claro,Dupla,Reta,Urbano,2011,3,0,1,1,1,0,2,2
1021696,05/12/2011,Segunda,22:05:00,RN,101,96.3,NATAL,Não guardar distância de segurança,Colisão traseira,Sem Vítimas,Plena noite,Decrescente,Ceu Claro,Dupla,Reta,Urbano,2011,2,0,0,0,2,0,0,2
1021704,05/12/2011,Segunda,16:30:00,RN,304,297.9,MACAIBA,Falta de atenção,Colisão lateral,Sem Vítimas,Pleno dia,Crescente,Ceu Claro,Dupla,Reta,Urbano,2011,2,0,0,0,2,0,0,2
1021705,06/12/2011,Terça,06:45:00,RN,101,101.8,PARNAMIRIM,Não guardar distância de segurança,Colisão traseira,Sem Vítimas,Pleno dia,Decrescente,Sol,Dupla,Reta,Urbano,2011,2,0,0,0,2,0,0,2
1021721,09/12/2011,Sexta,04:30:00,RN,101,99.9,PARNAMIRIM,Defeito mecânico em veículo,Colisão com objeto fixo,Sem Vítimas,Amanhecer,Decrescente,Ceu Claro,Dupla,Curva,Urbano,2011,1,0,0,0,1,0,0,1
1021777,06/12/2011,Terça,00:45:00,RN,304,55.8,MOSSORO,Animais na Pista,Atropelamento de animal,Sem Vítimas,Plena noite,Crescente,Ignorada,Simples,Reta,Rural,2011,1,0,0,0,1,0,0,1
1021790,02/12/2011,Sexta,04:25:00,RN,304,77.2,MOSSORO,Falta de atenção,Colisão lateral,Com Vítimas Feridas,Anoitecer,Decrescente,Ignorada,Simples,Reta,Rural,2011,2,0,1,0,0,1,1,2
1021887,09/12/2011,Sexta,11:00:00,RN,101,94.1,NATAL,Não guardar distância de segurança,Colisão traseira,Com Vítimas Feridas,Pleno dia,Crescente,Ceu Claro,Múltipla,Reta,Urbano,2011,2,0,0,1,1,0,1,2
1021901,24/11/2011,Quinta,21:50:00,RN,406,162.5,SAO GONCALO DO AMARANTE,Outras,Colisão lateral,Com Vítimas Feridas,Plena noite,Decrescente,Vento,Simples,Reta,Rural,2011,3,0,0,2,1,0,2,2
1021934,09/01/2011,Domingo,06:50:00,RN,101,110.8,PARNAMIRIM,Desobediência à sinalização,Colisão traseira,Sem Vítimas,Pleno dia,Decrescente,Ceu Claro,Dupla,Reta,Urbano,2011,2,0,0,0,2,0,0,2
1021989,09/12/2011,Sexta,15:55:00,RN,101,97.8,NATAL,Falta de atenção,Colisão traseira,Sem Vítimas,Pleno dia,Decrescente,Sol,Múltipla,Reta,Urbano,2011,2,0,0,0,2,0,0,2
1022007,09/12/2011,Sexta,14:30:00,RN,101,83.3,NATAL,Falta de atenção,Colisão traseira,Sem Vítimas,Pleno dia,Decrescente,Sol,Dupla,Reta,Urbano,2011,2,0,0,0,2,0,0,2
1022102,09/12/2011,Sexta,19:20:00,RN,101,101.8,PARNAMIRIM,Desobediência à sinalização,Colisão Transversal,Sem Vítimas,Plena noite,Decrescente,Ceu Claro,Dupla,Cruzamento,Urbano,2011,2,0,0,0,2,0,0,2
1022151,09/12/2011,Sexta,20:15:00,RN,101,79.0,SAO GONCALO DO AMARANTE,Outras,Atropelamento de pessoa,Com Vítimas Feridas,Plena noite,Crescente,Ceu Claro,Dupla,Reta,Rural,2011,2,0,1,0,0,1,1,1
1022202,09/12/2011,Sexta,21:00:00,RN,101,75.7,SAO GONCALO DO AMARANTE,Falta de atenção,Colisão lateral,Com Vítimas Feridas,Plena noite,Crescente,Ceu Claro,Dupla,Reta,Rural,2011,2,0,1,0,1,0,1,2
1022216,10/12/2011,Sábado,00:50:00,RN,101,99.9,NATAL,Outras,Colisão traseira,Sem Vítimas,Pleno dia,Crescente,Ceu Claro,Múltipla,Cruzamento,Urbano,2011,2,0,0,0,2,0,0,2
1022248,09/12/2011,Sexta,20:26:00,RN,101,79.0,EXTREMOZ,Outras,Colisão traseira,Com Vítimas Feridas,Plena noite,Crescente,Vento,Dupla,Reta,Urbano,2011,2,0,1,0,1,0,1,2
1022254,09/12/2011,Sexta,22:20:00,RN,101,96.0,NATAL,Outras,Colisão lateral,Sem Vítimas,Plena noite,Crescente,Ceu Claro,Múltipla,Reta,Urbano,2011,2,0,0,0,2,0,0,2
1022343,06/12/2011,Terça,10:20:00,RN,304,268.4,SAO PEDRO,Outras,Colisão Transversal,Com Vítimas Feridas,Pleno dia,Crescente,Sol,Simples,Reta,Rural,2011,3,0,2,1,0,0,3,2
1022390,07/12/2011,Quarta,01:00:00,RN,101,99.9,NATAL,Falta de atenção,Colisão traseira,Sem Vítimas,Plena noite,Decrescente,Ceu Claro,Dupla,Cruzamento,Urbano,2011,2,0,0,0,2,0,0,2
1022505,10/12/2011,Sábado,09:50:00,RN,101,99.9,NATAL,Outras,Colisão traseira,Sem Vítimas,Pleno dia,Decrescente,Ceu Claro,Dupla,Cruzamento,Urbano,2011,2,0,0,0,2,0,0,2
1022581,10/12/2011,Sábado,13:30:00,RN,101,84.4,NATAL,Outras,Atropelamento de pessoa,Com Vítimas Feridas,Pleno dia,Decrescente,Sol,Dupla,Curva,Urbano,2011,2,0,0,1,1,0,1,1
1022594,10/12/2011,Sábado,16:10:00,RN,101,108.8,PARNAMIRIM,Falta de atenção,Colisão traseira,Sem Vítimas,Pleno dia,Crescente,Ceu Claro,Dupla,Reta,Urbano,2011,2,0,0,0,1,1,0,2
1022598,08/12/2011,Quinta,15:35:00,RN,101,100.9,PARNAMIRIM,Outras,Colisão lateral,Sem Vítimas,Pleno dia,Decrescente,Ceu Claro,Dupla,Reta,Urbano,2011,2,0,0,0,2,0,0,2
1022618,10/12/2011,Sábado,10:35:00,RN,405,12.2,MOSSORO,Outras,Incêndio,Sem Vítimas,Pleno dia,Crescente,Sol,Simples,Reta,Rural,2011,1,0,0,0,1,0,0,1
1022680,10/12/2011,Sábado,16:45:00,RN,101,75.2,EXTREMOZ,Falta de atenção,Colisão traseira,Sem Vítimas,Pleno dia,Crescente,Ceu Claro,Dupla,Reta,Rural,2011,2,0,0,0,1,1,0,2
1022720,10/12/2011,Sábado,12:30:00,RN,101,99.5,NATAL,Falta de atenção,Colisão lateral,Sem Vítimas,Pleno dia,Crescente,Ceu Claro,Dupla,Reta,Urbano,2011,2,0,0,0,2,0,0,2
1022754,10/12/2011,Sábado,11:40:00,RN,101,125.1,SAO JOSE DE MIPIBU,Falta de atenção,Colisão lateral,Sem Vítimas,Pleno dia,Crescente,Ceu Claro,Dupla,Reta,Rural,2011,2,0,0,0,2,0,0,2
1022782,10/12/2011,Sábado,21:25:00,RN,101,101.7,PARNAMIRIM,Ingestão de álcool,Colisão traseira,Sem Vítimas,Plena noite,Crescente,Ceu Claro,Dupla,Reta,Urbano,2011,3,0,0,0,3,0,0,3
1022788,10/12/2011,Sábado,20:00:00,RN,405,137.9,SAO FRANCISCO DO OESTE,Não guardar distância de segurança,Colisão traseira,Sem Vítimas,Plena noite,Crescente,Ceu Claro,Simples,Reta,Rural,2011,2,0,0,0,2,0,0,2
1022830,06/12/2011,Terça,16:50:00,RN,101,108.5,PARNAMIRIM,Falta de atenção,Colisão lateral,Sem Vítimas,Pleno dia,Decrescente,Sol,Múltipla,Cruzamento,Urbano,2011,2,0,0,0,2,0,0,2
1022845,11/12/2011,Domingo,02:05:00,RN,304,35.2,MOSSORO,Falta de atenção,Colisão traseira,Com Vítimas Feridas,Plena noite,Crescente,Ceu Claro,Simples,Reta,Urbano,2011,3,0,1,0,1,1,1,2
1022957,10/12/2011,Sábado,04:10:00,RN,110,46.0,MOSSORO,Falta de atenção,Queda de motocicleta / bicicleta / veículo,Com Vítimas Feridas,Plena noite,Decrescente,Ignorada,Simples,Reta,Urbano,2011,1,0,1,0,0,0,1,1
1022999,11/12/2011,Domingo,10:10:00,RN,101,116.5,SAO JOSE DE MIPIBU,Falta de atenção,Colisão traseira,Com Vítimas Feridas,Pleno dia,Decrescente,Ceu Claro,Dupla,Reta,Rural,2011,4,0,2,0,2,0,2,2
1023031,11/12/2011,Domingo,11:00:00,RN,101,75.0,EXTREMOZ,Falta de atenção,Colisão Transversal,Com Vítimas Feridas,Pleno dia,Decrescente,Ceu Claro,Dupla,Cruzamento,Rural,2011,3,0,2,0,1,0,2,2
1023101,11/12/2011,Domingo,06:40:00,RN,405,106.8,ITAU,Ingestão de álcool,Saída de Pista,Sem Vítimas,Pleno dia,Crescente,Ceu Claro,Simples,Curva,Rural,2011,1,0,0,0,1,0,0,1
1023107,11/12/2011,Domingo,14:40:00,RN,101,103.6,PARNAMIRIM,Não guardar distância de segurança,Colisão traseira,Sem Vítimas,Pleno dia,Crescente,Ceu Claro,Dupla,Reta,Urbano,2011,4,0,0,0,4,0,0,4
1023129,11/12/2011,Domingo,13:35:00,RN,406,98.9,JOAO CAMARA,Outras,Colisão Transversal,Sem Vítimas,Pleno dia,Decrescente,Ceu Claro,Simples,Reta,Rural,2011,2,0,0,0,2,0,0,2
1023135,11/12/2011,Domingo,07:40:00,RN,427,48.6,JARDIM DO SERIDO,Falta de atenção,Saída de Pista,Sem Vítimas,Pleno dia,Crescente,Ceu Claro,Simples,Reta,Rural,2011,1,0,0,0,1,0,0,1
1023210,11/12/2011,Domingo,18:10:00,RN,110,46.2,MOSSORO,Falta de atenção,Colisão Transversal,Com Vítimas Feridas,Anoitecer,Decrescente,Ceu Claro,Simples,Reta,Urbano,2011,3,0,1,1,0,1,2,2
1023235,11/12/2011,Domingo,19:50:00,RN,226,1.2,NATAL,Falta de atenção,Colisão traseira,Com Vítimas Feridas,Plena noite,Crescente,Ceu Claro,Dupla,Reta,Urbano,2011,3,0,3,0,0,0,3,2
1023266,11/12/2011,Domingo,07:40:00,RN,304,38.6,MOSSORO,Não guardar distância de segurança,Colisão lateral,Com Vítimas Feridas,Pleno dia,Crescente,Ceu Claro,Simples,Reta,Urbano,2011,3,0,1,0,2,0,1,2
1023300,11/12/2011,Domingo,20:30:00,RN,101,106.0,PARNAMIRIM,Outras,Capotamento,Ignorado,Plena noite,Crescente,Ceu Claro,Dupla,Cruzamento,Urbano,2011,1,0,0,0,0,1,0,1
1023458,09/12/2011,Sexta,06:30:00,RN,101,110.0,PARNAMIRIM,Desobediência à sinalização,Colisão traseira,Com Vítimas Feridas,Pleno dia,Decrescente,Ceu Claro,Dupla,Reta,Urbano,2011,3,0,2,0,1,0,2,2
1023488,12/12/2011,Segunda,07:00:00,RN,101,106.8,PARNAMIRIM,Não guardar distância de segurança,Colisão traseira,Sem Vítimas,Pleno dia,Decrescente,Sol,Dupla,Reta,Urbano,2011,3,0,0,0,3,0,0,3
1023546,09/12/2011,Sexta,06:40:00,RN,101,84.9,NATAL,Não guardar distância de segurança,Colisão traseira,Sem Vítimas,Pleno dia,Crescente,Ceu Claro,Dupla,Reta,Urbano,2011,2,0,0,0,2,0,0,2
1023625,12/12/2011,Segunda,12:00:00,RN,101,101.9,PARNAMIRIM,Outras,Colisão traseira,Sem Vítimas,Pleno dia,Decrescente,Ceu Claro,Dupla,Cruzamento,Urbano,2011,2,0,0,0,2,0,0,2
1023745,10/12/2011,Sábado,22:30:00,RN,101,125.1,SAO JOSE DE MIPIBU,Outras,Colisão com objeto fixo,Com Vítimas Feridas,Plena noite,Decrescente,Ceu Claro,Dupla,Curva,Urbano,2011,2,0,0,1,1,0,1,1
1023828,07/12/2011,Quarta,12:15:00,RN,226,60.7,SENADOR ELOI DE SOUZA,Outras,Colisão Transversal,Com Vítimas Feridas,Pleno dia,Crescente,Sol,Simples,Reta,Rural,2011,2,0,0,1,0,1,1,2
1023838,12/12/2011,Segunda,17:45:00,RN,101,98.7,NATAL,Falta de atenção,Colisão traseira,Sem Vítimas,Anoitecer,Decrescente,Ceu Claro,Dupla,Cruzamento,Urbano,2011,2,0,0,0,2,0,0,2
1023848,30/11/2011,Quarta,14:30:00,RN,101,95.2,NATAL,Desobediência à sinalização,Colisão Transversal,Sem Vítimas,Pleno dia,Crescente,Sol,Dupla,Reta,Urbano,2011,2,0,0,0,2,0,0,2
1023852,12/12/2011,Segunda,09:50:00,RN,101,107.0,PARNAMIRIM,Desobediência à sinalização,Colisão lateral,Sem Vítimas,Pleno dia,Crescente,Ceu Claro,Dupla,Reta,Urbano,2011,2,0,0,0,2,0,0,2
1023862,12/12/2011,Segunda,15:00:00,RN,304,301.0,MACAIBA,Desobediência à sinalização,Colisão Transversal,Com Vítimas Feridas,Pleno dia,Decrescente,Ceu Claro,Dupla,Reta,Urbano,2011,2,0,0,1,1,0,1,2
1023865,12/12/2011,Segunda,14:50:00,RN,101,105.0,PARNAMIRIM,Outras,Colisão frontal,Com Vítimas Feridas,Pleno dia,Decrescente,Sol,Múltipla,Reta,Urbano,2011,2,0,2,0,0,0,2,2
1023874,12/12/2011,Segunda,17:50:00,RN,101,106.9,PARNAMIRIM,Não guardar distância de segurança,Colisão traseira,Sem Vítimas,Anoitecer,Decrescente,Ceu Claro,Dupla,Reta,Urbano,2011,3,0,0,0,3,0,0,3
1023878,11/12/2011,Domingo,21:20:00,RN,226,2.8,NATAL,Ingestão de álcool,Colisão lateral,Sem Vítimas,Plena noite,Decrescente,Ceu Claro,Simples,Reta,Urbano,2011,2,0,0,0,2,0,0,2
1023885,12/12/2011,Segunda,16:40:00,RN,101,103.6,PARNAMIRIM,Outras,Colisão traseira,Sem Vítimas,Pleno dia,Crescente,Sol,Múltipla,Reta,Urbano,2011,3,0,0,0,3,0,0,3
1023981,11/12/2011,Domingo,04:00:00,RN,405,52.3,GOVERNADOR DIX-SEPT ROSADO,Dormindo,Capotamento,Com Vítimas Feridas,Plena noite,Decrescente,Ceu Claro,Simples,Reta,Rural,2011,4,0,4,0,0,0,4,1
1024178,13/12/2011,Terça,07:40:00,RN,101,85.6,SAO GONCALO DO AMARANTE,Outras,Colisão traseira,Com Vítimas Feridas,Pleno dia,Crescente,Sol,Dupla,Reta,Urbano,2011,2,0,1,0,1,0,1,2
1024227,13/12/2011,Terça,07:10:00,RN,405,34.2,MOSSORO,Falta de atenção,Capotamento,Com Vítimas Feridas,Pleno dia,Crescente,Ceu Claro,Simples,Reta,Rural,2011,3,0,1,1,0,1,2,1
1024237,10/12/2011,Sábado,00:40:00,RN,304,184.5,LAJES,Falta de atenção,Colisão traseira,Sem Vítimas,Plena noite,Decrescente,Ceu Claro,Simples,Reta,Rural,2011,2,0,0,0,2,0,0,2
1024328,09/12/2011,Sexta,13:40:00,RN,101,96.3,NATAL,Outras,Colisão traseira,Com Vítimas Feridas,Pleno dia,Crescente,Sol,Dupla,Curva,Urbano,2011,2,0,1,0,1,0,1,2
1024338,13/12/2011,Terça,11:35:00,RN,101,108.7,PARNAMIRIM,Falta de atenção,Colisão lateral,Com Vítimas Feridas,Pleno dia,Crescente,Ceu Claro,Dupla,Cruzamento,Urbano,2011,3,0,1,0,2,0,1,3
1024349,25/11/2011,Sexta,18:00:00,RN,304,296.4,MACAIBA,Falta de atenção,Colisão traseira,Sem Vítimas,Anoitecer,Crescente,Ceu Claro,Simples,Reta,Urbano,2011,3,0,0,0,3,0,0,3
1024367,06/12/2011,Terça,10:30:00,RN,101,97.9,NATAL,Falta de atenção,Colisão traseira,Sem Vítimas,Pleno dia,Decrescente,Ceu Claro,Dupla,Cruzamento,Urbano,2011,2,0,0,0,2,0,0,2
1024369,09/12/2011,Sexta,15:20:00,RN,101,96.9,NATAL,Falta de atenção,Colisão traseira,Com Vítimas Feridas,Pleno dia,Crescente,Sol,Múltipla,Reta,Urbano,2011,3,0,0,1,2,0,1,3
1024525,13/12/2011,Terça,18:15:00,RN,304,293.6,MACAIBA,Falta de atenção,Colisão traseira,Sem Vítimas,Plena noite,Crescente,Ceu Claro,Simples,Reta,Rural,2011,2,0,0,0,2,0,0,2
1024583,13/12/2011,Terça,18:00:00,RN,101,103.4,PARNAMIRIM,Falta de atenção,Colisão traseira,Sem Vítimas,Plena noite,Crescente,Ceu Claro,Múltipla,Reta,Urbano,2011,3,0,0,0,3,0,0,3
1024642,09/12/2011,Sexta,19:00:00,RN,101,99.9,NATAL,Outras,Colisão lateral,Sem Vítimas,Plena noite,Crescente,Ceu Claro,Dupla,Reta,Urbano,2011,2,0,0,0,2,0,0,2
1024647,14/12/2011,Quarta,00:15:00,RN,101,103.1,PARNAMIRIM,Ingestão de álcool,Colisão traseira,Com Vítimas Feridas,Plena noite,Crescente,Ceu Claro,Dupla,Reta,Urbano,2011,2,0,1,0,1,0,1,2
1024730,06/11/2011,Domingo,13:00:00,RN,304,106.4,ASSU,Outras,Colisão Transversal,Sem Vítimas,Pleno dia,Crescente,Sol,Simples,Reta,Rural,2011,3,0,0,0,3,0,0,3
1024765,10/12/2011,Sábado,10:40:00,RN,101,85.0,NATAL,Outras,Colisão lateral,Sem Vítimas,Pleno dia,Crescente,Ceu Claro,Dupla,Reta,Urbano,2011,2,0,0,0,2,0,0,2
1024797,22/11/2011,Terça,16:30:00,RN,101,106.5,PARNAMIRIM,Outras,Atropelamento de pessoa,Com Vítimas Feridas,Pleno dia,Crescente,Ceu Claro,Dupla,Reta,Urbano,2011,2,0,0,1,1,0,1,1
1024807,10/12/2011,Sábado,22:00:00,RN,304,280.9,MACAIBA,Desobediência à sinalização,Colisão traseira,Sem Vítimas,Plena noite,Decrescente,Ceu Claro,Simples,Cruzamento,Rural,2011,2,0,0,0,1,1,0,2
1024816,08/12/2011,Quinta,15:45:00,RN,304,39.0,MOSSORO,Falta de atenção,Colisão Transversal,Com Vítimas Feridas,Pleno dia,Crescente,Ceu Claro,Simples,Cruzamento,Urbano,2011,5,0,0,1,4,0,1,5
1024837,14/12/2011,Quarta,09:20:00,RN,101,95.0,NATAL,Não guardar distância de segurança,Colisão traseira,Sem Vítimas,Pleno dia,Decrescente,Sol,Múltipla,Reta,Urbano,2011,3,0,0,0,3,0,0,3
1024842,08/12/2011,Quinta,11:00:00,RN,304,39.1,MOSSORO,Desobediência à sinalização,Colisão Transversal,Sem Vítimas,Pleno dia,Crescente,Sol,Simples,Cruzamento,Urbano,2011,2,0,0,0,2,0,0,2
1024866,14/12/2011,Quarta,11:10:00,RN,101,84.0,SAO GONCALO DO AMARANTE,Não guardar distância de segurança,Colisão traseira,Sem Vítimas,Pleno dia,Crescente,Sol,Dupla,Reta,Urbano,2011,2,0,0,0,2,0,0,2
1024960,14/12/2011,Quarta,10:20:00,RN,101,95.0,NATAL,Falta de atenção,Colisão traseira,Sem Vítimas,Pleno dia,Crescente,Sol,Múltipla,Reta,Urbano,2011,2,0,0,0,2,0,0,2
1024975,14/12/2011,Quarta,13:00:00,RN,304,260.6,SANTA MARIA,Falta de atenção,Colisão traseira,Sem Vítimas,Pleno dia,Decrescente,Ceu Claro,Simples,Reta,Urbano,2011,2,0,0,0,2,0,0,2
1025026,14/12/2011,Quarta,09:55:00,RN,101,95.0,NATAL,Não guardar distância de segurança,Colisão traseira,Sem Vítimas,Pleno dia,Decrescente,Sol,Dupla,Reta,Urbano,2011,2,0,0,0,2,0,0,2
1025028,14/12/2011,Quarta,09:30:00,RN,101,94.0,NATAL,Falta de atenção,Colisão traseira,Sem Vítimas,Pleno dia,Decrescente,Sol,Dupla,Reta,Urbano,2011,2,0,0,0,2,0,0,2
1025252,14/12/2011,Quarta,10:30:00,RN,101,95.4,NATAL,Não guardar distância de segurança,Colisão traseira,Sem Vítimas,Pleno dia,Decrescente,Sol,Dupla,Reta,Urbano,2011,2,0,0,0,1,1,0,2
1025367,15/12/2011,Quinta,00:40:00,RN,304,133.7,IPANGUACU,Animais na Pista,Colisão com objeto fixo,Sem Vítimas,Plena noite,Decrescente,Ceu Claro,Simples,Reta,Rural,2011,2,0,0,0,2,0,0,1
1025371,12/12/2011,Segunda,05:45:00,RN,304,112.4,ASSU,Desobediência à sinalização,Colisão Transversal,Com Vítimas Feridas,Amanhecer,Crescente,Sol,Simples,Reta,Urbano,2011,2,0,0,1,0,1,1,2
1025384,15/12/2011,Quinta,09:45:00,RN,304,302.2,MACAIBA,Defeito mecânico em veículo,Colisão traseira,Com Vítimas Feridas,Pleno dia,Decrescente,Ceu Claro,Dupla,Reta,Rural,2011,2,0,1,0,1,0,1,2
1025413,15/12/2011,Quinta,07:10:00,RN,406,165.5,SAO GONCALO DO AMARANTE,Defeito na via,Danos Eventuais,Sem Vítimas,Pleno dia,Crescente,Sol,Simples,Reta,Urbano,2011,1,0,0,0,1,0,0,1
1025420,15/12/2011,Quinta,11:00:00,RN,101,106.9,PARNAMIRIM,Falta de atenção,Colisão traseira,Sem Vítimas,Pleno dia,Decrescente,Ceu Claro,Dupla,Reta,Urbano,2011,2,0,0,0,2,0,0,2
1025421,10/12/2011,Sábado,12:10:00,RN,101,83.2,SAO GONCALO DO AMARANTE,Não guardar distância de segurança,Colisão traseira,Sem Vítimas,Pleno dia,Crescente,Ceu Claro,Dupla,Reta,Urbano,2011,2,0,0,0,2,0,0,2
1025543,12/12/2011,Segunda,05:00:00,RN,226,30.0,MACAIBA,Defeito mecânico em veículo,Tombamento,Sem Vítimas,Pleno dia,Decrescente,Ceu Claro,Simples,Reta,Rural,2011,1,0,0,0,1,0,0,1
1025557,15/12/2011,Quinta,14:30:00,RN,101,78.6,SAO GONCALO DO AMARANTE,Ultrapassagem indevida,Colisão lateral,Com Vítimas Feridas,Pleno dia,Crescente,Ceu Claro,Dupla,Reta,Rural,2011,3,0,2,0,0,1,2,2
1025664,15/12/2011,Quinta,09:30:00,RN,101,163.0,CANGUARETAMA,Defeito na via,Colisão frontal,Sem Vítimas,Pleno dia,Decrescente,Ceu Claro,Dupla,Curva,Rural,2011,2,0,0,0,2,0,0,2
1025683,15/12/2011,Quinta,10:45:00,RN,101,106.0,PARNAMIRIM,Não guardar distância de segurança,Colisão traseira,Sem Vítimas,Pleno dia,Decrescente,Ceu Claro,Dupla,Reta,Urbano,2011,2,0,0,0,2,0,0,2
1025756,15/12/2011,Quinta,15:00:00,RN,101,81.7,SAO GONCALO DO AMARANTE,Outras,Colisão lateral,Sem Vítimas,Pleno dia,Crescente,Sol,Dupla,Reta,Urbano,2011,2,0,0,0,2,0,0,2
1025757,15/12/2011,Quinta,14:30:00,RN,101,102.0,PARNAMIRIM,Não guardar distância de segurança,Colisão traseira,Com Vítimas Feridas,Pleno dia,Decrescente,Ceu Claro,Múltipla,Reta,Urbano,2011,2,0,1,0,1,0,1,2
1025777,15/12/2011,Quinta,13:30:00,RN,101,96.0,NATAL,Falta de atenção,Colisão lateral,Sem Vítimas,Pleno dia,Crescente,Ceu Claro,Múltipla,Cruzamento,Urbano,2011,2,0,0,0,2,0,0,2
1025790,15/12/2011,Quinta,22:50:00,RN,304,5.9,MOSSORO,Animais na Pista,Atropelamento de animal,Sem Vítimas,Plena noite,Crescente,Ceu Claro,Simples,Reta,Rural,2011,1,0,0,0,1,0,0,1
1025821,15/12/2011,Quinta,07:30:00,RN,226,123.9,LAJES PINTADAS,Animais na Pista,Capotamento,Sem Vítimas,Pleno dia,Crescente,Ceu Claro,Simples,Reta,Rural,2011,1,0,0,0,1,0,0,1
1025852,15/12/2011,Quinta,18:30:00,RN,226,124.5,LAJES PINTADAS,Defeito mecânico em veículo,Saída de Pista,Sem Vítimas,Plena noite,Decrescente,Ceu Claro,Simples,Reta,Rural,2011,2,0,0,0,2,0,0,1
1025997,15/12/2011,Quinta,22:50:00,RN,101,95.6,NATAL,Não guardar distância de segurança,Colisão traseira,Com Vítimas Feridas,Plena noite,Crescente,Ceu Claro,Dupla,Reta,Urbano,2011,5,0,1,2,2,0,3,4
1026143,16/12/2011,Sexta,10:10:00,RN,304,288.0,MACAIBA,Falta de atenção,Colisão traseira,Com Vítimas Feridas,Pleno dia,Decrescente,Ceu Claro,Simples,Reta,Rural,2011,2,0,0,1,1,0,1,2
1026161,16/12/2011,Sexta,10:45:00,RN,101,100.0,PARNAMIRIM,Ultrapassagem indevida,Colisão Transversal,Com Vítimas Feridas,Pleno dia,Decrescente,Ceu Claro,Dupla,Curva,Urbano,2011,2,0,0,1,1,0,1,2
1026191,16/12/2011,Sexta,14:40:00,RN,101,103.2,NATAL,Falta de atenção,Colisão traseira,Sem Vítimas,Pleno dia,Decrescente,Ceu Claro,Dupla,Reta,Urbano,2011,2,0,0,0,2,0,0,2
1026390,13/12/2011,Terça,06:30:00,RN,304,282.2,MACAIBA,Falta de atenção,Colisão Transversal,Com Vítimas Feridas,Pleno dia,Crescente,Sol,Simples,Reta,Rural,2011,3,0,1,0,2,0,1,2
1026402,16/12/2011,Sexta,18:00:00,RN,101,106.0,PARNAMIRIM,Ingestão de álcool,Colisão lateral,Sem Vítimas,Pleno dia,Crescente,Ceu Claro,Múltipla,Cruzamento,Urbano,2011,2,0,0,0,2,0,0,2