id,data_inversa,dia_semana,horario,uf,br,km,municipio,causa_acidente,tipo_acidente,classificacao_acidente,fase_dia,sentido_via,condicao_metereologica,tipo_pista,tracado_via,uso_solo,ano,pessoas,mortos,feridos_leves,feridos_graves,ilesos,ignorados,feridos,veiculos
1032333,26/12/2011,Segunda,07:30:00,RN,226,171.5,CURRAIS NOVOS,Falta de atenção,Capotamento,Com Vítimas Feridas,Pleno dia,Crescente,Ceu Claro,Simples,Reta,Rural,2011,4,0,2,0,2,0,2,1
1032373,26/12/2011,Segunda,09:50:00,RN,427,102.4,CAICO,Outras,Colisão com bicicleta,Com Vítimas Feridas,Pleno dia,Decrescente,Ceu Claro,Simples,Curva,Urbano,2011,2,0,1,0,1,0,1,2
1032419,26/12/2011,Segunda,10:30:00,RN,101,98.0,NATAL,Falta de atenção,Colisão traseira,Sem Vítimas,Pleno dia,Decrescente,Sol,Dupla,Reta,Urbano,2011,2,0,0,0,2,0,0,2
1032440,22/12/2011,Quinta,23:30:00,RN,101,94.4,NATAL,Não guardar distância de segurança,Colisão traseira,Sem Vítimas,Plena noite,Decrescente,Ceu Claro,Dupla,Curva,Urbano,2011,3,0,0,0,2,1,0,3
1032472,22/12/2011,Quinta,18:20:00,RN,226,1.7,NATAL,Não guardar distância de segurança,Colisão traseira,Sem Vítimas,Plena noite,Decrescente,Ceu Claro,Dupla,Reta,Urbano,2011,2,0,0,0,2,0,0,2
1032518,26/12/2011,Segunda,08:30:00,RN,226,2.3,NATAL,Não guardar distância de segurança,Colisão traseira,Sem Vítimas,Pleno dia,Decrescente,Sol,Simples,Reta,Urbano,2011,2,0,0,0,2,0,0,2
1032602,23/12/2011,Sexta,05:40:00,RN,226,6.0,NATAL,Falta de atenção,Colisão traseira,Sem Vítimas,Amanhecer,Decrescente,Ceu Claro,Simples,Curva,Urbano,2011,2,0,0,0,2,0,0,2
1032615,26/12/2011,Segunda,16:20:00,RN,101,97.6,NATAL,Falta de atenção,Colisão traseira,Sem Vítimas,Pleno dia,Decrescente,Sol,Dupla,Cruzamento,Urbano,2011,2,0,0,0,2,0,0,2
1032634,22/12/2011,Quinta,17:50:00,RN,226,2.0,NATAL,Falta de atenção,Colisão traseira,Sem Vítimas,Anoitecer,Crescente,Ceu Claro,Dupla,Reta,Urbano,2011,2,0,0,0,2,0,0,2
1032729,16/12/2011,Sexta,16:30:00,RN,226,289.5,CAMPO GRANDE,Outras,Capotamento,Com Vítimas Feridas,Pleno dia,Crescente,Ceu Claro,Simples,Curva,Rural,2011,3,0,1,1,1,0,2,1
1032735,24/12/2011,Sábado,05:30:00,RN,406,62.0,JANDAIRA,Ingestão de álcool,Atropelamento de pessoa,Com Vítimas Fatais,Plena noite,Decrescente,Nublado,Simples,Reta,Rural,2011,2,1,0,0,0,1,0,1
1032756,26/12/2011,Segunda,22:00:00,RN,304,295.0,MACAIBA,Outras,Capotamento,Com Vítimas Feridas,Plena noite,Crescente,Ceu Claro,Dupla,Reta,Urbano,2011,1,0,0,1,0,0,1,1
1032819,24/12/2011,Sábado,12:15:00,RN,101,99.7,NATAL,Outras,Incêndio,Sem Vítimas,Pleno dia,Crescente,Ceu Claro,Múltipla,Cruzamento,Urbano,2011,2,0,0,0,2,0,0,2
1032931,18/12/2011,Domingo,06:10:00,RN,101,80.6,SAO GONCALO DO AMARANTE,Outras,Colisão Transversal,Sem Vítimas,Pleno dia,Crescente,Ceu Claro,Dupla,Reta,Urbano,2011,2,0,0,0,2,0,0,2
1032962,27/12/2011,Terça,12:30:00,RN,304,31.5,MOSSORO,Falta de atenção,Colisão Transversal,Com Vítimas Feridas,Pleno dia,Crescente,Ceu Claro,Simples,Reta,Urbano,2011,2,0,1,0,1,0,1,2
1033040,26/12/2011,Segunda,06:40:00,RN,304,295.6,MACAIBA,Não guardar distância de segurança,Colisão traseira,Sem Vítimas,Pleno dia,Crescente,Nublado,Simples,Reta,Rural,2011,2,0,0,0,2,0,0,2
1033051,21/12/2011,Quarta,14:00:00,RN,101,159.8,CANGUARETAMA,Outras,Colisão lateral,Sem Vítimas,Pleno dia,Crescente,Sol,Dupla,Reta,Urbano,2011,2,0,0,0,2,0,0,2
1033081,21/12/2011,Quarta,22:30:00,RN,101,99.9,NATAL,Não guardar distância de segurança,Colisão traseira,Sem Vítimas,Plena noite,Crescente,Ceu Claro,Múltipla,Cruzamento,Urbano,2011,3,0,0,0,3,0,0,3
1033265,27/12/2011,Terça,18:50:00,RN,101,101.9,PARNAMIRIM,Falta de atenção,Colisão lateral,Sem Vítimas,Plena noite,Crescente,Ceu Claro,Dupla,Cruzamento,Urbano,2011,2,0,0,0,1,1,0,2
1033345,24/12/2011,Sábado,20:15:00,RN,101,131.0,SAO JOSE DE MIPIBU,Defeito mecânico em veículo,Saída de Pista,Sem Vítimas,Plena noite,Decrescente,Ceu Claro,Dupla,Reta,Rural,2011,1,0,0,0,1,0,0,1
1033364,27/12/2011,Terça,15:30:00,RN,101,66.5,EXTREMOZ,Outras,Colisão Transversal,Com Vítimas Feridas,Pleno dia,Decrescente,Ceu Claro,Simples,Cruzamento,Rural,2011,2,0,0,1,1,0,1,2
1033417,23/12/2011,Sexta,08:50:00,RN,101,95.2,NATAL,Outras,Colisão traseira,Sem Vítimas,Pleno dia,Crescente,Sol,Simples,Reta,Urbano,2011,2,0,0,0,2,0,0,2
1033512,24/12/2011,Sábado,06:00:00,RN,101,104.6,PARNAMIRIM,Ingestão de álcool,Colisão traseira,Com Vítimas Feridas,Amanhecer,Crescente,Sol,Dupla,Cruzamento,Urbano,2011,2,0,1,0,1,0,1,2
1033535,24/12/2011,Sábado,10:10:00,RN,101,126.6,SAO JOSE DE MIPIBU,Outras,Queda de motocicleta / bicicleta / veículo,Com Vítimas Feridas,Pleno dia,Decrescente,Ceu Claro,Dupla,Reta,Urbano,2011,2,0,1,0,0,1,1,2
1033580,25/12/2011,Domingo,03:15:00,RN,101,100.4,PARNAMIRIM,Não guardar distância de segurança,Colisão traseira,Sem Vítimas,Plena noite,Crescente,Chuva,Dupla,Reta,Urbano,2011,2,0,0,0,1,1,0,2
1033594,28/12/2011,Quarta,09:30:00,RN,427,28.0,ACARI,Falta de atenção,Colisão Transversal,Sem Vítimas,Pleno dia,Crescente,Ceu Claro,Simples,Reta,Urbano,2011,2,0,0,0,2,0,0,2
1033650,28/12/2011,Quarta,12:20:00,RN,406,149.0,CEARA-MIRIM,Falta de atenção,Colisão traseira,Sem Vítimas,Pleno dia,Decrescente,Ceu Claro,Simples,Reta,Urbano,2011,2,0,0,0,2,0,0,2
1033665,28/12/2011,Quarta,11:00:00,RN,101,85.0,SAO GONCALO DO AMARANTE,Falta de atenção,Colisão traseira,Sem Vítimas,Pleno dia,Decrescente,Ceu Claro,Dupla,Reta,Urbano,2011,2,0,0,0,2,0,0,2
1033667,28/12/2011,Quarta,08:30:00,RN,226,45.3,BOM JESUS,Outras,Colisão traseira,Com Vítimas Feridas,Pleno dia,Decrescente,Ceu Claro,Simples,Reta,Rural,2011,4,0,1,0,3,0,1,3
1033797,28/12/2011,Quarta,15:52:00,RN,226,106.5,SANTA CRUZ,Ultrapassagem indevida,Saída de Pista,Sem Vítimas,Pleno dia,Crescente,Ceu Claro,Simples,Reta,Rural,2011,2,0,0,0,1,1,0,2
1033833,28/12/2011,Quarta,16:15:00,RN,101,78.0,NATAL,Outras,Colisão Transversal,Com Vítimas Feridas,Pleno dia,Decrescente,Ceu Claro,Dupla,Reta,Urbano,2011,2,0,1,0,1,0,1,2
1033858,28/12/2011,Quarta,14:40:00,RN,101,96.8,NATAL,Não guardar distância de segurança,Colisão traseira,Sem Vítimas,Pleno dia,Decrescente,Ceu Claro,Dupla,Reta,Urbano,2011,2,0,0,0,2,0,0,2
1033887,28/12/2011,Quarta,14:40:00,RN,101,96.8,NATAL,Não guardar distância de segurança,Colisão traseira,Sem Vítimas,Pleno dia,Decrescente,Ceu Claro,Dupla,Reta,Urbano,2011,2,0,0,0,2,0,0,2
1033977,28/12/2011,Quarta,17:00:00,RN,110,25.3,AREIA BRANCA,Defeito mecânico em veículo,Tombamento,Sem Vítimas,Pleno dia,Crescente,Ceu Claro,Simples,Reta,Urbano,2011,1,0,0,0,1,0,0,1
1034001,29/12/2011,Quinta,02:00:00,RN,101,107.3,PARNAMIRIM,Desobediência à sinalização,Colisão Transversal,Sem Vítimas,Plena noite,Decrescente,Nublado,Dupla,Cruzamento,Urbano,2011,2,0,0,0,2,0,0,2
1034010,29/12/2011,Quinta,01:15:00,RN,101,107.3,PARNAMIRIM,Falta de atenção,Colisão traseira,Sem Vítimas,Plena noite,Decrescente,Nublado,Dupla,Cruzamento,Urbano,2011,2,0,0,0,2,0,0,2
1034289,26/12/2011,Segunda,05:20:00,RN,406,145.0,CEARA-MIRIM,Falta de atenção,Colisão Transversal,Sem Vítimas,Pleno dia,Crescente,Ceu Claro,Simples,Reta,Urbano,2011,2,0,0,0,2,0,0,2
1034290,19/12/2011,Segunda,09:30:00,RN,101,106.7,PARNAMIRIM,Falta de atenção,Colisão traseira,Sem Vítimas,Pleno dia,Decrescente,Ceu Claro,Dupla,Reta,Urbano,2011,2,0,0,0,2,0,0,2
1034321,29/12/2011,Quinta,10:20:00,RN,304,238.7,RIACHUELO,Outras,Colisão Transversal,Sem Vítimas,Pleno dia,Crescente,Ceu Claro,Simples,Reta,Rural,2011,3,0,0,0,3,0,0,3
1034344,29/12/2011,Quinta,12:00:00,RN,101,100.2,NATAL,Falta de atenção,Colisão lateral,Sem Vítimas,Pleno dia,Crescente,Sol,Dupla,Reta,Urbano,2011,2,0,0,0,2,0,0,2
1034411,29/12/2011,Quinta,17:10:00,RN,101,99.8,NATAL,Outras,Colisão lateral,Sem Vítimas,Pleno dia,Crescente,Ceu Claro,Múltipla,Reta,Urbano,2011,2,0,0,0,1,1,0,2
1034465,29/12/2011,Quinta,18:15:00,RN,101,102.0,PARNAMIRIM,Ingestão de álcool,Colisão traseira,Sem Vítimas,Amanhecer,Decrescente,Ceu Claro,Múltipla,Reta,Urbano,2011,3,0,0,0,3,0,0,3
1034468,27/12/2011,Terça,17:45:00,RN,226,132.6,CAMPO REDONDO,Outras,Colisão frontal,Com Vítimas Fatais,Anoitecer,Crescente,Ceu Claro,Simples,Reta,Rural,2011,2,1,0,0,1,0,0,2
1034477,29/12/2011,Quinta,06:00:00,RN,406,0.0,SAO GONCALO DO AMARANTE,Falta de atenção,Colisão lateral,Com Vítimas Feridas,Pleno dia,Crescente,Chuva,Simples,Reta,Rural,2011,3,0,1,0,2,0,1,3
1034580,29/12/2011,Quinta,22:30:00,RN,110,48.7,MOSSORO,Falta de atenção,Colisão Transversal,Com Vítimas Feridas,Plena noite,Crescente,Ceu Claro,Simples,Reta,Urbano,2011,2,0,1,0,1,0,1,2
1034609,29/12/2011,Quinta,17:00:00,RN,101,101.8,PARNAMIRIM,Não guardar distância de segurança,Colisão traseira,Com Vítimas Feridas,Pleno dia,Crescente,Ceu Claro,Dupla,Cruzamento,Urbano,2011,3,0,2,0,1,0,2,2
1034630,29/12/2011,Quinta,18:30:00,RN,101,119.5,SAO JOSE DE MIPIBU,Falta de atenção,Atropelamento de pessoa,Com Vítimas Fatais,Plena noite,Crescente,Ceu Claro,Dupla,Reta,Rural,2011,3,1,0,2,0,0,2,1
1034758,22/12/2011,Quinta,12:10:00,RN,101,84.2,SAO GONCALO DO AMARANTE,Não guardar distância de segurança,Colisão traseira,Sem Vítimas,Pleno dia,Crescente,Sol,Dupla,Reta,Urbano,2011,4,0,0,0,4,0,0,4
1034788,28/12/2011,Quarta,06:20:00,RN,427,0.9,CURRAIS NOVOS,Falta de atenção,Colisão traseira,Sem Vítimas,Pleno dia,Decrescente,Ceu Claro,Simples,Reta,Urbano,2011,2,0,0,0,1,1,0,2
1034833,30/12/2011,Sexta,10:50:00,RN,304,34.2,MOSSORO,Falta de atenção,Colisão traseira,Sem Vítimas,Pleno dia,Crescente,Sol,Simples,Reta,Urbano,2011,2,0,0,0,2,0,0,2
1034891,29/12/2011,Quinta,22:35:00,RN,101,99.2,NATAL,Outras,Atropelamento de pessoa,Com Vítimas Feridas,Plena noite,Crescente,Ceu Claro,Dupla,Reta,Urbano,2011,2,0,0,1,1,0,1,1
1034902,30/12/2011,Sexta,15:40:00,RN,304,282.0,MACAIBA,Falta de atenção,Colisão lateral,Sem Vítimas,Pleno dia,Decrescente,Ceu Claro,Simples,Reta,Rural,2011,2,0,0,0,2,0,0,2
1034950,30/12/2011,Sexta,08:00:00,RN,101,97.5,NATAL,Falta de atenção,Colisão lateral,Sem Vítimas,Pleno dia,Decrescente,Ceu Claro,Dupla,Cruzamento,Urbano,2011,2,0,0,0,2,0,0,2
1034955,30/12/2011,Sexta,17:10:00,RN,101,105.7,PARNAMIRIM,Dormindo,Colisão traseira,Sem Vítimas,Pleno dia,Crescente,Ceu Claro,Dupla,Cruzamento,Urbano,2011,2,0,0,0,2,0,0,2
1034999,30/12/2011,Sexta,10:00:00,RN,101,102.7,PARNAMIRIM,Falta de atenção,Colisão traseira,Com Vítimas Feridas,Pleno dia,Crescente,Ceu Claro,Dupla,Cruzamento,Urbano,2011,2,0,0,1,1,0,1,2
1035002,30/12/2011,Sexta,15:00:00,RN,101,137.0,SAO JOSE DE MIPIBU,Outras,Capotamento,Com Vítimas Feridas,Pleno dia,Crescente,Ceu Claro,Dupla,Curva,Rural,2011,1,0,1,0,0,0,1,1
1035063,30/12/2011,Sexta,16:50:00,RN,304,34.2,MOSSORO,Falta de atenção,Colisão traseira,Sem Vítimas,Pleno dia,Crescente,Ceu Claro,Simples,Cruzamento,Urbano,2011,2,0,0,0,2,0,0,2
1035135,30/12/2011,Sexta,15:10:00,RN,427,7.7,CURRAIS NOVOS,Falta de atenção,Colisão com objeto fixo,Com Vítimas Feridas,Pleno dia,Crescente,Ceu Claro,Simples,Curva,Rural,2011,2,0,1,1,0,0,2,1
1035365,31/12/2011,Sábado,10:00:00,RN,101,58.4,CEARA-MIRIM,Não guardar distância de segurança,Colisão traseira,Sem Vítimas,Pleno dia,Crescente,Ceu Claro,Simples,Reta,Rural,2011,2,0,0,0,2,0,0,2
1035515,26/12/2011,Segunda,00:40:00,RN,304,25.0,MOSSORO,Falta de atenção,Queda de motocicleta / bicicleta / veículo,Com Vítimas Feridas,Plena noite,Decrescente,Ceu Claro,Simples,Reta,Rural,2011,1,0,1,0,0,0,1,1
1035526,22/12/2011,Quinta,18:15:00,RN,304,74.4,MOSSORO,Animais na Pista,Atropelamento de animal,Sem Vítimas,Plena noite,Decrescente,Ceu Claro,Simples,Reta,Rural,2011,1,0,0,0,1,0,0,1
1035537,16/10/2011,Domingo,15:00:00,RN,427,81.7,CAICO,Outras,Tombamento,Com Vítimas Feridas,Pleno dia,Crescente,Nublado,Simples,Curva,Rural,2011,20,0,3,14,1,2,17,1
1035728,31/12/2011,Sábado,20:20:00,RN,101,95.5,NATAL,Ingestão de álcool,Colisão traseira,Sem Vítimas,Plena noite,Crescente,Ceu Claro,Múltipla,Cruzamento,Urbano,2011,2,0,0,0,2,0,0,2
1036002,30/12/2011,Sexta,18:00:00,RN,101,99.8,PARNAMIRIM,Falta de atenção,Colisão lateral,Sem Vítimas,Anoitecer,Decrescente,Ceu Claro,Dupla,Reta,Urbano,2011,2,0,0,0,2,0,0,2
1036063,30/12/2011,Sexta,04:00:00,RN,427,54.5,JARDIM DO SERIDO,Ingestão de álcool,Saída de Pista,Sem Vítimas,Amanhecer,Crescente,Ceu Claro,Simples,Reta,Urbano,2011,1,0,0,0,1,0,0,1
1036160,29/12/2011,Quinta,17:40:00,RN,101,151.2,GOIANINHA,Falta de atenção,Colisão Transversal,Com Vítimas Fatais,Anoitecer,Crescente,Ceu Claro,Dupla,Reta,Rural,2011,2,1,0,0,1,0,0,2
1036279,30/12/2011,Sexta,18:45:00,RN,101,94.5,NATAL,Falta de atenção,Colisão traseira,Sem Vítimas,Anoitecer,Crescente,Ceu Claro,Dupla,Reta,Urbano,2011,2,0,0,0,2,0,0,2
1036383,30/12/2011,Sexta,09:10:00,RN,110,49.0,MOSSORO,Outras,Atropelamento de pessoa,Com Vítimas Feridas,Pleno dia,Decrescente,Ceu Claro,Simples,Reta,Urbano,2011,2,0,0,1,1,0,1,1
1036633,25/12/2011,Domingo,19:15:00,RN,304,297.7,MACAIBA,Falta de atenção,Colisão traseira,Sem Vítimas,Plena noite,Crescente,Ceu Claro,Dupla,Cruzamento,Urbano,2011,2,0,0,0,2,0,0,2
1036775,31/12/2011,Sábado,03:30:00,RN,405,158.3,PAU DOS FERROS,Outras,Colisão frontal,Com Vítimas Fatais,Plena noite,Crescente,Ceu Claro,Simples,Reta,Rural,2011,2,1,0,0,0,1,0,2
1036850,31/12/2011,Sábado,08:00:00,RN,427,55.0,JARDIM DO SERIDO,Não guardar distância de segurança,Colisão traseira,Com Vítimas Feridas,Pleno dia,Crescente,Ceu Claro,Simples,Reta,Urbano,2011,3,0,1,1,0,1,2,2
1036952,30/12/2011,Sexta,16:20:00,RN,101,104.9,PARNAMIRIM,Falta de atenção,Colisão traseira,Sem Vítimas,Pleno dia,Crescente,Ceu Claro,Dupla,Reta,Urbano,2011,2,0,0,0,2,0,0,2
1037190,30/12/2011,Sexta,14:20:00,RN,101,99.8,NATAL,Falta de atenção,Colisão lateral,Sem Vítimas,Pleno dia,Crescente,Ceu Claro,Dupla,Reta,Urbano,2011,2,0,0,0,2,0,0,2
1037225,30/12/2011,Sexta,20:30:00,RN,304,38.4,MOSSORO,Falta de atenção,Colisão Transversal,Com Vítimas Feridas,Plena noite,Decrescente,Ceu Claro,Simples,Reta,Urbano,2011,3,0,1,1,1,0,2,2
1037607,26/12/2011,Segunda,15:30:00,RN,406,140.0,CEARA-MIRIM,Outras,Capotamento,Com Vítimas Feridas,Pleno dia,Crescente,Ceu Claro,Simples,Reta,Rural,2011,6,0,1,3,2,0,4,2
1037671,29/12/2011,Quinta,13:15:00,RN,304,35.2,MOSSORO,Falta de atenção,Colisão Transversal,Com Vítimas Feridas,Pleno dia,Decrescente,Ceu Claro,Múltipla,Reta,Urbano,2011,2,0,1,0,1,0,1,2
1038040,30/12/2011,Sexta,11:30:00,RN,101,84.0,NATAL,Não guardar distância de segurança,Colisão traseira,Sem Vítimas,Plena noite,Decrescente,Ceu Claro,Dupla,Reta,Urbano,2011,2,0,0,0,2,0,0,2
1042350,18/09/2011,Domingo,15:25:00,RN,304,37.5,MOSSORO,Desobediência à sinalização,Colisão Transversal,Com Vítimas Fatais,Pleno dia,Crescente,Sol,Simples,Reta,Urbano,2011,2,1,1,0,0,0,1,2
1042387,31/12/2011,Sábado,19:15:00,RN,101,77.5,NATAL,Falta de atenção,Colisão Transversal,Sem Vítimas,Plena noite,Decrescente,Ceu Claro,Dupla,Reta,Urbano,2011,4,0,0,0,4,0,0,2
1047706,01/05/2011,Domingo,18:40:00,RN,304,0.0,MOSSORO,Falta de atenção,Colisão lateral,Sem Vítimas,Plena noite,Crescente,Nublado,Simples,Reta,Urbano,2011,2,0,0,0,2,0,0,2
1048207,16/09/2011,Sexta,08:50:00,RN,101,84.8,SAO GONCALO DO AMARANTE,Outras,Colisão lateral,Sem Vítimas,Pleno dia,Crescente,Ceu Claro,Múltipla,Reta,Urbano,2011,2,0,0,0,2,0,0,2
1049059,29/12/2011,Quinta,08:10:00,RN,406,165.5,SAO GONCALO DO AMARANTE,Falta de atenção,Colisão Transversal,Sem Vítimas,Pleno dia,Crescente,Sol,Simples,Reta,Rural,2011,2,0,0,0,2,0,0,2
1053639,10/12/2011,Sábado,13:30:00,RN,101,96.4,NATAL,Outras,Colisão com objeto fixo,Com Vítimas Feridas,Pleno dia,Crescente,Ceu Claro,Dupla,Reta,Urbano,2011,5,0,2,1,2,0,3,4
1060784,11/11/2011,Sexta,13:20:00,RN,304,46.8,MOSSORO,Não guardar distância de segurança,Colisão traseira,Sem Vítimas,Pleno dia,Decrescente,Ceu Claro,Dupla,Reta,Urbano,2011,2,0,0,0,2,0,0,2
1060860,18/11/2011,Sexta,11:15:00,RN,304,34.4,MOSSORO,Não guardar distância de segurança,Colisão traseira,Com Vítimas Feridas,Pleno dia,Crescente,Ceu Claro,Simples,Reta,Urbano,2011,7,0,2,0,5,0,2,6
1070407,05/11/2011,Sábado,11:00:00,RN,304,287.6,MACAIBA,Desobediência à sinalização,Colisão lateral,Sem Vítimas,Pleno dia,Crescente,Ceu Claro,Simples,Reta,Rural,2011,2,0,0,0,2,0,0,2
1075712,24/12/2011,Sábado,11:10:00,RN,226,97.5,SANTA CRUZ,Outras,Incêndio,Sem Vítimas,Pleno dia,Crescente,Ceu Claro,Simples,Reta,Rural,2011,15,0,0,0,15,0,0,1
1081208,05/12/2011,Segunda,10:25:00,RN,226,4.1,NATAL,Outras,Colisão Transversal,Com Vítimas Feridas,Pleno dia,Crescente,Sol,Simples,Curva,Urbano,2011,3,0,0,1,2,0,1,2
1085659,08/10/2011,Sábado,18:15:00,RN,226,1.7,NATAL,Outras,Atropelamento de pessoa,Com Vítimas Feridas,Anoitecer,Crescente,Ignorada,Simples,Curva,Urbano,2011,2,0,0,1,1,0,1,1
1089115,16/10/2011,Domingo,17:30:00,RN,406,162.0,SAO GONCALO DO AMARANTE,Falta de atenção,Colisão Transversal,Sem Vítimas,Anoitecer,Decrescente,Ceu Claro,Simples,Reta,Rural,2011,2,0,0,0,2,0,0,2
1099510,07/11/2011,Segunda,12:45:00,RN,304,299.9,MACAIBA,Outras,Colisão Transversal,Com Vítimas Fatais,Pleno dia,Crescente,Sol,Dupla,Reta,Rural,2011,2,1,0,0,1,0,0,2
1107480,11/05/2011,Quarta,16:50:00,RN,304,296.7,MACAIBA,Outras,Colisão Transversal,Com Vítimas Feridas,Pleno dia,Decrescente,Sol,Simples,Cruzamento,Urbano,2011,3,0,0,1,2,0,1,2
1110251,24/05/2011,Terça,09:30:00,RN,101,123.1,SAO JOSE DE MIPIBU,Falta de atenção,Colisão traseira,Sem Vítimas,Pleno dia,Decrescente,Sol,Múltipla,Reta,Urbano,2011,2,0,0,0,2,0,0,2
1144476,01/11/2011,Terça,20:00:00,RN,405,168.0,JOSE DA PENHA,Outras,Atropelamento de pessoa,Com Vítimas Fatais,Plena noite,Crescente,Ceu Claro,Simples,Reta,Urbano,2011,2,1,0,0,1,0,0,1
1157925,12/08/2011,Sexta,15:00:00,RN,226,289.6,CAMPO GRANDE,Outras,Saída de Pista,Com Vítimas Feridas,Pleno dia,Crescente,Ceu Claro,Simples,Curva,Rural,2011,2,0,0,2,0,0,2,1
1201897,29/11/2011,Terça,15:30:00,RN,101,153.5,GOIANINHA,Falta de atenção,Capotamento,Com Vítimas Feridas,Pleno dia,Decrescente,Ceu Claro,Dupla,Reta,Urbano,2011,3,0,2,0,1,0,2,1
1217221,28/10/2011,Sexta,12:20:00,RN,304,85.0,LAJES,Outras,Saída de Pista,Com Vítimas Feridas,Pleno dia,Crescente,Sol,Simples,Reta,Rural,2011,1,0,0,1,0,0,1,1
1218644,15/12/2011,Quinta,16:50:00,RN,304,287.3,MACAIBA,Outras,Colisão Transversal,Com Vítimas Feridas,Pleno dia,Crescente,Ceu Claro,Simples,Reta,Rural,2011,3,0,2,0,1,0,2,3
1273047,27/12/2011,Terça,08:10:00,RN,304,39.8,MOSSORO,Ultrapassagem indevida,Capotamento,Com Vítimas Feridas,Pleno dia,Decrescente,Sol,Simples,Curva,Urbano,2011,5,0,2,0,1,2,2,3
1330923,12/06/2011,Domingo,08:30:00,RN,101,109.3,PARNAMIRIM,Falta de atenção,Colisão com bicicleta,Com Vítimas Feridas,Pleno dia,Crescente,Ceu Claro,Múltipla,Curva,Urbano,2011,3,0,0,1,2,0,1,3
1337546,22/10/2011,Sábado,15:40:00,RN,101,167.7,CANGUARETAMA,Falta de atenção,Colisão traseira,Com Vítimas Feridas,Pleno dia,Crescente,Ceu Claro,Dupla,Reta,Rural,2011,6,0,5,0,1,0,5,2
830584,01/01/2011,Sábado,10:50:00,RN,110,49.7,MOSSORO,Outras,Colisão lateral,Sem Vítimas,Pleno dia,Decrescente,Ceu Claro,Múltipla,Reta,Urbano,2011,2,0,0,0,2,0,0,2
830593,01/01/2011,Sábado,12:20:00,RN,101,75.0,NATAL,Falta de atenção,Colisão lateral,Com Vítimas Feridas,Pleno dia,Decrescente,Ceu Claro,Dupla,Cruzamento,Rural,2011,2,0,1,0,1,0,1,2
830608,01/01/2011,Sábado,15:00:00,RN,304,24.0,MOSSORO,Falta de atenção,Colisão traseira,Sem Vítimas,Pleno dia,Crescente,Sol,Simples,Cruzamento,Rural,2011,2,0,0,0,2,0,0,2
830697,01/01/2011,Sábado,13:00:00,RN,405,121.7,SAO FRANCISCO DO OESTE,Falta de atenção,Capotamento,Sem Vítimas,Pleno dia,Crescente,Sol,Simples,Curva,Rural,2011,1,0,0,0,1,0,0,1
830818,01/01/2011,Sábado,21:30:00,RN,101,109.8,PARNAMIRIM,Outras,Queda de motocicleta / bicicleta / veículo,Com Vítimas Feridas,Plena noite,Decrescente,Ceu Claro,Simples,Cruzamento,Urbano,2011,1,0,1,0,0,0,1,1
830972,02/01/2011,Domingo,07:10:00,RN,101,101.5,PARNAMIRIM,Ingestão de álcool,Atropelamento de pessoa,Com Vítimas Feridas,Pleno dia,Crescente,Sol,Múltipla,Curva,Urbano,2011,3,0,2,0,1,0,2,1
831052,02/01/2011,Domingo,13:00:00,RN,101,123.0,SAO JOSE DE MIPIBU,Falta de atenção,Colisão traseira,Sem Vítimas,Pleno dia,Decrescente,Sol,Dupla,Reta,Urbano,2011,2,0,0,0,2,0,0,2
831059,02/01/2011,Domingo,12:20:00,RN,101,68.7,EXTREMOZ,Outras,Colisão Transversal,Sem Vítimas,Pleno dia,Crescente,Ceu Claro,Simples,Reta,Rural,2011,2,0,0,0,2,0,0,2
831202,02/01/2011,Domingo,16:39:00,RN,304,294.0,MACAIBA,Falta de atenção,Colisão traseira,Sem Vítimas,Pleno dia,Crescente,Sol,Simples,Reta,Urbano,2011,5,0,0,0,5,0,0,5
831224,02/01/2011,Domingo,17:50:00,RN,304,297.3,MACAIBA,Outras,Colisão Transversal,Sem Vítimas,Anoitecer,Decrescente,Ceu Claro,Simples,Reta,Urbano,2011,2,0,0,0,1,1,0,2
831345,02/01/2011,Domingo,19:30:00,RN,101,64.0,CEARA-MIRIM,Não guardar distância de segurança,Colisão traseira,Sem Vítimas,Plena noite,Crescente,Ceu Claro,Simples,Reta,Urbano,2011,2,0,0,0,2,0,0,2
831377,01/01/2011,Sábado,02:40:00,RN,226,2.7,NATAL,Ultrapassagem indevida,Colisão Transversal,Com Vítimas Feridas,Plena noite,Decrescente,Ceu Claro,Simples,Reta,Urbano,2011,3,0,2,0,1,0,2,2
831471,02/01/2011,Domingo,16:20:00,RN,304,74.1,MOSSORO,Outras,Colisão lateral,Sem Vítimas,Pleno dia,Decrescente,Sol,Simples,Reta,Rural,2011,2,0,0,0,1,1,0,2
831701,03/01/2011,Segunda,10:30:00,RN,304,33.0,MOSSORO,Não guardar distância de segurança,Colisão traseira,Sem Vítimas,Pleno dia,Crescente,Ceu Claro,Simples,Reta,Urbano,2011,2,0,0,0,2,0,0,2
831709,03/01/2011,Segunda,11:30:00,RN,304,295.7,MACAIBA,Falta de atenção,Colisão traseira,Sem Vítimas,Pleno dia,Crescente,Sol,Simples,Reta,Urbano,2011,2,0,0,0,2,0,0,2