id,data_inversa,dia_semana,horario,uf,br,km,municipio,causa_acidente,tipo_acidente,classificacao_acidente,fase_dia,sentido_via,condicao_metereologica,tipo_pista,tracado_via,uso_solo,ano,pessoas,mortos,feridos_leves,feridos_graves,ilesos,ignorados,feridos,veiculos
831812,03/01/2011,Segunda,10:00:00,RN,406,150.0,CEARA-MIRIM,Não guardar distância de segurança,Colisão traseira,Sem Vítimas,Pleno dia,Crescente,Sol,Simples,Reta,Urbano,2011,2,0,0,0,2,0,0,2
83189634,25/12/2011,Domingo,20:15:00,RN,405,43.1,MOSSORO,Outras,Capotamento,Com Vítimas Feridas,Plena noite,Crescente,Ceu Claro,Simples,Reta,Rural,2011,18,0,13,1,4,0,14,1
831908,03/01/2011,Segunda,15:20:00,RN,101,107.2,PARNAMIRIM,Falta de atenção,Colisão traseira,Sem Vítimas,Pleno dia,Decrescente,Ceu Claro,Dupla,Reta,Urbano,2011,2,0,0,0,2,0,0,2
832196,03/01/2011,Segunda,07:45:00,RN,304,32.4,MOSSORO,Não guardar distância de segurança,Colisão traseira,Sem Vítimas,Pleno dia,Crescente,Sol,Simples,Reta,Urbano,2011,3,0,0,0,3,0,0,3
832504,02/01/2011,Domingo,16:00:00,RN,101,85.5,NATAL,Falta de atenção,Colisão traseira,Com Vítimas Feridas,Pleno dia,Decrescente,Ceu Claro,Dupla,Reta,Urbano,2011,4,0,2,0,2,0,2,3
832529,04/01/2011,Terça,11:20:00,RN,226,214.5,FLORANIA,Falta de atenção,Capotamento,Sem Vítimas,Pleno dia,Decrescente,Nublado,Simples,Curva,Rural,2011,1,0,0,0,1,0,0,1
832626,04/01/2011,Terça,16:45:00,RN,101,75.6,NATAL,Outras,Colisão frontal,Com Vítimas Feridas,Pleno dia,Decrescente,Nublado,Dupla,Reta,Rural,2011,4,0,1,0,3,0,1,3
832647,04/01/2011,Terça,13:10:00,RN,101,99.9,NATAL,Outras,Colisão traseira,Sem Vítimas,Pleno dia,Crescente,Nublado,Dupla,Cruzamento,Urbano,2011,2,0,0,0,1,1,0,2
832672,04/01/2011,Terça,14:03:00,RN,101,99.9,NATAL,Falta de atenção,Colisão traseira,Sem Vítimas,Pleno dia,Crescente,Chuva,Múltipla,Reta,Urbano,2011,2,0,0,0,2,0,0,2
832714,03/01/2011,Segunda,09:30:00,RN,304,45.4,MOSSORO,Não guardar distância de segurança,Colisão traseira,Sem Vítimas,Pleno dia,Crescente,Sol,Simples,Reta,Urbano,2011,2,0,0,0,2,0,0,2
832715,04/01/2011,Terça,18:30:00,RN,101,123.8,SAO JOSE DE MIPIBU,Falta de atenção,Colisão traseira,Sem Vítimas,Plena noite,Decrescente,Chuva,Dupla,Reta,Urbano,2011,2,0,0,0,2,0,0,2
832723,04/01/2011,Terça,13:40:00,RN,101,98.0,NATAL,Falta de atenção,Colisão traseira,Sem Vítimas,Pleno dia,Decrescente,Nublado,Múltipla,Reta,Urbano,2011,2,0,0,0,2,0,0,2
832764,03/01/2011,Segunda,21:00:00,RN,406,102.0,JOAO CAMARA,Outras,Capotamento,Ignorado,Plena noite,Decrescente,Ceu Claro,Simples,Reta,Urbano,2011,1,0,0,0,0,1,0,1
832843,04/01/2011,Terça,08:10:00,RN,101,142.2,ARES,Outras,Saída de Pista,Sem Vítimas,Pleno dia,Decrescente,Chuva,Dupla,Reta,Rural,2011,1,0,0,0,1,0,0,1
832852,04/01/2011,Terça,10:30:00,RN,101,110.8,PARNAMIRIM,Desobediência à sinalização,Colisão Transversal,Sem Vítimas,Pleno dia,Decrescente,Chuva,Dupla,Cruzamento,Rural,2011,2,0,0,0,1,1,0,2
832858,04/01/2011,Terça,17:55:00,RN,101,96.3,NATAL,Falta de atenção,Colisão traseira,Sem Vítimas,Anoitecer,Crescente,Chuva,Múltipla,Reta,Urbano,2011,3,0,0,0,2,0,0,2
832867,04/01/2011,Terça,14:30:00,RN,226,146.1,CURRAIS NOVOS,Defeito mecânico em veículo,Capotamento,Com Vítimas Feridas,Pleno dia,Decrescente,Nublado,Simples,Reta,Rural,2011,2,0,2,0,0,0,2,1
833051,05/01/2011,Quarta,09:50:00,RN,304,83.2,MOSSORO,Falta de atenção,Colisão lateral,Com Vítimas Feridas,Pleno dia,Decrescente,Sol,Simples,Reta,Rural,2011,2,0,1,0,1,0,1,2
833128,02/01/2011,Domingo,06:20:00,RN,304,296.0,MACAIBA,Não guardar distância de segurança,Colisão traseira,Sem Vítimas,Pleno dia,Crescente,Ceu Claro,Simples,Reta,Urbano,2011,2,0,0,0,1,1,0,2
833151,05/01/2011,Quarta,10:25:00,RN,101,99.0,NATAL,Outras,Colisão traseira,Sem Vítimas,Pleno dia,Decrescente,Sol,Dupla,Reta,Urbano,2011,2,0,0,0,2,0,0,2
833164,04/01/2011,Terça,19:35:00,RN,226,114.3,SANTA CRUZ,Outras,Capotamento,Sem Vítimas,Anoitecer,Decrescente,Chuva,Simples,Curva,Rural,2011,1,0,0,0,1,0,0,1
833242,04/01/2011,Terça,16:00:00,RN,304,83.5,MOSSORO,Outras,Tombamento,Com Vítimas Feridas,Plena noite,Crescente,Ceu Claro,Simples,Reta,Rural,2011,1,0,1,0,0,0,1,1
833256,05/01/2011,Quarta,12:30:00,RN,304,113.8,ASSU,Outras,Colisão Transversal,Com Vítimas Feridas,Pleno dia,Crescente,Sol,Simples,Cruzamento,Rural,2011,4,0,2,2,0,0,4,2
833356,05/01/2011,Quarta,14:50:00,RN,101,100.1,PARNAMIRIM,Outras,Colisão traseira,Sem Vítimas,Pleno dia,Crescente,Sol,Dupla,Reta,Urbano,2011,3,0,0,0,3,0,0,3
833510,05/01/2011,Quarta,18:18:00,RN,304,102.3,ASSU,Não guardar distância de segurança,Colisão traseira,Sem Vítimas,Plena noite,Crescente,Ceu Claro,Simples,Reta,Rural,2011,6,0,0,0,6,0,0,6
833557,06/01/2011,Quinta,05:10:00,RN,101,101.9,PARNAMIRIM,Outras,Colisão traseira,Sem Vítimas,Amanhecer,Crescente,Nevoeiro/neblina,Dupla,Cruzamento,Urbano,2011,2,0,0,0,2,0,0,2
833558,05/01/2011,Quarta,17:30:00,RN,226,113.0,SANTA CRUZ,Falta de atenção,Colisão lateral,Com Vítimas Feridas,Pleno dia,Crescente,Ceu Claro,Simples,Reta,Urbano,2011,3,0,1,0,2,0,1,2
833574,01/01/2011,Sábado,10:30:00,RN,304,29.3,MOSSORO,Outras,Queda de motocicleta / bicicleta / veículo,Com Vítimas Feridas,Pleno dia,Crescente,Sol,Simples,Reta,Urbano,2011,1,0,1,0,0,0,1,1
833622,02/01/2011,Domingo,18:20:00,RN,304,33.9,MOSSORO,Ingestão de álcool,Colisão traseira,Com Vítimas Feridas,Anoitecer,Crescente,Ceu Claro,Simples,Reta,Urbano,2011,2,0,1,0,1,0,1,2
833748,06/01/2011,Quinta,08:00:00,RN,101,108.0,PARNAMIRIM,Outras,Saída de Pista,Sem Vítimas,Pleno dia,Decrescente,Chuva,Dupla,Reta,Urbano,2011,2,0,0,0,2,0,0,2
833749,01/01/2011,Sábado,19:00:00,RN,405,184.8,MAJOR SALES,Outras,Colisão frontal,Sem Vítimas,Plena noite,Crescente,Ignorada,Simples,Reta,Rural,2011,2,0,0,0,2,0,0,2
833785,06/01/2011,Quinta,12:15:00,RN,101,130.0,SAO JOSE DE MIPIBU,Velocidade incompatível,Capotamento,Sem Vítimas,Pleno dia,Decrescente,Chuva,Dupla,Reta,Urbano,2011,1,0,0,0,1,0,0,1
833814,06/01/2011,Quinta,07:20:00,RN,101,169.3,CANGUARETAMA,Ultrapassagem indevida,Colisão frontal,Com Vítimas Feridas,Pleno dia,Decrescente,Chuva,Múltipla,Reta,Rural,2011,6,0,3,0,3,0,3,4
833850,06/01/2011,Quinta,14:50:00,RN,110,46.0,MOSSORO,Falta de atenção,Tombamento,Sem Vítimas,Pleno dia,Crescente,Nublado,Simples,Reta,Urbano,2011,1,0,0,0,1,0,0,1
833906,06/01/2011,Quinta,09:45:00,RN,101,97.2,NATAL,Não guardar distância de segurança,Colisão traseira,Com Vítimas Feridas,Pleno dia,Decrescente,Chuva,Dupla,Reta,Urbano,2011,3,0,1,0,2,0,1,2
833966,06/01/2011,Quinta,19:50:00,RN,101,97.0,NATAL,Outras,Tombamento,Com Vítimas Feridas,Plena noite,Crescente,Chuva,Dupla,Reta,Urbano,2011,1,0,1,0,0,0,1,1
833984,06/01/2011,Quinta,15:00:00,RN,110,36.2,MOSSORO,Defeito mecânico em veículo,Tombamento,Sem Vítimas,Pleno dia,Decrescente,Nublado,Simples,Reta,Rural,2011,1,0,0,0,1,0,0,1
834014,03/01/2011,Segunda,01:00:00,RN,101,99.7,NATAL,Velocidade incompatível,Colisão com objeto fixo,Sem Vítimas,Plena noite,Decrescente,Chuva,Dupla,Cruzamento,Urbano,2011,1,0,0,0,1,0,0,1
834018,06/01/2011,Quinta,17:45:00,RN,101,109.5,PARNAMIRIM,Falta de atenção,Colisão Transversal,Sem Vítimas,Anoitecer,Decrescente,Chuva,Dupla,Cruzamento,Urbano,2011,2,0,0,0,2,0,0,2
834148,07/01/2011,Sexta,06:10:00,RN,101,98.1,NATAL,Desobediência à sinalização,Colisão com objeto fixo,Sem Vítimas,Pleno dia,Crescente,Chuva,Múltipla,Curva,Urbano,2011,1,0,0,0,1,0,0,1
834196,07/01/2011,Sexta,06:15:00,RN,226,2.1,NATAL,Defeito na via,Colisão com objeto fixo,Sem Vítimas,Amanhecer,Crescente,Chuva,Dupla,Cruzamento,Urbano,2011,1,0,0,0,1,0,0,1
834244,07/01/2011,Sexta,08:55:00,RN,101,97.8,NATAL,Falta de atenção,Colisão traseira,Sem Vítimas,Pleno dia,Decrescente,Chuva,Dupla,Reta,Urbano,2011,2,0,0,0,2,0,0,2
834294,07/01/2011,Sexta,10:10:00,RN,101,99.9,PARNAMIRIM,Não guardar distância de segurança,Colisão traseira,Sem Vítimas,Pleno dia,Decrescente,Nublado,Simples,Curva,Urbano,2011,3,0,0,0,1,2,0,3
834430,07/01/2011,Sexta,09:30:00,RN,226,340.4,PATU,Desobediência à sinalização,Colisão Transversal,Com Vítimas Fatais,Pleno dia,Crescente,Sol,Simples,Cruzamento,Urbano,2011,2,1,0,0,1,0,0,2
834451,07/01/2011,Sexta,20:10:00,RN,101,96.5,NATAL,Não guardar distância de segurança,Colisão traseira,Sem Vítimas,Plena noite,Crescente,Ceu Claro,Dupla,Reta,Urbano,2011,3,0,0,0,3,0,0,3
834455,07/01/2011,Sexta,11:50:00,RN,101,103.3,PARNAMIRIM,Falta de atenção,Colisão traseira,Sem Vítimas,Pleno dia,Decrescente,Sol,Dupla,Cruzamento,Urbano,2011,2,0,0,0,2,0,0,2
834479,07/01/2011,Sexta,22:10:00,RN,101,78.3,NATAL,Animais na Pista,Atropelamento de animal,Sem Vítimas,Plena noite,Decrescente,Ceu Claro,Dupla,Reta,Rural,2011,1,0,0,0,1,0,0,1
834481,07/01/2011,Sexta,19:10:00,RN,101,108.3,PARNAMIRIM,Falta de atenção,Colisão traseira,Sem Vítimas,Plena noite,Decrescente,Ceu Claro,Dupla,Reta,Urbano,2011,2,0,0,0,2,0,0,2
834557,07/01/2011,Sexta,19:10:00,RN,226,133.1,CAMPO REDONDO,Ingestão de álcool,Colisão traseira,Com Vítimas Fatais,Plena noite,Crescente,Ceu Claro,Simples,Curva,Rural,2011,2,1,0,0,1,0,0,2
834657,04/01/2011,Terça,07:50:00,RN,101,97.1,NATAL,Outras,Colisão traseira,Sem Vítimas,Pleno dia,Crescente,Ceu Claro,Simples,Cruzamento,Urbano,2011,2,0,0,0,2,0,0,2
834689,04/01/2011,Terça,10:30:00,RN,304,305.9,PARNAMIRIM,Outras,Saída de Pista,Sem Vítimas,Pleno dia,Crescente,Chuva,Dupla,Reta,Rural,2011,1,0,0,0,1,0,0,1
834774,08/01/2011,Sábado,13:00:00,RN,101,84.0,NATAL,Não guardar distância de segurança,Colisão traseira,Sem Vítimas,Pleno dia,Decrescente,Ceu Claro,Dupla,Reta,Urbano,2011,2,0,0,0,2,0,0,2
834797,08/01/2011,Sábado,14:15:00,RN,101,119.0,SAO JOSE DE MIPIBU,Falta de atenção,Colisão lateral,Sem Vítimas,Pleno dia,Crescente,Ceu Claro,Dupla,Reta,Rural,2011,2,0,0,0,2,0,0,2
834805,08/01/2011,Sábado,14:10:00,RN,101,83.6,NATAL,Falta de atenção,Colisão traseira,Sem Vítimas,Pleno dia,Decrescente,Sol,Dupla,Cruzamento,Urbano,2011,2,0,0,0,2,0,0,2
834903,08/01/2011,Sábado,18:15:00,RN,405,2.0,MOSSORO,Outras,Colisão traseira,Com Vítimas Feridas,Plena noite,Crescente,Ceu Claro,Dupla,Cruzamento,Urbano,2011,2,0,1,0,1,0,1,2
835108,05/01/2011,Quarta,09:30:00,RN,226,4.2,NATAL,Outras,Colisão Transversal,Sem Vítimas,Pleno dia,Decrescente,Sol,Simples,Reta,Urbano,2011,2,0,0,0,2,0,0,2
835359,08/01/2011,Sábado,18:00:00,RN,101,107.7,PARNAMIRIM,Desobediência à sinalização,Colisão Transversal,Com Vítimas Feridas,Plena noite,Crescente,Ceu Claro,Dupla,Cruzamento,Urbano,2011,3,0,3,0,0,0,3,2
835395,09/01/2011,Domingo,15:45:00,RN,101,66.0,EXTREMOZ,Outras,Colisão traseira,Sem Vítimas,Pleno dia,Crescente,Ceu Claro,Simples,Reta,Rural,2011,2,0,0,0,2,0,0,2
835438,05/01/2011,Quarta,09:10:00,RN,101,107.0,PARNAMIRIM,Desobediência à sinalização,Colisão Transversal,Com Vítimas Feridas,Pleno dia,Crescente,Ceu Claro,Simples,Cruzamento,Urbano,2011,2,0,1,0,0,1,1,2
835454,05/01/2011,Quarta,15:00:00,RN,101,100.0,NATAL,Falta de atenção,Colisão traseira,Sem Vítimas,Pleno dia,Crescente,Ceu Claro,Dupla,Curva,Urbano,2011,3,0,0,0,3,0,0,3
835455,06/01/2011,Quinta,04:50:00,RN,101,101.8,PARNAMIRIM,Falta de atenção,Colisão Transversal,Sem Vítimas,Amanhecer,Decrescente,Chuva,Dupla,Reta,Urbano,2011,2,0,0,0,2,0,0,2
835483,05/01/2011,Quarta,10:55:00,RN,101,98.5,NATAL,Não guardar distância de segurança,Colisão traseira,Sem Vítimas,Pleno dia,Decrescente,Ceu Claro,Dupla,Reta,Urbano,2011,3,0,0,0,2,1,0,3
835546,09/01/2011,Domingo,18:40:00,RN,304,116.2,ASSU,Não guardar distância de segurança,Colisão traseira,Sem Vítimas,Plena noite,Decrescente,Ceu Claro,Simples,Reta,Rural,2011,8,0,0,0,8,0,0,2
835784,10/01/2011,Segunda,09:10:00,RN,101,126.0,SAO JOSE DE MIPIBU,Outras,Tombamento,Sem Vítimas,Pleno dia,Decrescente,Nublado,Dupla,Curva,Urbano,2011,1,0,0,0,1,0,0,1
835800,10/01/2011,Segunda,07:40:00,RN,406,171.0,NATAL,Falta de atenção,Colisão lateral,Com Vítimas Feridas,Pleno dia,Crescente,Ceu Claro,Dupla,Cruzamento,Urbano,2011,2,0,1,0,0,1,1,2
835914,10/01/2011,Segunda,14:40:00,RN,101,94.0,NATAL,Falta de atenção,Colisão traseira,Sem Vítimas,Pleno dia,Decrescente,Nublado,Dupla,Reta,Urbano,2011,2,0,0,0,2,0,0,2
835931,10/01/2011,Segunda,12:50:00,RN,101,108.6,PARNAMIRIM,Falta de atenção,Colisão Transversal,Sem Vítimas,Pleno dia,Crescente,Ceu Claro,Dupla,Reta,Urbano,2011,2,0,0,0,2,0,0,2
835963,10/01/2011,Segunda,09:40:00,RN,101,98.1,NATAL,Falta de atenção,Colisão traseira,Sem Vítimas,Pleno dia,Decrescente,Nublado,Múltipla,Reta,Urbano,2011,2,0,0,0,2,0,0,2
836048,10/01/2011,Segunda,15:10:00,RN,427,24.5,ACARI,Outras,Tombamento,Com Vítimas Feridas,Pleno dia,Crescente,Ceu Claro,Simples,Curva,Rural,2011,1,0,1,0,0,0,1,1
836049,04/01/2011,Terça,19:30:00,RN,101,95.2,NATAL,Outras,Colisão traseira,Sem Vítimas,Plena noite,Crescente,Ceu Claro,Múltipla,Reta,Urbano,2011,3,0,0,0,3,0,0,3
836115,10/01/2011,Segunda,19:50:00,RN,101,117.0,SAO JOSE DE MIPIBU,Outras,Colisão lateral,Sem Vítimas,Plena noite,Crescente,Ceu Claro,Dupla,Reta,Rural,2011,2,0,0,0,1,1,0,2
836205,10/01/2011,Segunda,21:30:00,RN,406,138.5,TAIPU,Animais na Pista,Atropelamento de animal,Sem Vítimas,Plena noite,Crescente,Ceu Claro,Simples,Reta,Rural,2011,1,0,0,0,1,0,0,1
836322,07/01/2011,Sexta,18:10:00,RN,226,4.1,NATAL,Ingestão de álcool,Colisão lateral,Sem Vítimas,Plena noite,Crescente,Ceu Claro,Simples,Curva,Urbano,2011,2,0,0,0,2,0,0,2
836395,08/01/2011,Sábado,06:20:00,RN,101,82.8,NATAL,Outras,Colisão traseira,Sem Vítimas,Pleno dia,Decrescente,Ceu Claro,Dupla,Reta,Urbano,2011,2,0,0,0,2,0,0,2
836424,11/01/2011,Terça,07:10:00,RN,101,103.5,PARNAMIRIM,Não guardar distância de segurança,Colisão traseira,Sem Vítimas,Pleno dia,Crescente,Ceu Claro,Múltipla,Reta,Urbano,2011,2,0,0,0,2,0,0,2
836527,11/01/2011,Terça,13:12:00,RN,101,99.8,NATAL,Falta de atenção,Colisão traseira,Com Vítimas Feridas,Pleno dia,Crescente,Chuva,Múltipla,Reta,Urbano,2011,4,0,1,0,3,0,1,4
836746,07/01/2011,Sexta,11:25:00,RN,101,113.7,SAO JOSE DE MIPIBU,Falta de atenção,Queda de motocicleta / bicicleta / veículo,Com Vítimas Feridas,Pleno dia,Decrescente,Nublado,Dupla,Curva,Urbano,2011,2,0,1,0,1,0,1,2
836757,08/01/2011,Sábado,05:00:00,RN,101,122.0,SAO JOSE DE MIPIBU,Falta de atenção,Colisão traseira,Com Vítimas Feridas,Amanhecer,Decrescente,Sol,Dupla,Reta,Urbano,2011,2,0,0,1,1,0,1,2
836765,11/01/2011,Terça,08:30:00,RN,304,8.0,MOSSORO,Não guardar distância de segurança,Colisão traseira,Sem Vítimas,Pleno dia,Crescente,Nublado,Simples,Reta,Rural,2011,2,0,0,0,2,0,0,2
836877,04/01/2011,Terça,17:00:00,RN,101,96.3,NATAL,Outras,Atropelamento de pessoa,Com Vítimas Feridas,Pleno dia,Crescente,Chuva,Múltipla,Reta,Urbano,2011,2,0,0,1,1,0,1,1
836930,12/01/2011,Quarta,09:15:00,RN,101,131.8,SAO JOSE DE MIPIBU,Outras,Colisão traseira,Sem Vítimas,Pleno dia,Decrescente,Chuva,Dupla,Reta,Rural,2011,2,0,0,0,2,0,0,2
837027,08/01/2011,Sábado,09:10:00,RN,101,82.9,SAO GONCALO DO AMARANTE,Falta de atenção,Colisão traseira,Sem Vítimas,Pleno dia,Crescente,Vento,Simples,Cruzamento,Urbano,2011,2,0,0,0,2,0,0,2
837053,08/01/2011,Sábado,13:00:00,RN,101,150.0,GOIANINHA,Outras,Colisão lateral,Sem Vítimas,Pleno dia,Crescente,Sol,Simples,Reta,Urbano,2011,2,0,0,0,2,0,0,2
837054,08/01/2011,Sábado,06:30:00,RN,101,109.6,PARNAMIRIM,Outras,Colisão com bicicleta,Com Vítimas Feridas,Pleno dia,Crescente,Ceu Claro,Dupla,Reta,Urbano,2011,2,0,0,1,0,1,1,2
837312,08/01/2011,Sábado,13:00:00,RN,101,101.8,PARNAMIRIM,Falta de atenção,Colisão traseira,Sem Vítimas,Pleno dia,Crescente,Sol,Múltipla,Reta,Urbano,2011,2,0,0,0,2,0,0,2
837327,12/01/2011,Quarta,16:25:00,RN,101,107.0,PARNAMIRIM,Defeito mecânico em veículo,Colisão traseira,Sem Vítimas,Pleno dia,Decrescente,Nublado,Dupla,Reta,Urbano,2011,2,0,0,0,2,0,0,2
837349,12/01/2011,Quarta,11:28:00,RN,226,111.0,SANTA CRUZ,Falta de atenção,Colisão traseira,Com Vítimas Feridas,Pleno dia,Decrescente,Ceu Claro,Simples,Reta,Urbano,2011,2,0,0,1,1,0,1,2
837453,09/01/2011,Domingo,18:30:00,RN,304,36.3,MOSSORO,Ingestão de álcool,Colisão Transversal,Com Vítimas Feridas,Plena noite,Crescente,Ceu Claro,Simples,Reta,Urbano,2011,3,0,0,2,0,1,2,2
837457,09/01/2011,Domingo,13:00:00,RN,101,153.6,GOIANINHA,Falta de atenção,Tombamento,Com Vítimas Feridas,Pleno dia,Decrescente,Ceu Claro,Dupla,Reta,Rural,2011,3,0,1,0,0,2,1,2
837502,09/01/2011,Domingo,10:00:00,RN,405,185.6,MAJOR SALES,Outras,Colisão com bicicleta,Com Vítimas Feridas,Pleno dia,Crescente,Sol,Simples,Reta,Rural,2011,2,0,0,1,1,0,1,2
837515,12/01/2011,Quarta,22:00:00,RN,110,4.9,AREIA BRANCA,Animais na Pista,Saída de Pista,Com Vítimas Feridas,Plena noite,Decrescente,Ceu Claro,Simples,Reta,Urbano,2011,1,0,1,0,0,0,1,1
837579,13/01/2011,Quinta,11:15:00,RN,101,80.6,NATAL,Outras,Colisão lateral,Sem Vítimas,Pleno dia,Decrescente,Nublado,Dupla,Cruzamento,Urbano,2011,4,0,0,0,4,0,0,2
837676,13/01/2011,Quinta,10:40:00,RN,101,107.4,PARNAMIRIM,Falta de atenção,Colisão traseira,Sem Vítimas,Pleno dia,Decrescente,Sol,Dupla,Cruzamento,Urbano,2011,2,0,0,0,2,0,0,2
837749,13/01/2011,Quinta,16:00:00,RN,101,66.5,EXTREMOZ,Não guardar distância de segurança,Colisão traseira,Sem Vítimas,Pleno dia,Crescente,Ceu Claro,Simples,Reta,Rural,2011,2,0,0,0,2,0,0,2
837770,10/01/2011,Segunda,06:10:00,RN,304,295.0,MACAIBA,Não guardar distância de segurança,Colisão traseira,Com Vítimas Feridas,Pleno dia,Decrescente,Ceu Claro,Simples,Reta,Urbano,2011,2,0,1,0,1,0,1,2
837933,09/01/2011,Domingo,07:30:00,RN,226,1.2,NATAL,Animais na Pista,Atropelamento de animal,Sem Vítimas,Pleno dia,Decrescente,Ceu Claro,Dupla,Reta,Urbano,2011,1,0,0,0,1,0,0,1
838100,14/01/2011,Sexta,11:40:00,RN,101,102.0,PARNAMIRIM,Não guardar distância de segurança,Colisão traseira,Sem Vítimas,Pleno dia,Decrescente,Ceu Claro,Dupla,Reta,Urbano,2011,3,0,0,0,3,0,0,3
838129,14/01/2011,Sexta,09:10:00,RN,101,98.9,NATAL,Não guardar distância de segurança,Colisão traseira,Sem Vítimas,Pleno dia,Decrescente,Ceu Claro,Dupla,Reta,Urbano,2011,3,0,0,0,3,0,0,3
838165,14/01/2011,Sexta,09:15:00,RN,101,98.5,NATAL,Não guardar distância de segurança,Colisão traseira,Sem Vítimas,Pleno dia,Decrescente,Ceu Claro,Dupla,Reta,Urbano,2011,2,0,0,0,2,0,0,2
838327,14/01/2011,Sexta,14:10:00,RN,304,280.5,MACAIBA,Outras,Colisão frontal,Com Vítimas Fatais,Pleno dia,Decrescente,Ceu Claro,Simples,Reta,Rural,2011,3,2,0,1,0,0,1,2
838388,14/01/2011,Sexta,19:00:00,RN,304,91.0,MOSSORO,Não guardar distância de segurança,Colisão traseira,Sem Vítimas,Plena noite,Crescente,Ceu Claro,Simples,Reta,Rural,2011,2,0,0,0,2,0,0,2
838478,14/01/2011,Sexta,15:10:00,RN,406,97.0,JOAO CAMARA,Outras,Colisão frontal,Com Vítimas Fatais,Pleno dia,Crescente,Ceu Claro,Simples,Reta,Rural,2011,3,3,0,0,0,0,0,2
838590,15/01/2011,Sábado,06:30:00,RN,405,2.9,MOSSORO,Desobediência à sinalização,Colisão traseira,Sem Vítimas,Pleno dia,Crescente,Ceu Claro,Dupla,Cruzamento,Rural,2011,3,0,0,0,3,0,0,2
838644,15/01/2011,Sábado,08:20:00,RN,101,99.9,NATAL,Desobediência à sinalização,Colisão Transversal,Sem Vítimas,Pleno dia,Crescente,Ceu Claro,Múltipla,Cruzamento,Urbano,2011,2,0,0,0,2,0,0,2
838666,02/01/2011,Domingo,16:05:00,RN,304,33.8,MOSSORO,Não guardar distância de segurança,Colisão traseira,Sem Vítimas,Pleno dia,Crescente,Ceu Claro,Simples,Reta,Urbano,2011,9,0,0,0,8,1,0,4
838761,15/01/2011,Sábado,12:10:00,RN,101,99.9,NATAL,Falta de atenção,Colisão traseira,Sem Vítimas,Pleno dia,Decrescente,Sol,Dupla,Cruzamento,Urbano,2011,2,0,0,0,2,0,0,2
838880,15/01/2011,Sábado,18:00:00,RN,110,49.6,MOSSORO,Ingestão de álcool,Queda de motocicleta / bicicleta / veículo,Com Vítimas Feridas,Pleno dia,Decrescente,Ceu Claro,Dupla,Curva,Urbano,2011,1,0,1,0,0,0,1,1
838967,15/01/2011,Sábado,17:50:00,RN,405,40.0,GOVERNADOR DIX-SEPT ROSADO,Velocidade incompatível,Capotamento,Sem Vítimas,Anoitecer,Crescente,Ceu Claro,Simples,Reta,Rural,2011,1,0,0,0,1,0,0,1
839077,15/01/2011,Sábado,13:30:00,RN,101,97.6,NATAL,Não guardar distância de segurança,Colisão traseira,Sem Vítimas,Pleno dia,Decrescente,Sol,Dupla,Reta,Urbano,2011,2,0,0,0,2,0,0,2
839091,15/01/2011,Sábado,23:00:00,RN,304,95.0,ASSU,Animais na Pista,Capotamento,Sem Vítimas,Plena noite,Crescente,Ceu Claro,Simples,Reta,Rural,2011,1,0,0,0,1,0,0,1
839106,16/01/2011,Domingo,02:50:00,RN,304,35.0,MOSSORO,Ingestão de álcool,Queda de motocicleta / bicicleta / veículo,Com Vítimas Feridas,Plena noite,Decrescente,Ceu Claro,Dupla,Curva,Urbano,2011,1,0,0,1,0,0,1,1
839116,15/01/2011,Sábado,14:15:00,RN,304,31.6,MOSSORO,Falta de atenção,Colisão lateral,Com Vítimas Feridas,Pleno dia,Crescente,Ceu Claro,Simples,Reta,Rural,2011,3,0,2,0,1,0,2,2
839239,16/01/2011,Domingo,09:40:00,RN,101,80.6,SAO GONCALO DO AMARANTE,Outras,Colisão Transversal,Sem Vítimas,Pleno dia,Crescente,Ceu Claro,Dupla,Cruzamento,Urbano,2011,2,0,0,0,2,0,0,2
839304,16/01/2011,Domingo,11:10:00,RN,101,110.8,PARNAMIRIM,Outras,Colisão traseira,Sem Vítimas,Pleno dia,Crescente,Sol,Dupla,Cruzamento,Urbano,2011,2,0,0,0,2,0,0,2
839514,12/01/2011,Quarta,08:00:00,RN,304,302.0,MACAIBA,Outras,Colisão com objeto fixo,Sem Vítimas,Pleno dia,Crescente,Chuva,Dupla,Reta,Rural,2011,1,0,0,0,1,0,0,1
839519,12/01/2011,Quarta,15:30:00,RN,304,202.2,LAJES,Animais na Pista,Capotamento,Sem Vítimas,Pleno dia,Decrescente,Ceu Claro,Simples,Reta,Rural,2011,1,0,0,0,1,0,0,1
839585,16/01/2011,Domingo,13:10:00,RN,101,101.5,PARNAMIRIM,Outras,Colisão lateral,Com Vítimas Feridas,Pleno dia,Crescente,Ceu Claro,Simples,Curva,Urbano,2011,3,0,0,2,0,1,2,2
839602,16/01/2011,Domingo,18:00:00,RN,101,85.7,SAO GONCALO DO AMARANTE,Não guardar distância de segurança,Colisão traseira,Sem Vítimas,Plena noite,Crescente,Ceu Claro,Dupla,Reta,Urbano,2011,3,0,0,0,3,0,0,3