id,data_inversa,dia_semana,horario,uf,br,km,municipio,causa_acidente,tipo_acidente,classificacao_acidente,fase_dia,sentido_via,condicao_metereologica,tipo_pista,tracado_via,uso_solo,ano,pessoas,mortos,feridos_leves,feridos_graves,ilesos,ignorados,feridos,veiculos
849781,04/02/2011,Sexta,23:15:00,RN,110,49.4,MOSSORO,Outras,Colisão Transversal,Com Vítimas Feridas,Plena noite,Crescente,Ceu Claro,Dupla,Reta,Urbano,2011,3,0,1,0,1,1,1,3
849794,04/02/2011,Sexta,10:20:00,RN,304,4.1,MOSSORO,Falta de atenção,Colisão lateral,Sem Vítimas,Pleno dia,Crescente,Sol,Simples,Reta,Rural,2011,2,0,0,0,1,1,0,2
849862,05/02/2011,Sábado,04:10:00,RN,304,6.6,MOSSORO,Outras,Atropelamento de pessoa,Com Vítimas Fatais,Amanhecer,Crescente,Ceu Claro,Simples,Reta,Rural,2011,2,1,0,0,0,1,0,1
849914,01/02/2011,Terça,17:50:00,RN,101,101.0,PARNAMIRIM,Falta de atenção,Colisão lateral,Sem Vítimas,Pleno dia,Decrescente,Sol,Dupla,Curva,Urbano,2011,2,0,0,0,2,0,0,2
849961,01/02/2011,Terça,08:10:00,RN,101,100.4,PARNAMIRIM,Falta de atenção,Colisão traseira,Sem Vítimas,Pleno dia,Crescente,Ceu Claro,Dupla,Reta,Urbano,2011,2,0,0,0,2,0,0,2
849962,24/01/2011,Segunda,12:30:00,RN,101,100.0,PARNAMIRIM,Desobediência à sinalização,Colisão lateral,Sem Vítimas,Pleno dia,Decrescente,Ceu Claro,Dupla,Curva,Urbano,2011,2,0,0,0,2,0,0,2
849975,01/02/2011,Terça,18:25:00,RN,101,100.4,PARNAMIRIM,Não guardar distância de segurança,Colisão traseira,Sem Vítimas,Plena noite,Decrescente,Ceu Claro,Dupla,Reta,Urbano,2011,2,0,0,0,2,0,0,2
849978,01/02/2011,Terça,17:20:00,RN,101,102.0,PARNAMIRIM,Falta de atenção,Colisão traseira,Sem Vítimas,Pleno dia,Crescente,Ceu Claro,Dupla,Reta,Urbano,2011,2,0,0,0,2,0,0,2
849997,05/02/2011,Sábado,01:50:00,RN,304,113.2,ASSU,Animais na Pista,Atropelamento de animal,Sem Vítimas,Plena noite,Crescente,Ceu Claro,Simples,Reta,Rural,2011,1,0,0,0,1,0,0,1
850018,01/02/2011,Terça,14:50:00,RN,101,103.5,PARNAMIRIM,Outras,Colisão Transversal,Com Vítimas Feridas,Pleno dia,Crescente,Sol,Dupla,Reta,Urbano,2011,2,0,1,0,1,0,1,2
850039,05/02/2011,Sábado,08:00:00,RN,101,84.0,SAO GONCALO DO AMARANTE,Não guardar distância de segurança,Colisão traseira,Sem Vítimas,Pleno dia,Crescente,Ceu Claro,Dupla,Reta,Urbano,2011,2,0,0,0,2,0,0,2
850099,03/02/2011,Quinta,22:00:00,RN,101,78.0,SAO GONCALO DO AMARANTE,Animais na Pista,Atropelamento de animal,Com Vítimas Feridas,Plena noite,Crescente,Ceu Claro,Dupla,Reta,Urbano,2011,1,0,0,1,0,0,1,1
850153,05/02/2011,Sábado,11:20:00,RN,101,100.1,NATAL,Falta de atenção,Colisão lateral,Sem Vítimas,Pleno dia,Crescente,Ceu Claro,Dupla,Reta,Urbano,2011,2,0,0,0,2,0,0,2
850268,05/02/2011,Sábado,16:20:00,RN,101,107.0,PARNAMIRIM,Falta de atenção,Colisão com bicicleta,Com Vítimas Feridas,Pleno dia,Decrescente,Ceu Claro,Dupla,Reta,Urbano,2011,2,0,1,0,1,0,1,2
850496,02/02/2011,Quarta,13:20:00,RN,101,95.1,NATAL,Defeito mecânico em veículo,Incêndio,Sem Vítimas,Pleno dia,Decrescente,Sol,Múltipla,Reta,Urbano,2011,1,0,0,0,1,0,0,1
850526,06/02/2011,Domingo,09:50:00,RN,101,99.1,NATAL,Ingestão de álcool,Colisão traseira,Sem Vítimas,Pleno dia,Decrescente,Ceu Claro,Dupla,Reta,Urbano,2011,2,0,0,0,2,0,0,2
850597,06/02/2011,Domingo,13:00:00,RN,406,109.4,JOAO CAMARA,Ingestão de álcool,Saída de Pista,Com Vítimas Feridas,Pleno dia,Crescente,Ceu Claro,Simples,Reta,Rural,2011,1,0,0,1,0,0,1,1
850599,06/02/2011,Domingo,09:30:00,RN,101,80.7,NATAL,Outras,Colisão com objeto fixo,Com Vítimas Feridas,Pleno dia,Decrescente,Sol,Dupla,Reta,Urbano,2011,3,0,0,1,1,1,1,3
850602,03/02/2011,Quinta,13:40:00,RN,101,100.1,NATAL,Outras,Colisão lateral,Sem Vítimas,Pleno dia,Crescente,Ceu Claro,Dupla,Cruzamento,Urbano,2011,2,0,0,0,2,0,0,2
850621,06/02/2011,Domingo,09:00:00,RN,101,98.1,NATAL,Velocidade incompatível,Colisão lateral,Sem Vítimas,Amanhecer,Decrescente,Ceu Claro,Dupla,Reta,Urbano,2011,2,0,0,0,2,0,0,2
850706,02/02/2011,Quarta,16:25:00,RN,101,109.6,PARNAMIRIM,Falta de atenção,Colisão lateral,Sem Vítimas,Pleno dia,Decrescente,Ceu Claro,Dupla,Cruzamento,Urbano,2011,2,0,0,0,2,0,0,2
850819,06/02/2011,Domingo,19:10:00,RN,304,70.0,MOSSORO,Animais na Pista,Atropelamento de animal,Sem Vítimas,Plena noite,Decrescente,Ceu Claro,Simples,Reta,Rural,2011,1,0,0,0,1,0,0,1
850828,06/02/2011,Domingo,21:00:00,RN,110,3.6,AREIA BRANCA,Outras,Colisão com bicicleta,Com Vítimas Fatais,Plena noite,Decrescente,Ceu Claro,Simples,Reta,Rural,2011,2,1,0,0,0,1,0,2
850870,02/02/2011,Quarta,17:20:00,RN,101,106.2,PARNAMIRIM,Outras,Colisão lateral,Com Vítimas Feridas,Pleno dia,Crescente,Sol,Dupla,Cruzamento,Urbano,2011,2,0,1,0,1,0,1,2
850874,06/02/2011,Domingo,23:00:00,RN,405,14.3,MOSSORO,Dormindo,Saída de Pista,Com Vítimas Feridas,Plena noite,Decrescente,Ceu Claro,Simples,Reta,Rural,2011,1,0,0,1,0,0,1,1
850951,11/01/2011,Terça,18:05:00,RN,110,46.6,MOSSORO,Desobediência à sinalização,Colisão Transversal,Com Vítimas Feridas,Plena noite,Crescente,Ceu Claro,Simples,Reta,Urbano,2011,2,0,0,1,1,0,1,2
850974,04/02/2011,Sexta,13:30:00,RN,101,100.3,NATAL,Falta de atenção,Colisão lateral,Sem Vítimas,Pleno dia,Crescente,Sol,Dupla,Reta,Urbano,2011,2,0,0,0,2,0,0,2
850981,07/02/2011,Segunda,07:40:00,RN,101,84.7,NATAL,Não guardar distância de segurança,Colisão traseira,Sem Vítimas,Pleno dia,Crescente,Ceu Claro,Simples,Reta,Urbano,2011,2,0,0,0,2,0,0,2
851009,04/02/2011,Sexta,00:40:00,RN,304,49.0,MOSSORO,Ingestão de álcool,Colisão com objeto fixo,Sem Vítimas,Plena noite,Decrescente,Ceu Claro,Simples,Reta,Urbano,2011,1,0,0,0,1,0,0,1
851016,07/02/2011,Segunda,08:30:00,RN,101,99.5,NATAL,Ultrapassagem indevida,Colisão lateral,Sem Vítimas,Pleno dia,Crescente,Ceu Claro,Dupla,Reta,Urbano,2011,2,0,0,0,1,1,0,2
851022,07/02/2011,Segunda,07:30:00,RN,101,85.6,SAO GONCALO DO AMARANTE,Falta de atenção,Colisão traseira,Sem Vítimas,Pleno dia,Crescente,Ceu Claro,Dupla,Reta,Urbano,2011,3,0,0,0,3,0,0,3
851129,07/02/2011,Segunda,12:20:00,RN,101,116.0,SAO JOSE DE MIPIBU,Desobediência à sinalização,Colisão traseira,Sem Vítimas,Pleno dia,Crescente,Sol,Dupla,Reta,Urbano,2011,2,0,0,0,1,1,0,2
851138,26/01/2011,Quarta,13:25:00,RN,101,148.0,GOIANINHA,Falta de atenção,Colisão Transversal,Sem Vítimas,Pleno dia,Crescente,Ceu Claro,Simples,Reta,Urbano,2011,2,0,0,0,1,1,0,2
851145,03/02/2011,Quinta,19:30:00,RN,101,101.8,PARNAMIRIM,Desobediência à sinalização,Colisão Transversal,Sem Vítimas,Plena noite,Crescente,Ceu Claro,Múltipla,Cruzamento,Urbano,2011,2,0,0,0,2,0,0,2
851150,16/01/2011,Domingo,14:00:00,RN,304,38.2,MOSSORO,Falta de atenção,Colisão Transversal,Com Vítimas Fatais,Pleno dia,Crescente,Ceu Claro,Simples,Reta,Urbano,2011,3,1,0,0,1,1,0,2
851249,31/01/2011,Segunda,04:40:00,RN,101,100.0,NATAL,Falta de atenção,Colisão com objeto móvel,Sem Vítimas,Plena noite,Crescente,Nublado,Simples,Reta,Urbano,2011,1,0,0,0,1,0,0,1
851304,07/02/2011,Segunda,15:40:00,RN,304,300.0,MACAIBA,Outras,Tombamento,Sem Vítimas,Pleno dia,Crescente,Ceu Claro,Dupla,Cruzamento,Rural,2011,1,0,0,0,1,0,0,1
851308,07/02/2011,Segunda,17:40:00,RN,101,99.4,NATAL,Outras,Colisão lateral,Sem Vítimas,Pleno dia,Decrescente,Ceu Claro,Dupla,Reta,Urbano,2011,2,0,0,0,2,0,0,2
851317,07/02/2011,Segunda,17:35:00,RN,304,297.7,MACAIBA,Falta de atenção,Colisão traseira,Sem Vítimas,Pleno dia,Crescente,Sol,Dupla,Cruzamento,Urbano,2011,2,0,0,0,2,0,0,2
851342,03/02/2011,Quinta,15:45:00,RN,101,100.0,NATAL,Falta de atenção,Colisão lateral,Sem Vítimas,Pleno dia,Crescente,Ceu Claro,Dupla,Reta,Urbano,2011,2,0,0,0,2,0,0,2
851363,07/02/2011,Segunda,07:30:00,RN,101,99.1,NATAL,Não guardar distância de segurança,Colisão traseira,Com Vítimas Feridas,Pleno dia,Decrescente,Ceu Claro,Múltipla,Reta,Urbano,2011,3,0,2,0,1,0,2,2
851454,04/02/2011,Sexta,14:20:00,RN,101,100.0,NATAL,Falta de atenção,Colisão lateral,Sem Vítimas,Pleno dia,Crescente,Ceu Claro,Múltipla,Reta,Urbano,2011,2,0,0,0,2,0,0,2
851566,05/02/2011,Sábado,05:40:00,RN,101,83.9,SAO GONCALO DO AMARANTE,Falta de atenção,Colisão com objeto fixo,Sem Vítimas,Amanhecer,Crescente,Chuva,Dupla,Reta,Urbano,2011,2,0,0,0,2,0,0,2
851652,24/01/2011,Segunda,00:10:00,RN,226,93.0,TANGARA,Outras,Saída de Pista,Com Vítimas Feridas,Plena noite,Decrescente,Chuva,Simples,Reta,Rural,2011,2,0,1,1,0,0,2,1
851657,08/02/2011,Terça,06:00:00,RN,304,258.3,SANTA MARIA,Velocidade incompatível,Colisão traseira,Com Vítimas Feridas,Amanhecer,Decrescente,Ceu Claro,Simples,Reta,Urbano,2011,4,0,0,1,3,0,1,3
851673,04/02/2011,Sexta,00:30:00,RN,101,82.9,NATAL,Outras,Colisão Transversal,Sem Vítimas,Plena noite,Decrescente,Ceu Claro,Dupla,Cruzamento,Urbano,2011,2,0,0,0,2,0,0,2
851737,04/02/2011,Sexta,18:00:00,RN,101,100.3,NATAL,Não guardar distância de segurança,Colisão lateral,Sem Vítimas,Anoitecer,Crescente,Ceu Claro,Dupla,Reta,Urbano,2011,2,0,0,0,2,0,0,2
851771,08/02/2011,Terça,17:30:00,RN,101,102.3,PARNAMIRIM,Falta de atenção,Colisão lateral,Com Vítimas Feridas,Pleno dia,Decrescente,Ceu Claro,Dupla,Reta,Urbano,2011,3,0,2,0,1,0,2,3
851821,08/02/2011,Terça,10:00:00,RN,304,51.0,MOSSORO,Falta de atenção,Colisão lateral,Sem Vítimas,Pleno dia,Decrescente,Sol,Simples,Reta,Rural,2011,2,0,0,0,2,0,0,2
851847,08/02/2011,Terça,09:00:00,RN,101,101.0,PARNAMIRIM,Falta de atenção,Colisão traseira,Sem Vítimas,Pleno dia,Crescente,Sol,Dupla,Reta,Urbano,2011,3,0,0,0,3,0,0,3
851852,08/02/2011,Terça,13:00:00,RN,101,95.5,NATAL,Falta de atenção,Colisão traseira,Sem Vítimas,Pleno dia,Decrescente,Sol,Dupla,Cruzamento,Urbano,2011,2,0,0,0,2,0,0,2
851947,08/02/2011,Terça,12:40:00,RN,427,35.1,ACARI,Defeito mecânico em veículo,Tombamento,Sem Vítimas,Pleno dia,Crescente,Ceu Claro,Simples,Reta,Rural,2011,1,0,0,0,1,0,0,1
852022,05/02/2011,Sábado,10:30:00,RN,226,1.0,NATAL,Falta de atenção,Colisão lateral,Com Vítimas Feridas,Pleno dia,Crescente,Sol,Dupla,Reta,Urbano,2011,2,0,1,0,1,0,1,2
852026,31/01/2011,Segunda,17:15:00,RN,304,34.5,MOSSORO,Desobediência à sinalização,Colisão Transversal,Sem Vítimas,Pleno dia,Decrescente,Ceu Claro,Simples,Cruzamento,Urbano,2011,3,0,0,0,3,0,0,2
852042,05/02/2011,Sábado,18:10:00,RN,101,83.3,NATAL,Falta de atenção,Colisão traseira,Com Vítimas Feridas,Plena noite,Decrescente,Vento,Dupla,Reta,Urbano,2011,2,0,1,0,1,0,1,2
852062,05/02/2011,Sábado,19:30:00,RN,405,129.0,SAO FRANCISCO DO OESTE,Não guardar distância de segurança,Colisão traseira,Sem Vítimas,Plena noite,Crescente,Nublado,Simples,Reta,Rural,2011,2,0,0,0,2,0,0,2
852075,02/02/2011,Quarta,11:10:00,RN,304,39.0,MOSSORO,Ingestão de álcool,Queda de motocicleta / bicicleta / veículo,Com Vítimas Feridas,Pleno dia,Decrescente,Ceu Claro,Simples,Reta,Rural,2011,1,0,1,0,0,0,1,1
852194,09/02/2011,Quarta,10:40:00,RN,427,1.2,CURRAIS NOVOS,Outras,Colisão Transversal,Com Vítimas Feridas,Pleno dia,Decrescente,Ceu Claro,Simples,Reta,Rural,2011,3,0,3,0,0,0,3,2
852229,09/02/2011,Quarta,13:20:00,RN,101,95.8,NATAL,Falta de atenção,Colisão lateral,Sem Vítimas,Pleno dia,Crescente,Ceu Claro,Múltipla,Reta,Urbano,2011,2,0,0,0,2,0,0,2
852233,21/01/2011,Sexta,16:00:00,RN,101,103.3,PARNAMIRIM,Defeito mecânico em veículo,Colisão com objeto fixo,Com Vítimas Feridas,Pleno dia,Decrescente,Ceu Claro,Múltipla,Curva,Urbano,2011,5,0,5,0,0,0,5,1
852235,09/02/2011,Quarta,13:10:00,RN,304,37.0,MOSSORO,Falta de atenção,Colisão frontal,Com Vítimas Feridas,Pleno dia,Decrescente,Ceu Claro,Simples,Reta,Urbano,2011,2,0,1,0,1,0,1,2
852265,09/02/2011,Quarta,13:20:00,RN,110,48.7,MOSSORO,Falta de atenção,Colisão lateral,Sem Vítimas,Pleno dia,Crescente,Sol,Dupla,Cruzamento,Urbano,2011,2,0,0,0,2,0,0,2
852266,09/02/2011,Quarta,07:40:00,RN,101,116.1,SAO JOSE DE MIPIBU,Outras,Saída de Pista,Sem Vítimas,Pleno dia,Crescente,Ceu Claro,Dupla,Curva,Rural,2011,1,0,0,0,1,0,0,1
852285,09/02/2011,Quarta,12:00:00,RN,101,96.7,NATAL,Falta de atenção,Colisão lateral,Sem Vítimas,Pleno dia,Crescente,Ceu Claro,Múltipla,Curva,Urbano,2011,2,0,0,0,2,0,0,2
852371,09/02/2011,Quarta,15:10:00,RN,101,103.4,PARNAMIRIM,Falta de atenção,Colisão traseira,Sem Vítimas,Pleno dia,Crescente,Ceu Claro,Múltipla,Cruzamento,Urbano,2011,2,0,0,0,2,0,0,2
852405,09/02/2011,Quarta,12:15:00,RN,101,107.1,PARNAMIRIM,Falta de atenção,Colisão lateral,Sem Vítimas,Pleno dia,Crescente,Ceu Claro,Dupla,Cruzamento,Urbano,2011,2,0,0,0,2,0,0,2
852465,09/02/2011,Quarta,09:40:00,RN,101,107.0,PARNAMIRIM,Falta de atenção,Colisão traseira,Sem Vítimas,Pleno dia,Decrescente,Ceu Claro,Dupla,Cruzamento,Urbano,2011,2,0,0,0,2,0,0,2
852479,09/02/2011,Quarta,11:00:00,RN,101,147.6,GOIANINHA,Falta de atenção,Colisão traseira,Sem Vítimas,Pleno dia,Crescente,Sol,Dupla,Reta,Urbano,2011,2,0,0,0,2,0,0,2
852503,09/02/2011,Quarta,16:20:00,RN,226,144.8,CAMPO REDONDO,Velocidade incompatível,Capotamento,Com Vítimas Fatais,Pleno dia,Crescente,Ceu Claro,Simples,Curva,Rural,2011,3,1,0,1,1,0,1,1
852507,08/02/2011,Terça,09:00:00,RN,101,100.0,PARNAMIRIM,Outras,Colisão traseira,Sem Vítimas,Pleno dia,Crescente,Ceu Claro,Dupla,Curva,Urbano,2011,6,0,0,0,6,0,0,6
852649,10/02/2011,Quinta,08:45:00,RN,101,79.0,NATAL,Não guardar distância de segurança,Colisão traseira,Sem Vítimas,Pleno dia,Decrescente,Ceu Claro,Dupla,Reta,Urbano,2011,2,0,0,0,2,0,0,2
852710,10/02/2011,Quinta,11:30:00,RN,101,144.7,GOIANINHA,Outras,Capotamento,Com Vítimas Feridas,Pleno dia,Decrescente,Ceu Claro,Dupla,Reta,Urbano,2011,3,0,2,0,1,0,2,1
852756,09/02/2011,Quarta,03:15:00,RN,304,48.9,MOSSORO,Outras,Colisão Transversal,Sem Vítimas,Plena noite,Crescente,Ceu Claro,Simples,Reta,Urbano,2011,2,0,0,0,1,1,0,2
852845,10/02/2011,Quinta,13:10:00,RN,101,108.0,PARNAMIRIM,Falta de atenção,Colisão lateral,Sem Vítimas,Pleno dia,Crescente,Ceu Claro,Dupla,Reta,Urbano,2011,2,0,0,0,2,0,0,2
852872,10/02/2011,Quinta,13:00:00,RN,101,108.0,PARNAMIRIM,Desobediência à sinalização,Colisão Transversal,Com Vítimas Feridas,Pleno dia,Crescente,Ceu Claro,Dupla,Cruzamento,Urbano,2011,3,0,2,0,1,0,2,2
852910,02/02/2011,Quarta,16:10:00,RN,304,43.0,MOSSORO,Desobediência à sinalização,Colisão Transversal,Sem Vítimas,Pleno dia,Crescente,Ceu Claro,Simples,Cruzamento,Urbano,2011,2,0,0,0,2,0,0,2
852968,10/02/2011,Quinta,15:50:00,RN,101,147.0,GOIANINHA,Ingestão de álcool,Colisão traseira,Sem Vítimas,Pleno dia,Crescente,Ceu Claro,Dupla,Reta,Urbano,2011,2,0,0,0,2,0,0,2
853019,10/02/2011,Quinta,20:20:00,RN,304,135.0,ANGICOS,Animais na Pista,Atropelamento de animal,Sem Vítimas,Plena noite,Decrescente,Ceu Claro,Simples,Reta,Rural,2011,1,0,0,0,1,0,0,1
853093,07/02/2011,Segunda,15:40:00,RN,101,84.5,NATAL,Falta de atenção,Colisão Transversal,Com Vítimas Feridas,Pleno dia,Crescente,Ceu Claro,Dupla,Cruzamento,Urbano,2011,2,0,1,0,1,0,1,2
853300,11/02/2011,Sexta,15:20:00,RN,427,55.0,JARDIM DO SERIDO,Falta de atenção,Colisão lateral,Com Vítimas Feridas,Pleno dia,Decrescente,Ceu Claro,Simples,Reta,Urbano,2011,3,0,2,1,0,0,3,2
853325,11/02/2011,Sexta,15:45:00,RN,226,7.5,NATAL,Desobediência à sinalização,Colisão lateral,Com Vítimas Feridas,Pleno dia,Crescente,Ceu Claro,Simples,Reta,Rural,2011,3,0,1,1,1,0,2,2
853329,11/02/2011,Sexta,13:40:00,RN,110,29.8,MOSSORO,Outras,Colisão com objeto fixo,Com Vítimas Fatais,Pleno dia,Crescente,Ceu Claro,Simples,Reta,Rural,2011,1,1,0,0,0,0,0,1
853337,11/02/2011,Sexta,15:50:00,RN,226,2.2,NATAL,Falta de atenção,Colisão lateral,Sem Vítimas,Pleno dia,Decrescente,Ceu Claro,Simples,Cruzamento,Urbano,2011,3,0,0,0,2,1,0,2
853387,03/02/2011,Quinta,13:30:00,RN,101,100.0,NATAL,Falta de atenção,Colisão lateral,Sem Vítimas,Pleno dia,Decrescente,Ceu Claro,Dupla,Reta,Urbano,2011,2,0,0,0,2,0,0,2
853437,04/01/2011,Terça,04:40:00,RN,304,297.7,MACAIBA,Falta de atenção,Tombamento,Com Vítimas Feridas,Amanhecer,Decrescente,Ceu Claro,Dupla,Cruzamento,Urbano,2011,1,0,1,0,0,0,1,1
853441,11/02/2011,Sexta,10:25:00,RN,101,107.2,PARNAMIRIM,Desobediência à sinalização,Colisão traseira,Sem Vítimas,Pleno dia,Decrescente,Sol,Dupla,Cruzamento,Urbano,2011,2,0,0,0,2,0,0,2
853463,11/02/2011,Sexta,18:10:00,RN,101,100.7,PARNAMIRIM,Falta de atenção,Colisão traseira,Sem Vítimas,Plena noite,Decrescente,Ceu Claro,Dupla,Reta,Urbano,2011,5,0,0,0,5,0,0,5
853469,07/02/2011,Segunda,10:00:00,RN,226,247.2,JUCURUTU,Defeito mecânico em veículo,Saída de Pista,Com Vítimas Feridas,Pleno dia,Decrescente,Ceu Claro,Simples,Reta,Urbano,2011,2,0,0,1,1,0,1,1
853539,11/02/2011,Sexta,19:10:00,RN,101,42.0,CEARA-MIRIM,Outras,Colisão Transversal,Sem Vítimas,Plena noite,Decrescente,Ceu Claro,Simples,Curva,Rural,2011,2,0,0,0,2,0,0,2
853545,11/02/2011,Sexta,16:30:00,RN,110,47.2,MOSSORO,Desobediência à sinalização,Colisão frontal,Com Vítimas Feridas,Pleno dia,Crescente,Ceu Claro,Simples,Cruzamento,Urbano,2011,2,0,1,0,1,0,1,2
853686,09/02/2011,Quarta,05:20:00,RN,101,110.3,PARNAMIRIM,Outras,Capotamento,Sem Vítimas,Amanhecer,Decrescente,Nublado,Dupla,Cruzamento,Urbano,2011,1,0,0,0,1,0,0,1
853865,12/02/2011,Sábado,17:30:00,RN,406,162.0,CEARA-MIRIM,Ultrapassagem indevida,Saída de Pista,Sem Vítimas,Pleno dia,Decrescente,Ceu Claro,Simples,Reta,Rural,2011,1,0,0,0,1,0,0,1
854009,12/02/2011,Sábado,23:50:00,RN,101,98.0,NATAL,Falta de atenção,Colisão traseira,Sem Vítimas,Plena noite,Crescente,Ceu Claro,Dupla,Cruzamento,Urbano,2011,2,0,0,0,1,1,0,2
854038,12/02/2011,Sábado,18:30:00,RN,304,37.5,MOSSORO,Ingestão de álcool,Colisão traseira,Sem Vítimas,Plena noite,Decrescente,Ceu Claro,Simples,Reta,Rural,2011,2,0,0,0,2,0,0,2
854064,12/02/2011,Sábado,23:10:00,RN,226,15.1,MACAIBA,Animais na Pista,Atropelamento de animal,Sem Vítimas,Plena noite,Crescente,Ceu Claro,Simples,Reta,Urbano,2011,1,0,0,0,1,0,0,1
854136,09/02/2011,Quarta,13:00:00,RN,101,80.0,NATAL,Outras,Colisão lateral,Sem Vítimas,Pleno dia,Crescente,Ceu Claro,Simples,Cruzamento,Rural,2011,2,0,0,0,2,0,0,2
854155,31/01/2011,Segunda,12:00:00,RN,405,179.2,MOSSORO,Outras,Tombamento,Sem Vítimas,Pleno dia,Decrescente,Ceu Claro,Simples,Reta,Rural,2011,1,0,0,0,1,0,0,1
854283,13/02/2011,Domingo,11:00:00,RN,304,228.0,RIACHUELO,Falta de atenção,Colisão traseira,Sem Vítimas,Pleno dia,Decrescente,Chuva,Simples,Reta,Urbano,2011,2,0,0,0,2,0,0,2
854423,13/02/2011,Domingo,18:20:00,RN,101,110.0,PARNAMIRIM,Falta de atenção,Colisão traseira,Com Vítimas Feridas,Plena noite,Decrescente,Ceu Claro,Dupla,Cruzamento,Urbano,2011,3,0,0,2,1,0,2,2
854424,13/02/2011,Domingo,12:30:00,RN,304,83.1,MOSSORO,Outras,Colisão frontal,Com Vítimas Fatais,Pleno dia,Crescente,Chuva,Simples,Curva,Rural,2011,5,4,1,0,0,0,1,2
854487,14/02/2011,Segunda,03:20:00,RN,101,121.5,SAO JOSE DE MIPIBU,Outras,Atropelamento de pessoa,Com Vítimas Feridas,Plena noite,Decrescente,Chuva,Dupla,Reta,Rural,2011,2,0,0,1,1,0,1,1
854498,13/02/2011,Domingo,10:25:00,RN,110,48.3,MOSSORO,Não guardar distância de segurança,Colisão traseira,Com Vítimas Feridas,Pleno dia,Decrescente,Sol,Dupla,Cruzamento,Urbano,2011,4,0,1,0,3,0,1,3
854522,13/02/2011,Domingo,21:50:00,RN,101,95.0,NATAL,Não guardar distância de segurança,Colisão traseira,Sem Vítimas,Plena noite,Crescente,Nublado,Múltipla,Reta,Urbano,2011,3,0,0,0,3,0,0,3
854545,12/02/2011,Sábado,23:10:00,RN,101,107.1,PARNAMIRIM,Desobediência à sinalização,Colisão Transversal,Com Vítimas Feridas,Plena noite,Crescente,Ceu Claro,Dupla,Cruzamento,Urbano,2011,3,0,2,0,1,0,2,2
854563,12/02/2011,Sábado,06:20:00,RN,101,96.3,NATAL,Não guardar distância de segurança,Colisão traseira,Com Vítimas Feridas,Amanhecer,Crescente,Ceu Claro,Dupla,Curva,Urbano,2011,2,0,1,0,1,0,1,2
854593,07/02/2011,Segunda,05:10:00,RN,226,182.5,CURRAIS NOVOS,Defeito mecânico em veículo,Capotamento,Com Vítimas Feridas,Amanhecer,Decrescente,Ceu Claro,Simples,Curva,Rural,2011,3,0,1,0,2,0,1,1
854785,13/02/2011,Domingo,16:30:00,RN,226,312.6,JANDUIS,Não guardar distância de segurança,Colisão traseira,Com Vítimas Feridas,Pleno dia,Decrescente,Nublado,Simples,Reta,Rural,2011,3,0,0,3,0,0,3,2
854788,14/02/2011,Segunda,08:10:00,RN,101,149.0,GOIANINHA,Outras,Colisão com objeto fixo,Sem Vítimas,Pleno dia,Crescente,Ceu Claro,Dupla,Reta,Urbano,2011,1,0,0,0,1,0,0,1
854809,12/02/2011,Sábado,04:50:00,RN,101,96.0,NATAL,Ingestão de álcool,Capotamento,Sem Vítimas,Amanhecer,Crescente,Nublado,Múltipla,Reta,Urbano,2011,1,0,0,0,1,0,0,1
854818,14/02/2011,Segunda,12:20:00,RN,101,96.1,NATAL,Falta de atenção,Colisão traseira,Sem Vítimas,Pleno dia,Crescente,Ceu Claro,Dupla,Reta,Urbano,2011,2,0,0,0,2,0,0,2
855006,14/02/2011,Segunda,15:30:00,RN,405,25.0,MOSSORO,Animais na Pista,Saída de Pista,Sem Vítimas,Pleno dia,Decrescente,Chuva,Simples,Reta,Rural,2011,2,0,0,0,2,0,0,1
855061,14/02/2011,Segunda,17:30:00,RN,304,159.2,FERNANDO PEDROZA,Falta de atenção,Colisão traseira,Sem Vítimas,Anoitecer,Decrescente,Ceu Claro,Simples,Reta,Urbano,2011,2,0,0,0,2,0,0,2
855127,14/02/2011,Segunda,11:45:00,RN,101,102.8,PARNAMIRIM,Ingestão de álcool,Colisão traseira,Com Vítimas Feridas,Pleno dia,Crescente,Sol,Dupla,Reta,Urbano,2011,2,0,1,0,1,0,1,2
855140,14/02/2011,Segunda,15:50:00,RN,101,99.8,NATAL,Falta de atenção,Colisão traseira,Com Vítimas Feridas,Pleno dia,Crescente,Ceu Claro,Múltipla,Reta,Urbano,2011,3,0,1,0,2,0,1,2
855149,14/02/2011,Segunda,08:00:00,RN,101,84.8,SAO GONCALO DO AMARANTE,Outras,Tombamento,Com Vítimas Feridas,Pleno dia,Crescente,Ceu Claro,Dupla,Reta,Urbano,2011,1,0,1,0,0,0,1,1
855302,11/02/2011,Sexta,07:30:00,RN,101,98.7,NATAL,Falta de atenção,Colisão traseira,Sem Vítimas,Pleno dia,Decrescente,Ceu Claro,Dupla,Reta,Urbano,2011,2,0,0,0,2,0,0,2