id,data_inversa,dia_semana,horario,uf,br,km,municipio,causa_acidente,tipo_acidente,classificacao_acidente,fase_dia,sentido_via,condicao_metereologica,tipo_pista,tracado_via,uso_solo,ano,pessoas,mortos,feridos_leves,feridos_graves,ilesos,ignorados,feridos,veiculos
855352,15/02/2011,Terça,08:50:00,RN,101,94.4,NATAL,Não guardar distância de segurança,Colisão traseira,Sem Vítimas,Pleno dia,Decrescente,Nublado,Dupla,Curva,Urbano,2011,3,0,0,0,3,0,0,3
855405,15/02/2011,Terça,10:00:00,RN,101,100.0,NATAL,Defeito mecânico em veículo,Colisão traseira,Sem Vítimas,Pleno dia,Crescente,Sol,Dupla,Cruzamento,Urbano,2011,2,0,0,0,2,0,0,2
855421,15/02/2011,Terça,12:30:00,RN,226,1.6,NATAL,Animais na Pista,Atropelamento de animal,Com Vítimas Feridas,Pleno dia,Crescente,Ceu Claro,Dupla,Reta,Urbano,2011,2,0,1,1,0,0,2,1
855449,15/02/2011,Terça,11:30:00,RN,101,100.0,PARNAMIRIM,Falta de atenção,Colisão traseira,Com Vítimas Feridas,Pleno dia,Decrescente,Ceu Claro,Dupla,Reta,Urbano,2011,5,0,1,0,4,0,1,4
855482,13/02/2011,Domingo,14:40:00,RN,101,94.0,NATAL,Desobediência à sinalização,Colisão lateral,Sem Vítimas,Pleno dia,Decrescente,Ceu Claro,Múltipla,Cruzamento,Urbano,2011,2,0,0,0,2,0,0,2
855483,15/02/2011,Terça,15:45:00,RN,101,99.9,NATAL,Falta de atenção,Colisão traseira,Sem Vítimas,Pleno dia,Crescente,Ceu Claro,Dupla,Cruzamento,Urbano,2011,2,0,0,0,2,0,0,2
855491,15/02/2011,Terça,14:40:00,RN,101,148.0,GOIANINHA,Falta de atenção,Tombamento,Com Vítimas Feridas,Pleno dia,Decrescente,Ceu Claro,Dupla,Reta,Urbano,2011,1,0,0,1,0,0,1,1
855629,11/02/2011,Sexta,11:25:00,RN,101,98.3,NATAL,Animais na Pista,Atropelamento de animal,Sem Vítimas,Pleno dia,Crescente,Sol,Dupla,Reta,Urbano,2011,1,0,0,0,1,0,0,1
855688,12/02/2011,Sábado,20:35:00,RN,304,302.0,MACAIBA,Outras,Colisão Transversal,Com Vítimas Feridas,Plena noite,Decrescente,Ceu Claro,Dupla,Reta,Rural,2011,4,0,3,0,1,0,3,2
855691,15/02/2011,Terça,22:00:00,RN,427,97.6,CAICO,Falta de atenção,Colisão traseira,Com Vítimas Feridas,Plena noite,Decrescente,Ceu Claro,Simples,Reta,Urbano,2011,3,0,2,0,1,0,2,2
855692,29/01/2011,Sábado,20:00:00,RN,226,3.7,NATAL,Falta de atenção,Colisão lateral,Com Vítimas Feridas,Plena noite,Crescente,Ceu Claro,Simples,Reta,Urbano,2011,2,0,1,0,1,0,1,2
855733,15/02/2011,Terça,19:20:00,RN,304,35.8,MOSSORO,Outras,Atropelamento de pessoa,Com Vítimas Feridas,Plena noite,Crescente,Ceu Claro,Simples,Reta,Urbano,2011,2,0,2,0,0,0,2,1
855745,11/02/2011,Sexta,07:20:00,RN,101,81.1,SAO GONCALO DO AMARANTE,Outras,Colisão lateral,Com Vítimas Feridas,Pleno dia,Crescente,Ceu Claro,Dupla,Cruzamento,Urbano,2011,2,0,0,1,1,0,1,2
855751,16/02/2011,Quarta,01:50:00,RN,101,96.0,NATAL,Desobediência à sinalização,Colisão frontal,Com Vítimas Feridas,Plena noite,Crescente,Ceu Claro,Dupla,Reta,Urbano,2011,4,0,2,0,1,1,2,2
855807,08/02/2011,Terça,09:55:00,RN,226,61.0,SENADOR ELOI DE SOUZA,Outras,Colisão traseira,Com Vítimas Feridas,Pleno dia,Crescente,Sol,Simples,Reta,Urbano,2011,2,0,0,1,1,0,1,2
855881,16/02/2011,Quarta,09:30:00,RN,226,3.1,NATAL,Falta de atenção,Colisão Transversal,Com Vítimas Feridas,Pleno dia,Decrescente,Ceu Claro,Simples,Reta,Urbano,2011,2,0,1,0,1,0,1,2
855882,16/02/2011,Quarta,08:40:00,RN,101,102.1,PARNAMIRIM,Dormindo,Colisão com objeto fixo,Sem Vítimas,Pleno dia,Decrescente,Ceu Claro,Dupla,Reta,Urbano,2011,1,0,0,0,1,0,0,1
855905,16/02/2011,Quarta,09:00:00,RN,304,36.0,MOSSORO,Falta de atenção,Colisão traseira,Com Vítimas Feridas,Pleno dia,Decrescente,Nublado,Simples,Reta,Urbano,2011,2,0,1,0,1,0,1,2
855976,16/02/2011,Quarta,12:15:00,RN,101,97.2,NATAL,Não guardar distância de segurança,Colisão traseira,Sem Vítimas,Pleno dia,Crescente,Ceu Claro,Múltipla,Reta,Urbano,2011,2,0,0,0,2,0,0,2
856009,16/02/2011,Quarta,10:20:00,RN,101,169.3,BAIA FORMOSA,Falta de atenção,Colisão lateral,Com Vítimas Feridas,Pleno dia,Crescente,Sol,Dupla,Reta,Rural,2011,2,0,2,0,0,0,2,2
856027,16/02/2011,Quarta,13:15:00,RN,101,95.9,NATAL,Falta de atenção,Colisão lateral,Sem Vítimas,Pleno dia,Decrescente,Sol,Múltipla,Reta,Urbano,2011,2,0,0,0,2,0,0,2
856128,16/02/2011,Quarta,19:00:00,RN,101,148.0,GOIANINHA,Defeito na via,Colisão com objeto fixo,Sem Vítimas,Plena noite,Decrescente,Nublado,Dupla,Reta,Urbano,2011,1,0,0,0,1,0,0,1
856167,16/02/2011,Quarta,22:00:00,RN,226,2.4,NATAL,Ingestão de álcool,Atropelamento de pessoa,Com Vítimas Feridas,Plena noite,Decrescente,Ceu Claro,Simples,Reta,Urbano,2011,2,0,1,0,1,0,1,1
856214,16/02/2011,Quarta,13:00:00,RN,101,97.0,NATAL,Falta de atenção,Colisão lateral,Sem Vítimas,Pleno dia,Crescente,Sol,Simples,Cruzamento,Urbano,2011,2,0,0,0,2,0,0,2
856258,14/02/2011,Segunda,07:00:00,RN,304,47.4,MOSSORO,Falta de atenção,Colisão com bicicleta,Com Vítimas Feridas,Pleno dia,Decrescente,Sol,Simples,Cruzamento,Urbano,2011,2,0,2,0,0,0,2,2
856290,17/02/2011,Quinta,08:00:00,RN,101,96.3,NATAL,Falta de atenção,Colisão traseira,Sem Vítimas,Pleno dia,Decrescente,Ceu Claro,Dupla,Reta,Urbano,2011,4,0,0,0,3,1,0,4
856291,16/02/2011,Quarta,06:40:00,RN,304,39.2,MOSSORO,Falta de atenção,Colisão Transversal,Com Vítimas Feridas,Pleno dia,Crescente,Sol,Simples,Cruzamento,Urbano,2011,2,0,1,0,0,1,1,2
856294,13/02/2011,Domingo,21:30:00,RN,101,85.1,NATAL,Não guardar distância de segurança,Colisão traseira,Sem Vítimas,Plena noite,Crescente,Ceu Claro,Dupla,Reta,Urbano,2011,2,0,0,0,1,1,0,2
856304,17/02/2011,Quinta,07:30:00,RN,101,84.6,NATAL,Falta de atenção,Colisão lateral,Com Vítimas Feridas,Pleno dia,Crescente,Ceu Claro,Simples,Curva,Urbano,2011,3,0,2,1,0,0,3,2
856402,14/02/2011,Segunda,04:50:00,RN,304,303.0,MACAIBA,Animais na Pista,Atropelamento de animal,Sem Vítimas,Amanhecer,Crescente,Ceu Claro,Dupla,Reta,Urbano,2011,1,0,0,0,1,0,0,1
856466,17/02/2011,Quinta,11:30:00,RN,101,82.0,NATAL,Falta de atenção,Colisão lateral,Sem Vítimas,Pleno dia,Crescente,Ceu Claro,Dupla,Reta,Urbano,2011,2,0,0,0,2,0,0,2
856499,13/02/2011,Domingo,09:20:00,RN,304,292.0,MACAIBA,Outras,Colisão traseira,Sem Vítimas,Pleno dia,Crescente,Ceu Claro,Simples,Reta,Rural,2011,2,0,0,0,2,0,0,2
856540,14/02/2011,Segunda,06:10:00,RN,101,85.5,NATAL,Falta de atenção,Colisão traseira,Com Vítimas Feridas,Pleno dia,Crescente,Sol,Dupla,Reta,Urbano,2011,2,0,1,0,1,0,1,2
856573,17/02/2011,Quinta,08:20:00,RN,101,110.0,PARNAMIRIM,Ultrapassagem indevida,Colisão lateral,Sem Vítimas,Pleno dia,Decrescente,Ceu Claro,Dupla,Reta,Urbano,2011,2,0,0,0,2,0,0,2
856577,13/02/2011,Domingo,12:40:00,RN,101,100.0,NATAL,Falta de atenção,Colisão traseira,Sem Vítimas,Pleno dia,Decrescente,Ceu Claro,Múltipla,Cruzamento,Urbano,2011,2,0,0,0,2,0,0,2
856593,14/02/2011,Segunda,00:00:00,RN,406,162.0,CEARA-MIRIM,Outras,Colisão frontal,Sem Vítimas,Plena noite,Decrescente,Chuva,Simples,Reta,Rural,2011,2,0,0,0,2,0,0,2
856758,16/02/2011,Quarta,16:00:00,RN,101,145.0,GOIANINHA,Desobediência à sinalização,Colisão Transversal,Sem Vítimas,Pleno dia,Decrescente,Ceu Claro,Dupla,Reta,Urbano,2011,2,0,0,0,2,0,0,2
856951,17/02/2011,Quinta,05:00:00,RN,101,158.0,GOIANINHA,Outras,Colisão com bicicleta,Com Vítimas Fatais,Amanhecer,Decrescente,Ceu Claro,Dupla,Reta,Rural,2011,2,1,0,0,0,1,0,2
856953,15/02/2011,Terça,04:30:00,RN,226,37.7,MACAIBA,Animais na Pista,Atropelamento de animal,Sem Vítimas,Amanhecer,Crescente,Ceu Claro,Simples,Reta,Rural,2011,1,0,0,0,1,0,0,1
857126,18/02/2011,Sexta,18:30:00,RN,101,99.0,NATAL,Outras,Colisão traseira,Com Vítimas Feridas,Plena noite,Decrescente,Ceu Claro,Múltipla,Reta,Urbano,2011,2,0,1,0,1,0,1,2
857171,18/02/2011,Sexta,15:36:00,RN,101,97.1,NATAL,Falta de atenção,Colisão traseira,Sem Vítimas,Pleno dia,Crescente,Ceu Claro,Dupla,Reta,Urbano,2011,2,0,0,0,2,0,0,2
857174,18/02/2011,Sexta,15:00:00,RN,304,209.9,CAICARA DO RIO DO VENTO,Desobediência à sinalização,Colisão lateral,Com Vítimas Feridas,Pleno dia,Decrescente,Sol,Simples,Reta,Rural,2011,3,0,0,1,2,0,1,3
857185,18/02/2011,Sexta,18:20:00,RN,101,98.7,NATAL,Desobediência à sinalização,Colisão lateral,Sem Vítimas,Pleno dia,Decrescente,Ceu Claro,Dupla,Reta,Urbano,2011,2,0,0,0,2,0,0,2
857196,18/02/2011,Sexta,19:10:00,RN,304,213.2,CAICARA DO RIO DO VENTO,Animais na Pista,Atropelamento de animal,Sem Vítimas,Anoitecer,Crescente,Vento,Simples,Reta,Rural,2011,1,0,0,0,1,0,0,1
857200,18/02/2011,Sexta,20:40:00,RN,101,94.5,NATAL,Outras,Atropelamento de pessoa,Com Vítimas Feridas,Plena noite,Crescente,Ceu Claro,Dupla,Reta,Urbano,2011,2,0,0,1,0,1,1,1
857214,18/02/2011,Sexta,11:45:00,RN,110,47.8,MOSSORO,Desobediência à sinalização,Colisão Transversal,Com Vítimas Feridas,Pleno dia,Crescente,Sol,Simples,Cruzamento,Urbano,2011,2,0,1,0,1,0,1,2
857235,18/02/2011,Sexta,14:20:00,RN,101,112.1,PARNAMIRIM,Outras,Colisão traseira,Sem Vítimas,Pleno dia,Decrescente,Ceu Claro,Dupla,Reta,Rural,2011,2,0,0,0,2,0,0,2
857265,18/02/2011,Sexta,16:40:00,RN,101,126.9,SAO JOSE DE MIPIBU,Ingestão de álcool,Atropelamento de pessoa,Com Vítimas Feridas,Pleno dia,Decrescente,Ceu Claro,Dupla,Reta,Urbano,2011,2,0,0,1,1,0,1,1
857359,18/02/2011,Sexta,08:00:00,RN,427,25.9,ACARI,Dormindo,Tombamento,Sem Vítimas,Pleno dia,Decrescente,Ceu Claro,Simples,Reta,Rural,2011,1,0,0,0,1,0,0,1
857385,17/02/2011,Quinta,17:40:00,RN,304,37.6,MOSSORO,Outras,Colisão Transversal,Sem Vítimas,Pleno dia,Crescente,Chuva,Simples,Cruzamento,Urbano,2011,2,0,0,0,2,0,0,2
857386,19/02/2011,Sábado,07:30:00,RN,101,68.0,EXTREMOZ,Falta de atenção,Colisão Transversal,Com Vítimas Feridas,Pleno dia,Decrescente,Ceu Claro,Simples,Cruzamento,Rural,2011,4,0,1,0,2,1,1,2
857414,19/02/2011,Sábado,09:40:00,RN,101,99.8,NATAL,Falta de atenção,Colisão traseira,Sem Vítimas,Pleno dia,Crescente,Ceu Claro,Dupla,Cruzamento,Urbano,2011,2,0,0,0,2,0,0,2
857416,18/02/2011,Sexta,21:40:00,RN,226,6.5,MACAIBA,Outras,Colisão frontal,Com Vítimas Feridas,Plena noite,Crescente,Ceu Claro,Simples,Curva,Urbano,2011,3,0,2,0,1,0,2,2
857417,19/02/2011,Sábado,10:16:00,RN,101,101.3,PARNAMIRIM,Falta de atenção,Colisão traseira,Sem Vítimas,Pleno dia,Decrescente,Ceu Claro,Dupla,Reta,Urbano,2011,2,0,0,0,2,0,0,2
857507,17/02/2011,Quinta,17:30:00,RN,405,2.4,MOSSORO,Falta de atenção,Colisão traseira,Com Vítimas Feridas,Anoitecer,Decrescente,Chuva,Dupla,Reta,Urbano,2011,2,0,0,1,1,0,1,2
857610,19/02/2011,Sábado,11:00:00,RN,101,82.8,NATAL,Falta de atenção,Colisão traseira,Sem Vítimas,Pleno dia,Decrescente,Ceu Claro,Dupla,Reta,Urbano,2011,2,0,0,0,2,0,0,2
857663,19/02/2011,Sábado,18:55:00,RN,101,108.3,PARNAMIRIM,Desobediência à sinalização,Colisão Transversal,Sem Vítimas,Plena noite,Decrescente,Ceu Claro,Múltipla,Cruzamento,Urbano,2011,2,0,0,0,2,0,0,2
857670,19/02/2011,Sábado,20:00:00,RN,101,101.8,PARNAMIRIM,Outras,Capotamento,Com Vítimas Feridas,Plena noite,Decrescente,Ceu Claro,Dupla,Reta,Urbano,2011,1,0,1,0,0,0,1,1
857694,19/02/2011,Sábado,19:00:00,RN,304,298.2,MACAIBA,Outras,Saída de Pista,Sem Vítimas,Plena noite,Decrescente,Chuva,Dupla,Reta,Rural,2011,1,0,0,0,1,0,0,1
857764,20/02/2011,Domingo,02:00:00,RN,101,129.8,SAO JOSE DE MIPIBU,Outras,Capotamento,Com Vítimas Feridas,Plena noite,Decrescente,Chuva,Dupla,Cruzamento,Urbano,2011,1,0,1,0,0,0,1,1
857829,20/02/2011,Domingo,03:50:00,RN,427,18.3,ACARI,Animais na Pista,Atropelamento de animal,Sem Vítimas,Plena noite,Decrescente,Ceu Claro,Simples,Reta,Rural,2011,1,0,0,0,1,0,0,1
857831,18/02/2011,Sexta,18:10:00,RN,101,98.7,NATAL,Outras,Colisão traseira,Com Vítimas Fatais,Plena noite,Decrescente,Ceu Claro,Múltipla,Reta,Urbano,2011,3,1,0,0,1,1,0,3
857883,16/02/2011,Quarta,23:50:00,RN,304,298.9,MACAIBA,Outras,Colisão Transversal,Com Vítimas Feridas,Plena noite,Decrescente,Ceu Claro,Dupla,Reta,Urbano,2011,3,0,0,2,1,0,2,2
857946,20/02/2011,Domingo,08:00:00,RN,101,85.0,SAO GONCALO DO AMARANTE,Desobediência à sinalização,Colisão Transversal,Sem Vítimas,Pleno dia,Crescente,Ceu Claro,Dupla,Curva,Urbano,2011,2,0,0,0,2,0,0,2
857950,20/02/2011,Domingo,10:15:00,RN,101,136.3,SAO JOSE DE MIPIBU,Outras,Saída de Pista,Sem Vítimas,Pleno dia,Decrescente,Chuva,Dupla,Reta,Rural,2011,1,0,0,0,1,0,0,1
858040,20/02/2011,Domingo,14:30:00,RN,110,47.8,MOSSORO,Ingestão de álcool,Colisão com objeto móvel,Com Vítimas Feridas,Pleno dia,Decrescente,Chuva,Simples,Reta,Urbano,2011,2,0,1,0,1,0,1,2
858069,20/02/2011,Domingo,16:20:00,RN,304,256.7,SANTA MARIA,Falta de atenção,Atropelamento de pessoa,Com Vítimas Feridas,Pleno dia,Decrescente,Nublado,Simples,Reta,Urbano,2011,2,0,0,1,0,1,1,1
858285,20/02/2011,Domingo,21:20:00,RN,405,18.2,MOSSORO,Outras,Capotamento,Com Vítimas Feridas,Plena noite,Decrescente,Nublado,Simples,Reta,Rural,2011,2,0,0,1,1,0,1,1
858294,21/02/2011,Segunda,00:55:00,RN,110,47.6,MOSSORO,Desobediência à sinalização,Colisão lateral,Com Vítimas Feridas,Plena noite,Crescente,Nublado,Simples,Reta,Urbano,2011,2,0,1,0,1,0,1,2
858298,18/02/2011,Sexta,16:00:00,RN,405,124.8,TABOLEIRO GRANDE,Outras,Saída de Pista,Com Vítimas Feridas,Pleno dia,Crescente,Ceu Claro,Simples,Reta,Rural,2011,1,0,1,0,0,0,1,1
858340,16/02/2011,Quarta,09:00:00,RN,101,99.9,NATAL,Desobediência à sinalização,Colisão traseira,Com Vítimas Feridas,Pleno dia,Decrescente,Ceu Claro,Dupla,Reta,Urbano,2011,2,0,1,0,1,0,1,2
858442,16/02/2011,Quarta,10:30:00,RN,101,108.0,PARNAMIRIM,Falta de atenção,Colisão traseira,Sem Vítimas,Pleno dia,Crescente,Ceu Claro,Dupla,Reta,Urbano,2011,2,0,0,0,2,0,0,2
858464,21/02/2011,Segunda,10:30:00,RN,110,47.3,MOSSORO,Falta de atenção,Colisão traseira,Com Vítimas Feridas,Pleno dia,Crescente,Ceu Claro,Simples,Reta,Urbano,2011,2,0,1,0,0,1,1,2
858712,21/02/2011,Segunda,15:30:00,RN,304,154.0,ANGICOS,Animais na Pista,Capotamento,Com Vítimas Feridas,Pleno dia,Crescente,Ceu Claro,Simples,Reta,Rural,2011,1,0,0,1,0,0,1,1
858778,21/02/2011,Segunda,07:50:00,RN,101,99.0,NATAL,Falta de atenção,Colisão traseira,Sem Vítimas,Pleno dia,Decrescente,Chuva,Dupla,Reta,Urbano,2011,3,0,0,0,2,1,0,3
858855,18/02/2011,Sexta,17:20:00,RN,101,107.0,PARNAMIRIM,Falta de atenção,Atropelamento de animal,Com Vítimas Feridas,Anoitecer,Crescente,Ceu Claro,Múltipla,Cruzamento,Urbano,2011,2,0,1,1,0,0,2,2
858858,22/02/2011,Terça,07:05:00,RN,101,103.5,PARNAMIRIM,Não guardar distância de segurança,Colisão traseira,Sem Vítimas,Pleno dia,Crescente,Nublado,Dupla,Reta,Urbano,2011,2,0,0,0,2,0,0,2
858932,18/02/2011,Sexta,18:15:00,RN,101,98.0,NATAL,Não guardar distância de segurança,Colisão traseira,Sem Vítimas,Plena noite,Crescente,Ceu Claro,Múltipla,Curva,Urbano,2011,3,0,0,0,3,0,0,3
859087,22/02/2011,Terça,07:50:00,RN,101,85.0,SAO GONCALO DO AMARANTE,Não guardar distância de segurança,Queda de motocicleta / bicicleta / veículo,Com Vítimas Feridas,Pleno dia,Crescente,Ceu Claro,Dupla,Reta,Urbano,2011,1,0,1,0,0,0,1,1
859105,21/02/2011,Segunda,15:20:00,RN,405,124.6,ITAU,Outras,Colisão frontal,Ignorado,Pleno dia,Decrescente,Chuva,Simples,Curva,Rural,2011,2,0,0,0,0,2,0,2
859107,18/02/2011,Sexta,16:00:00,RN,304,198.4,LAJES,Defeito mecânico em veículo,Saída de Pista,Sem Vítimas,Anoitecer,Crescente,Ceu Claro,Simples,Reta,Rural,2011,1,0,0,0,1,0,0,1
859137,22/02/2011,Terça,15:00:00,RN,101,98.8,NATAL,Outras,Colisão traseira,Sem Vítimas,Pleno dia,Crescente,Sol,Múltipla,Reta,Urbano,2011,2,0,0,0,2,0,0,2
859244,22/02/2011,Terça,18:10:00,RN,101,37.0,CEARA-MIRIM,Animais na Pista,Atropelamento de animal,Com Vítimas Feridas,Plena noite,Crescente,Ceu Claro,Simples,Reta,Rural,2011,1,0,1,0,0,0,1,1
859252,18/02/2011,Sexta,14:40:00,RN,226,79.3,SAO JOSE DE MIPIBU,Velocidade incompatível,Saída de Pista,Com Vítimas Feridas,Pleno dia,Decrescente,Ceu Claro,Simples,Curva,Rural,2011,1,0,1,0,0,0,1,1
859274,22/02/2011,Terça,18:30:00,RN,101,96.3,NATAL,Não guardar distância de segurança,Colisão traseira,Sem Vítimas,Plena noite,Crescente,Ceu Claro,Dupla,Reta,Urbano,2011,2,0,0,0,2,0,0,2
859463,23/02/2011,Quarta,10:10:00,RN,304,296.8,MACAIBA,Falta de atenção,Atropelamento de pessoa,Com Vítimas Feridas,Pleno dia,Decrescente,Ceu Claro,Simples,Cruzamento,Urbano,2011,2,0,1,0,1,0,1,1
859689,15/02/2011,Terça,07:20:00,RN,101,98.0,NATAL,Falta de atenção,Colisão traseira,Sem Vítimas,Pleno dia,Decrescente,Ceu Claro,Dupla,Reta,Urbano,2011,2,0,0,0,2,0,0,2
859749,23/02/2011,Quarta,19:00:00,RN,101,82.7,NATAL,Outras,Atropelamento de pessoa,Com Vítimas Feridas,Plena noite,Decrescente,Ceu Claro,Dupla,Reta,Urbano,2011,2,0,0,1,1,0,1,1
860057,24/02/2011,Quinta,10:25:00,RN,110,29.7,MOSSORO,Dormindo,Capotamento,Com Vítimas Feridas,Pleno dia,Decrescente,Ceu Claro,Simples,Reta,Rural,2011,1,0,1,0,0,0,1,1
860074,24/02/2011,Quinta,08:20:00,RN,101,84.2,SAO GONCALO DO AMARANTE,Falta de atenção,Colisão traseira,Com Vítimas Feridas,Pleno dia,Crescente,Ceu Claro,Dupla,Reta,Urbano,2011,2,0,1,0,1,0,1,2
860087,20/02/2011,Domingo,22:55:00,RN,101,79.9,NATAL,Animais na Pista,Capotamento,Com Vítimas Feridas,Plena noite,Crescente,Vento,Dupla,Reta,Urbano,2011,1,0,1,0,0,0,1,1
860091,17/02/2011,Quinta,17:10:00,RN,101,100.0,PARNAMIRIM,Falta de atenção,Colisão traseira,Sem Vítimas,Anoitecer,Decrescente,Ceu Claro,Dupla,Cruzamento,Urbano,2011,2,0,0,0,2,0,0,2
860143,24/02/2011,Quinta,08:00:00,RN,304,37.0,MOSSORO,Desobediência à sinalização,Colisão Transversal,Sem Vítimas,Pleno dia,Crescente,Ceu Claro,Simples,Reta,Rural,2011,2,0,0,0,2,0,0,2
860146,24/02/2011,Quinta,11:50:00,RN,101,95.9,NATAL,Outras,Colisão lateral,Sem Vítimas,Pleno dia,Decrescente,Ceu Claro,Dupla,Reta,Urbano,2011,2,0,0,0,2,0,0,2
860188,21/02/2011,Segunda,18:30:00,RN,101,97.5,NATAL,Outras,Queda de motocicleta / bicicleta / veículo,Com Vítimas Feridas,Plena noite,Crescente,Ceu Claro,Dupla,Reta,Urbano,2011,1,0,0,1,0,0,1,1
860203,24/02/2011,Quinta,14:30:00,RN,101,100.0,NATAL,Não guardar distância de segurança,Colisão traseira,Sem Vítimas,Pleno dia,Crescente,Ceu Claro,Múltipla,Cruzamento,Urbano,2011,2,0,0,0,2,0,0,2
860267,24/02/2011,Quinta,13:20:00,RN,101,95.0,NATAL,Falta de atenção,Colisão Transversal,Sem Vítimas,Pleno dia,Crescente,Ceu Claro,Múltipla,Cruzamento,Urbano,2011,2,0,0,0,2,0,0,2
860316,20/02/2011,Domingo,22:55:00,RN,101,105.7,PARNAMIRIM,Outras,Atropelamento de pessoa,Com Vítimas Fatais,Plena noite,Decrescente,Nublado,Dupla,Reta,Urbano,2011,2,1,0,0,0,1,0,1
860387,24/02/2011,Quinta,19:00:00,RN,406,145.0,CEARA-MIRIM,Outras,Atropelamento de pessoa,Com Vítimas Fatais,Plena noite,Crescente,Ceu Claro,Simples,Reta,Rural,2011,2,1,0,0,1,0,0,1
860433,25/02/2011,Sexta,02:15:00,RN,226,5.4,NATAL,Outras,Tombamento,Sem Vítimas,Plena noite,Decrescente,Ceu Claro,Simples,Curva,Urbano,2011,2,0,0,0,2,0,0,2
860483,24/02/2011,Quinta,08:10:00,RN,110,48.6,MOSSORO,Falta de atenção,Colisão lateral,Sem Vítimas,Pleno dia,Crescente,Ceu Claro,Dupla,Cruzamento,Urbano,2011,2,0,0,0,2,0,0,2
860558,12/02/2011,Sábado,16:40:00,RN,101,98.0,NATAL,Falta de atenção,Colisão traseira,Com Vítimas Feridas,Pleno dia,Crescente,Nublado,Dupla,Reta,Urbano,2011,2,0,1,0,1,0,1,2
860604,21/02/2011,Segunda,14:00:00,RN,101,100.0,NATAL,Outras,Colisão lateral,Sem Vítimas,Pleno dia,Crescente,Ceu Claro,Dupla,Reta,Urbano,2011,2,0,0,0,1,1,0,2
860623,25/02/2011,Sexta,10:40:00,RN,101,101.8,PARNAMIRIM,Não guardar distância de segurança,Colisão traseira,Sem Vítimas,Pleno dia,Crescente,Sol,Dupla,Cruzamento,Urbano,2011,2,0,0,0,2,0,0,2
860791,25/02/2011,Sexta,10:30:00,RN,427,141.2,SERRA NEGRA DO NORTE,Outras,Colisão lateral,Sem Vítimas,Pleno dia,Crescente,Ceu Claro,Simples,Reta,Rural,2011,3,0,0,0,2,1,0,3
860966,22/02/2011,Terça,06:00:00,RN,226,6.0,NATAL,Outras,Tombamento,Com Vítimas Feridas,Amanhecer,Decrescente,Ceu Claro,Simples,Reta,Urbano,2011,2,0,1,0,1,0,1,1
861026,26/02/2011,Sábado,07:10:00,RN,101,97.5,NATAL,Falta de atenção,Colisão traseira,Sem Vítimas,Pleno dia,Decrescente,Nublado,Dupla,Reta,Urbano,2011,2,0,0,0,2,0,0,2
861195,26/02/2011,Sábado,14:50:00,RN,405,4.0,MOSSORO,Falta de atenção,Colisão Transversal,Sem Vítimas,Pleno dia,Crescente,Sol,Simples,Reta,Urbano,2011,2,0,0,0,2,0,0,2
861203,26/02/2011,Sábado,13:40:00,RN,101,84.0,NATAL,Falta de atenção,Colisão traseira,Sem Vítimas,Pleno dia,Decrescente,Nublado,Dupla,Reta,Urbano,2011,2,0,0,0,2,0,0,2
861359,26/02/2011,Sábado,17:15:00,RN,110,49.7,MOSSORO,Outras,Colisão com bicicleta,Com Vítimas Fatais,Pleno dia,Crescente,Ceu Claro,Dupla,Curva,Urbano,2011,3,1,0,1,0,1,1,3
861386,26/02/2011,Sábado,20:40:00,RN,101,106.0,PARNAMIRIM,Outras,Colisão com bicicleta,Com Vítimas Feridas,Plena noite,Crescente,Nublado,Dupla,Cruzamento,Urbano,2011,2,0,0,1,1,0,1,2
861390,26/02/2011,Sábado,20:15:00,RN,406,76.1,JANDAIRA,Falta de atenção,Colisão frontal,Com Vítimas Feridas,Plena noite,Decrescente,Ceu Claro,Simples,Reta,Rural,2011,3,0,2,0,1,0,2,2
861451,26/02/2011,Sábado,11:20:00,RN,226,168.6,CURRAIS NOVOS,Outras,Capotamento,Sem Vítimas,Pleno dia,Decrescente,Ceu Claro,Simples,Curva,Rural,2011,1,0,0,0,1,0,0,1
861462,26/02/2011,Sábado,22:50:00,RN,101,94.8,NATAL,Outras,Colisão com objeto fixo,Sem Vítimas,Plena noite,Decrescente,Nublado,Dupla,Reta,Urbano,2011,1,0,0,0,1,0,0,1
861503,26/02/2011,Sábado,07:00:00,RN,226,4.0,NATAL,Falta de atenção,Colisão traseira,Sem Vítimas,Amanhecer,Crescente,Chuva,Simples,Cruzamento,Urbano,2011,2,0,0,0,2,0,0,2
861555,25/02/2011,Sexta,21:50:00,RN,304,98.2,ASSU,Outras,Capotamento,Sem Vítimas,Plena noite,Decrescente,Ceu Claro,Simples,Reta,Rural,2011,1,0,0,0,1,0,0,1
861583,07/02/2011,Segunda,18:40:00,RN,101,96.4,NATAL,Velocidade incompatível,Colisão traseira,Com Vítimas Feridas,Plena noite,Crescente,Ceu Claro,Dupla,Reta,Urbano,2011,3,0,1,0,2,0,1,3