id,data_inversa,dia_semana,horario,uf,br,km,municipio,causa_acidente,tipo_acidente,classificacao_acidente,fase_dia,sentido_via,condicao_metereologica,tipo_pista,tracado_via,uso_solo,ano,pessoas,mortos,feridos_leves,feridos_graves,ilesos,ignorados,feridos,veiculos
868298,09/03/2011,Quarta,17:10:00,RN,101,102.0,PARNAMIRIM,Falta de atenção,Colisão traseira,Sem Vítimas,Pleno dia,Decrescente,Ceu Claro,Dupla,Reta,Urbano,2011,2,0,0,0,2,0,0,2
868313,09/03/2011,Quarta,17:00:00,RN,101,82.2,SAO GONCALO DO AMARANTE,Não guardar distância de segurança,Colisão traseira,Sem Vítimas,Pleno dia,Crescente,Chuva,Dupla,Reta,Urbano,2011,2,0,0,0,2,0,0,2
868321,09/03/2011,Quarta,08:25:00,RN,304,305.9,MACAIBA,Outras,Colisão lateral,Sem Vítimas,Pleno dia,Crescente,Chuva,Dupla,Reta,Urbano,2011,2,0,0,0,2,0,0,2
868358,05/03/2011,Sábado,14:00:00,RN,226,7.0,NATAL,Outras,Colisão frontal,Com Vítimas Feridas,Pleno dia,Crescente,Sol,Simples,Reta,Urbano,2011,2,0,1,0,1,0,1,2
868542,04/03/2011,Sexta,04:45:00,RN,304,48.4,MOSSORO,Outras,Colisão com objeto móvel,Ignorado,Plena noite,Crescente,Ceu Claro,Simples,Cruzamento,Urbano,2011,2,0,0,0,0,2,0,2
868545,09/03/2011,Quarta,21:00:00,RN,101,97.7,NATAL,Falta de atenção,Colisão traseira,Sem Vítimas,Plena noite,Decrescente,Ceu Claro,Dupla,Cruzamento,Urbano,2011,2,0,0,0,2,0,0,2
868603,08/03/2011,Terça,11:30:00,RN,226,0.7,NATAL,Não guardar distância de segurança,Colisão traseira,Sem Vítimas,Pleno dia,Decrescente,Chuva,Simples,Reta,Urbano,2011,2,0,0,0,1,1,0,2
868604,06/03/2011,Domingo,18:00:00,RN,304,296.9,MACAIBA,Ingestão de álcool,Colisão lateral,Com Vítimas Feridas,Plena noite,Decrescente,Ceu Claro,Simples,Reta,Urbano,2011,5,0,2,2,1,0,4,2
868710,10/03/2011,Quinta,09:40:00,RN,304,45.2,MOSSORO,Não guardar distância de segurança,Colisão traseira,Sem Vítimas,Pleno dia,Crescente,Sol,Simples,Reta,Urbano,2011,2,0,0,0,2,0,0,2
868720,05/03/2011,Sábado,15:15:00,RN,406,125.2,TAIPU,Falta de atenção,Colisão traseira,Com Vítimas Feridas,Pleno dia,Decrescente,Ceu Claro,Simples,Reta,Rural,2011,2,0,1,0,1,0,1,2
868744,04/03/2011,Sexta,19:00:00,RN,406,38.0,GUAMARE,Falta de atenção,Colisão Transversal,Com Vítimas Feridas,Plena noite,Crescente,Ceu Claro,Simples,Reta,Rural,2011,6,0,0,5,0,1,5,2
868755,04/03/2011,Sexta,23:40:00,RN,304,56.7,MOSSORO,Dormindo,Colisão frontal,Sem Vítimas,Plena noite,Crescente,Nublado,Simples,Reta,Rural,2011,3,0,0,0,3,0,0,3
868811,08/03/2011,Terça,12:30:00,RN,101,99.9,NATAL,Falta de atenção,Colisão traseira,Sem Vítimas,Pleno dia,Crescente,Sol,Dupla,Reta,Urbano,2011,2,0,0,0,1,1,0,2
868832,10/03/2011,Quinta,06:45:00,RN,101,97.0,NATAL,Falta de atenção,Colisão traseira,Sem Vítimas,Pleno dia,Decrescente,Sol,Dupla,Reta,Urbano,2011,3,0,0,0,3,0,0,3
868887,10/03/2011,Quinta,13:30:00,RN,304,75.8,MOSSORO,Defeito mecânico em veículo,Queda de motocicleta / bicicleta / veículo,Com Vítimas Feridas,Pleno dia,Crescente,Chuva,Simples,Reta,Rural,2011,1,0,1,0,0,0,1,1
868900,06/03/2011,Domingo,03:40:00,RN,405,69.2,FELIPE GUERRA,Falta de atenção,Colisão lateral,Com Vítimas Fatais,Plena noite,Crescente,Nublado,Simples,Reta,Urbano,2011,2,1,0,0,0,1,0,2
868912,09/03/2011,Quarta,10:47:00,RN,304,34.2,MOSSORO,Não guardar distância de segurança,Colisão traseira,Sem Vítimas,Pleno dia,Crescente,Nublado,Simples,Reta,Urbano,2011,3,0,0,0,3,0,0,3
868933,10/03/2011,Quinta,11:05:00,RN,101,85.7,SAO GONCALO DO AMARANTE,Outras,Colisão traseira,Sem Vítimas,Pleno dia,Crescente,Nublado,Dupla,Reta,Urbano,2011,5,0,0,0,5,0,0,5
868956,07/03/2011,Segunda,04:10:00,RN,101,102.9,PARNAMIRIM,Outras,Queda de motocicleta / bicicleta / veículo,Com Vítimas Feridas,Plena noite,Decrescente,Nublado,Dupla,Reta,Urbano,2011,1,0,1,0,0,0,1,1
868984,10/03/2011,Quinta,15:40:00,RN,101,84.0,NATAL,Falta de atenção,Colisão traseira,Sem Vítimas,Pleno dia,Decrescente,Ceu Claro,Dupla,Reta,Urbano,2011,2,0,0,0,2,0,0,2
869017,09/03/2011,Quarta,15:30:00,RN,226,87.1,TANGARA,Falta de atenção,Tombamento,Com Vítimas Feridas,Pleno dia,Decrescente,Nublado,Simples,Curva,Rural,2011,1,0,1,0,0,0,1,1
869097,10/03/2011,Quinta,16:00:00,RN,406,91.0,JOAO CAMARA,Outras,Capotamento,Com Vítimas Feridas,Pleno dia,Crescente,Nublado,Simples,Reta,Rural,2011,2,0,1,0,1,0,1,2
869107,10/03/2011,Quinta,19:15:00,RN,110,47.4,MOSSORO,Falta de atenção,Colisão Transversal,Com Vítimas Feridas,Plena noite,Crescente,Nublado,Simples,Cruzamento,Urbano,2011,2,0,0,2,0,0,2,2
869139,10/03/2011,Quinta,18:30:00,RN,101,102.0,PARNAMIRIM,Outras,Colisão traseira,Sem Vítimas,Anoitecer,Decrescente,Nublado,Dupla,Reta,Urbano,2011,2,0,0,0,2,0,0,2
869194,05/03/2011,Sábado,16:00:00,RN,406,150.8,CEARA-MIRIM,Falta de atenção,Colisão traseira,Sem Vítimas,Pleno dia,Crescente,Ceu Claro,Simples,Reta,Urbano,2011,2,0,0,0,2,0,0,2
869238,10/03/2011,Quinta,20:30:00,RN,101,110.8,PARNAMIRIM,Outras,Saída de Pista,Sem Vítimas,Plena noite,Decrescente,Chuva,Dupla,Reta,Rural,2011,1,0,0,0,1,0,0,1
869257,10/03/2011,Quinta,19:00:00,RN,101,102.0,PARNAMIRIM,Falta de atenção,Colisão traseira,Sem Vítimas,Plena noite,Crescente,Ceu Claro,Múltipla,Reta,Urbano,2011,2,0,0,0,2,0,0,2
869284,08/03/2011,Terça,06:00:00,RN,406,151.0,CEARA-MIRIM,Falta de atenção,Colisão traseira,Sem Vítimas,Pleno dia,Crescente,Chuva,Simples,Reta,Rural,2011,2,0,0,0,2,0,0,2
869377,11/03/2011,Sexta,08:40:00,RN,101,95.7,NATAL,Não guardar distância de segurança,Colisão lateral,Sem Vítimas,Pleno dia,Decrescente,Chuva,Simples,Reta,Urbano,2011,2,0,0,0,2,0,0,2
869428,10/03/2011,Quinta,16:25:00,RN,101,98.7,NATAL,Falta de atenção,Colisão traseira,Sem Vítimas,Pleno dia,Crescente,Nevoeiro/neblina,Dupla,Reta,Urbano,2011,2,0,0,0,2,0,0,2
869515,11/03/2011,Sexta,07:45:00,RN,101,101.9,PARNAMIRIM,Desobediência à sinalização,Colisão traseira,Sem Vítimas,Pleno dia,Crescente,Sol,Múltipla,Cruzamento,Urbano,2011,2,0,0,0,2,0,0,2
869547,28/01/2011,Sexta,23:45:00,RN,110,34.0,MOSSORO,Falta de atenção,Colisão traseira,Com Vítimas Feridas,Plena noite,Crescente,Chuva,Simples,Curva,Rural,2011,2,0,1,0,0,1,1,2
869579,07/03/2011,Segunda,18:40:00,RN,304,187.0,LAJES,Animais na Pista,Atropelamento de animal,Com Vítimas Feridas,Plena noite,Decrescente,Ceu Claro,Simples,Reta,Rural,2011,1,0,1,0,0,0,1,1
869626,08/03/2011,Terça,01:30:00,RN,110,29.9,MOSSORO,Outras,Colisão frontal,Sem Vítimas,Plena noite,Crescente,Ceu Claro,Simples,Reta,Rural,2011,2,0,0,0,2,0,0,2
869632,11/03/2011,Sexta,16:10:00,RN,101,97.0,NATAL,Desobediência à sinalização,Colisão Transversal,Sem Vítimas,Pleno dia,Crescente,Ceu Claro,Dupla,Cruzamento,Urbano,2011,2,0,0,0,2,0,0,2
869732,11/03/2011,Sexta,18:30:00,RN,101,95.2,NATAL,Outras,Colisão traseira,Sem Vítimas,Plena noite,Crescente,Ceu Claro,Múltipla,Reta,Urbano,2011,5,0,0,0,5,0,0,5
869775,11/03/2011,Sexta,21:40:00,RN,101,83.2,SAO GONCALO DO AMARANTE,Outras,Colisão lateral,Sem Vítimas,Plena noite,Crescente,Ceu Claro,Dupla,Cruzamento,Urbano,2011,2,0,0,0,2,0,0,2
869783,11/03/2011,Sexta,19:15:00,RN,304,58.1,MOSSORO,Outras,Queda de motocicleta / bicicleta / veículo,Com Vítimas Feridas,Plena noite,Decrescente,Ceu Claro,Simples,Reta,Rural,2011,1,0,0,1,0,0,1,1
869793,11/03/2011,Sexta,19:00:00,RN,304,220.1,CAICARA DO RIO DO VENTO,Outras,Atropelamento de pessoa,Com Vítimas Fatais,Pleno dia,Crescente,Ceu Claro,Simples,Reta,Urbano,2011,2,1,0,0,1,0,0,1
869858,12/03/2011,Sábado,02:40:00,RN,304,27.2,MOSSORO,Outras,Derramamento de Carga,Sem Vítimas,Plena noite,Decrescente,Ceu Claro,Simples,Reta,Rural,2011,1,0,0,0,1,0,0,1
869920,08/03/2011,Terça,12:00:00,RN,226,78.0,TANGARA,Velocidade incompatível,Atropelamento de pessoa,Com Vítimas Feridas,Pleno dia,Decrescente,Chuva,Simples,Curva,Rural,2011,2,0,0,1,1,0,1,1
869992,12/03/2011,Sábado,10:40:00,RN,101,131.3,SAO JOSE DE MIPIBU,Defeito na via,Derramamento de Carga,Sem Vítimas,Pleno dia,Crescente,Nublado,Dupla,Reta,Urbano,2011,1,0,0,0,1,0,0,1
870062,12/03/2011,Sábado,11:15:00,RN,101,99.5,NATAL,Falta de atenção,Colisão traseira,Sem Vítimas,Pleno dia,Crescente,Ceu Claro,Múltipla,Cruzamento,Urbano,2011,2,0,0,0,2,0,0,2
870208,12/03/2011,Sábado,17:30:00,RN,101,83.1,SAO GONCALO DO AMARANTE,Outras,Colisão traseira,Sem Vítimas,Pleno dia,Crescente,Vento,Dupla,Reta,Urbano,2011,2,0,0,0,2,0,0,2
870286,12/03/2011,Sábado,22:25:00,RN,101,99.0,PARNAMIRIM,Falta de atenção,Colisão traseira,Sem Vítimas,Plena noite,Decrescente,Nublado,Dupla,Cruzamento,Urbano,2011,2,0,0,0,2,0,0,2
870328,12/03/2011,Sábado,19:50:00,RN,101,101.8,PARNAMIRIM,Falta de atenção,Colisão traseira,Sem Vítimas,Pleno dia,Decrescente,Ceu Claro,Dupla,Cruzamento,Urbano,2011,2,0,0,0,2,0,0,2
870394,07/03/2011,Segunda,03:30:00,RN,427,89.6,CAICO,Falta de atenção,Colisão frontal,Com Vítimas Feridas,Plena noite,Decrescente,Ceu Claro,Simples,Reta,Rural,2011,3,0,1,0,2,0,1,2
870414,09/03/2011,Quarta,21:30:00,RN,101,96.6,NATAL,Ingestão de álcool,Colisão lateral,Com Vítimas Feridas,Plena noite,Decrescente,Nublado,Dupla,Reta,Urbano,2011,3,0,1,0,2,0,1,3
870435,05/03/2011,Sábado,19:00:00,RN,406,11.7,MACAU,Falta de atenção,Capotamento,Com Vítimas Feridas,Plena noite,Decrescente,Vento,Simples,Reta,Rural,2011,2,0,0,1,1,0,1,1
870457,10/03/2011,Quinta,06:20:00,RN,101,85.1,NATAL,Falta de atenção,Colisão traseira,Sem Vítimas,Pleno dia,Crescente,Ceu Claro,Dupla,Reta,Urbano,2011,2,0,0,0,2,0,0,2
870462,09/03/2011,Quarta,11:20:00,RN,226,129.1,CAMPO REDONDO,Defeito mecânico em veículo,Colisão com objeto fixo,Sem Vítimas,Pleno dia,Decrescente,Ceu Claro,Simples,Reta,Rural,2011,2,0,0,0,2,0,0,2
870486,04/03/2011,Sexta,11:15:00,RN,110,46.9,MOSSORO,Falta de atenção,Colisão lateral,Sem Vítimas,Pleno dia,Crescente,Ceu Claro,Simples,Cruzamento,Urbano,2011,2,0,0,0,2,0,0,2
870692,08/03/2011,Terça,12:15:00,RN,101,83.1,NATAL,Outras,Colisão traseira,Sem Vítimas,Pleno dia,Decrescente,Chuva,Dupla,Reta,Urbano,2011,2,0,0,0,2,0,0,2
870704,10/03/2011,Quinta,06:30:00,RN,304,228.0,RIACHUELO,Ultrapassagem indevida,Colisão lateral,Com Vítimas Feridas,Pleno dia,Crescente,Ceu Claro,Simples,Reta,Urbano,2011,3,0,0,2,1,0,2,2
870818,14/03/2011,Segunda,00:02:00,RN,304,46.8,MOSSORO,Outras,Colisão traseira,Com Vítimas Feridas,Plena noite,Decrescente,Ceu Claro,Simples,Reta,Urbano,2011,2,0,1,0,0,1,1,2
870854,13/03/2011,Domingo,22:10:00,RN,101,98.0,NATAL,Outras,Colisão lateral,Sem Vítimas,Plena noite,Crescente,Ceu Claro,Múltipla,Cruzamento,Urbano,2011,2,0,0,0,2,0,0,2
870864,13/03/2011,Domingo,14:20:00,RN,304,91.0,ASSU,Falta de atenção,Colisão traseira,Sem Vítimas,Pleno dia,Crescente,Sol,Simples,Reta,Rural,2011,2,0,0,0,1,1,0,2
870880,14/03/2011,Segunda,05:00:00,RN,406,168.9,SAO GONCALO DO AMARANTE,Animais na Pista,Atropelamento de animal,Sem Vítimas,Amanhecer,Crescente,Ceu Claro,Simples,Reta,Urbano,2011,1,0,0,0,1,0,0,1
870883,13/03/2011,Domingo,16:50:00,RN,101,101.9,SAO JOSE DE MIPIBU,Outras,Colisão traseira,Sem Vítimas,Anoitecer,Crescente,Sol,Múltipla,Cruzamento,Urbano,2011,3,0,0,0,3,0,0,3
870919,10/03/2011,Quinta,21:15:00,RN,405,3.0,MOSSORO,Outras,Atropelamento de pessoa,Com Vítimas Feridas,Plena noite,Decrescente,Ceu Claro,Dupla,Reta,Urbano,2011,3,0,1,0,2,0,1,1
871000,14/03/2011,Segunda,08:15:00,RN,101,99.0,NATAL,Falta de atenção,Colisão traseira,Sem Vítimas,Pleno dia,Decrescente,Sol,Dupla,Reta,Urbano,2011,2,0,0,0,2,0,0,2
871119,14/03/2011,Segunda,14:00:00,RN,304,219.4,CAICARA DO RIO DO VENTO,Falta de atenção,Colisão traseira,Sem Vítimas,Pleno dia,Decrescente,Sol,Simples,Reta,Urbano,2011,2,0,0,0,2,0,0,2
871152,09/03/2011,Quarta,16:15:00,RN,226,112.9,SANTA CRUZ,Não guardar distância de segurança,Colisão traseira,Com Vítimas Feridas,Pleno dia,Decrescente,Chuva,Simples,Reta,Urbano,2011,5,0,1,0,4,0,1,2
871167,14/03/2011,Segunda,14:15:00,RN,226,173.2,CURRAIS NOVOS,Outras,Colisão com objeto fixo,Sem Vítimas,Pleno dia,Decrescente,Chuva,Simples,Curva,Rural,2011,2,0,0,0,2,0,0,2
871264,10/03/2011,Quinta,09:55:00,RN,101,94.6,NATAL,Falta de atenção,Colisão traseira,Com Vítimas Feridas,Pleno dia,Crescente,Nublado,Múltipla,Cruzamento,Urbano,2011,2,0,1,0,1,0,1,2
871309,14/03/2011,Segunda,18:30:00,RN,304,303.4,MACAIBA,Animais na Pista,Atropelamento de animal,Sem Vítimas,Plena noite,Decrescente,Ceu Claro,Dupla,Reta,Urbano,2011,1,0,0,0,1,0,0,1
871339,14/03/2011,Segunda,17:30:00,RN,101,99.8,NATAL,Falta de atenção,Colisão traseira,Sem Vítimas,Anoitecer,Decrescente,Ceu Claro,Dupla,Reta,Urbano,2011,2,0,0,0,2,0,0,2
871378,14/03/2011,Segunda,07:40:00,RN,101,85.5,SAO GONCALO DO AMARANTE,Outras,Colisão traseira,Sem Vítimas,Pleno dia,Crescente,Ceu Claro,Dupla,Reta,Urbano,2011,2,0,0,0,2,0,0,2
871519,15/03/2011,Terça,07:50:00,RN,101,101.9,PARNAMIRIM,Falta de atenção,Colisão Transversal,Com Vítimas Feridas,Pleno dia,Crescente,Ceu Claro,Dupla,Cruzamento,Urbano,2011,2,0,0,1,1,0,1,2
871556,04/03/2011,Sexta,18:40:00,RN,101,98.5,NATAL,Não guardar distância de segurança,Colisão traseira,Sem Vítimas,Anoitecer,Crescente,Ceu Claro,Dupla,Reta,Urbano,2011,3,0,0,0,3,0,0,3
871574,09/03/2011,Quarta,14:30:00,RN,406,98.5,JOAO CAMARA,Outras,Colisão Transversal,Com Vítimas Feridas,Pleno dia,Crescente,Ceu Claro,Simples,Reta,Urbano,2011,3,0,0,1,1,1,1,2
871602,15/03/2011,Terça,07:20:00,RN,101,99.9,NATAL,Falta de atenção,Colisão traseira,Sem Vítimas,Pleno dia,Decrescente,Sol,Múltipla,Reta,Urbano,2011,4,0,0,0,4,0,0,4
871606,11/03/2011,Sexta,16:30:00,RN,101,107.3,PARNAMIRIM,Falta de atenção,Colisão lateral,Sem Vítimas,Pleno dia,Crescente,Sol,Dupla,Reta,Urbano,2011,2,0,0,0,2,0,0,2
871641,15/03/2011,Terça,13:50:00,RN,101,95.4,NATAL,Falta de atenção,Colisão traseira,Sem Vítimas,Pleno dia,Decrescente,Ceu Claro,Dupla,Reta,Urbano,2011,3,0,0,0,3,0,0,3
871680,11/03/2011,Sexta,11:20:00,RN,101,96.4,NATAL,Falta de atenção,Colisão lateral,Sem Vítimas,Pleno dia,Decrescente,Sol,Dupla,Cruzamento,Urbano,2011,2,0,0,0,2,0,0,2
871681,12/03/2011,Sábado,17:25:00,RN,304,161.0,FERNANDO PEDROZA,Falta de atenção,Colisão lateral,Com Vítimas Feridas,Anoitecer,Crescente,Ceu Claro,Simples,Curva,Rural,2011,2,0,0,1,1,0,1,2
871935,08/03/2011,Terça,14:30:00,RN,427,99.7,CAICO,Falta de atenção,Colisão traseira,Sem Vítimas,Pleno dia,Crescente,Ceu Claro,Simples,Reta,Urbano,2011,2,0,0,0,2,0,0,2
871947,16/03/2011,Quarta,07:50:00,RN,101,94.6,NATAL,Falta de atenção,Colisão lateral,Sem Vítimas,Pleno dia,Decrescente,Ceu Claro,Múltipla,Cruzamento,Urbano,2011,2,0,0,0,2,0,0,2
871960,03/03/2011,Quinta,15:00:00,RN,101,106.2,PARNAMIRIM,Outras,Colisão Transversal,Com Vítimas Feridas,Pleno dia,Decrescente,Ceu Claro,Dupla,Reta,Urbano,2011,2,0,1,0,1,0,1,2
871990,16/03/2011,Quarta,08:00:00,RN,101,96.3,NATAL,Falta de atenção,Colisão traseira,Sem Vítimas,Pleno dia,Decrescente,Ceu Claro,Dupla,Reta,Urbano,2011,2,0,0,0,2,0,0,2
872001,16/03/2011,Quarta,08:30:00,RN,101,99.5,PARNAMIRIM,Outras,Queda de motocicleta / bicicleta / veículo,Com Vítimas Feridas,Pleno dia,Decrescente,Sol,Dupla,Reta,Urbano,2011,1,0,1,0,0,0,1,1
872069,04/02/2011,Sexta,14:00:00,RN,101,100.0,NATAL,Falta de atenção,Colisão Transversal,Sem Vítimas,Pleno dia,Crescente,Sol,Dupla,Reta,Urbano,2011,2,0,0,0,2,0,0,2
872173,16/03/2011,Quarta,15:15:00,RN,406,161.8,CEARA-MIRIM,Falta de atenção,Colisão traseira,Com Vítimas Feridas,Pleno dia,Crescente,Ceu Claro,Simples,Reta,Urbano,2011,4,0,1,0,3,0,1,4
872225,16/03/2011,Quarta,14:30:00,RN,304,39.7,MOSSORO,Não guardar distância de segurança,Colisão traseira,Sem Vítimas,Pleno dia,Crescente,Sol,Simples,Reta,Urbano,2011,2,0,0,0,2,0,0,2
872269,16/03/2011,Quarta,19:15:00,RN,101,97.9,NATAL,Outras,Colisão lateral,Sem Vítimas,Plena noite,Decrescente,Ceu Claro,Dupla,Cruzamento,Urbano,2011,2,0,0,0,2,0,0,2
872393,10/03/2011,Quinta,04:15:00,RN,101,117.0,SAO JOSE DE MIPIBU,Outras,Saída de Pista,Sem Vítimas,Plena noite,Crescente,Ceu Claro,Dupla,Reta,Rural,2011,1,0,0,0,1,0,0,1
872407,15/03/2011,Terça,11:30:00,RN,304,43.0,MOSSORO,Desobediência à sinalização,Colisão lateral,Com Vítimas Feridas,Pleno dia,Crescente,Nublado,Dupla,Cruzamento,Urbano,2011,3,0,2,0,0,1,2,2
872434,17/03/2011,Quinta,07:10:00,RN,101,94.3,NATAL,Outras,Colisão Transversal,Sem Vítimas,Pleno dia,Decrescente,Ceu Claro,Dupla,Reta,Urbano,2011,2,0,0,0,2,0,0,2
872453,17/03/2011,Quinta,08:00:00,RN,101,96.4,NATAL,Falta de atenção,Colisão traseira,Sem Vítimas,Pleno dia,Decrescente,Ceu Claro,Dupla,Reta,Urbano,2011,2,0,0,0,2,0,0,2
872508,17/03/2011,Quinta,10:00:00,RN,101,96.1,NATAL,Outras,Queda de motocicleta / bicicleta / veículo,Com Vítimas Feridas,Pleno dia,Decrescente,Ceu Claro,Múltipla,Reta,Urbano,2011,1,0,1,0,0,0,1,1
872535,17/03/2011,Quinta,12:10:00,RN,101,97.0,NATAL,Não guardar distância de segurança,Colisão traseira,Sem Vítimas,Pleno dia,Crescente,Sol,Múltipla,Cruzamento,Urbano,2011,2,0,0,0,2,0,0,2
872544,12/03/2011,Sábado,20:30:00,RN,101,96.5,NATAL,Ingestão de álcool,Capotamento,Com Vítimas Feridas,Plena noite,Crescente,Ceu Claro,Dupla,Reta,Urbano,2011,5,0,3,0,2,0,3,3
872546,17/03/2011,Quinta,15:30:00,RN,304,35.4,MOSSORO,Falta de atenção,Colisão traseira,Sem Vítimas,Pleno dia,Crescente,Ceu Claro,Simples,Cruzamento,Urbano,2011,2,0,0,0,2,0,0,2
872621,03/03/2011,Quinta,18:00:00,RN,101,86.0,SAO GONCALO DO AMARANTE,Falta de atenção,Colisão traseira,Sem Vítimas,Plena noite,Crescente,Ceu Claro,Simples,Reta,Urbano,2011,4,0,0,0,4,0,0,4
872635,15/03/2011,Terça,16:00:00,RN,226,229.8,FLORANIA,Outras,Saída de Pista,Com Vítimas Feridas,Plena noite,Crescente,Chuva,Simples,Reta,Rural,2011,2,0,1,1,0,0,2,1
872657,03/03/2011,Quinta,17:15:00,RN,101,94.4,NATAL,Ingestão de álcool,Capotamento,Sem Vítimas,Pleno dia,Decrescente,Ceu Claro,Dupla,Reta,Urbano,2011,1,0,0,0,1,0,0,1
872669,14/03/2011,Segunda,08:30:00,RN,101,99.7,NATAL,Falta de atenção,Colisão lateral,Sem Vítimas,Pleno dia,Decrescente,Ceu Claro,Dupla,Reta,Urbano,2011,2,0,0,0,2,0,0,2
872731,17/03/2011,Quinta,17:50:00,RN,101,97.0,NATAL,Falta de atenção,Colisão traseira,Sem Vítimas,Plena noite,Decrescente,Ceu Claro,Múltipla,Cruzamento,Urbano,2011,2,0,0,0,2,0,0,2
872754,17/03/2011,Quinta,18:20:00,RN,101,97.0,NATAL,Falta de atenção,Colisão traseira,Sem Vítimas,Plena noite,Crescente,Ceu Claro,Dupla,Reta,Urbano,2011,2,0,0,0,2,0,0,2
872906,04/03/2011,Sexta,09:00:00,RN,101,99.1,NATAL,Outras,Colisão lateral,Sem Vítimas,Pleno dia,Decrescente,Sol,Dupla,Reta,Urbano,2011,2,0,0,0,2,0,0,2
872913,18/03/2011,Sexta,06:15:00,RN,101,174.0,CANGUARETAMA,Falta de atenção,Colisão traseira,Sem Vítimas,Pleno dia,Crescente,Ceu Claro,Simples,Reta,Rural,2011,2,0,0,0,2,0,0,2
872944,18/03/2011,Sexta,12:00:00,RN,405,1.0,MOSSORO,Falta de atenção,Colisão traseira,Com Vítimas Feridas,Pleno dia,Crescente,Ceu Claro,Dupla,Reta,Urbano,2011,2,0,0,1,1,0,1,2
872973,18/03/2011,Sexta,09:00:00,RN,101,78.4,NATAL,Animais na Pista,Atropelamento de animal,Com Vítimas Feridas,Pleno dia,Decrescente,Sol,Simples,Reta,Rural,2011,1,0,1,0,0,0,1,1
872987,10/03/2011,Quinta,18:50:00,RN,304,29.0,MOSSORO,Animais na Pista,Atropelamento de animal,Sem Vítimas,Plena noite,Crescente,Ceu Claro,Simples,Reta,Rural,2011,1,0,0,0,1,0,0,1
873078,18/03/2011,Sexta,06:15:00,RN,101,108.2,PARNAMIRIM,Outras,Colisão traseira,Com Vítimas Feridas,Pleno dia,Decrescente,Ceu Claro,Dupla,Reta,Urbano,2011,3,0,2,0,0,1,2,2
873117,18/03/2011,Sexta,17:10:00,RN,110,47.0,MOSSORO,Outras,Colisão Transversal,Sem Vítimas,Pleno dia,Crescente,Ceu Claro,Simples,Reta,Urbano,2011,2,0,0,0,2,0,0,2
873120,14/03/2011,Segunda,14:10:00,RN,304,305.6,PARNAMIRIM,Falta de atenção,Colisão lateral,Sem Vítimas,Pleno dia,Crescente,Sol,Dupla,Reta,Urbano,2011,3,0,0,0,3,0,0,3
873249,18/03/2011,Sexta,18:40:00,RN,304,47.2,MOSSORO,Falta de atenção,Atropelamento de pessoa,Com Vítimas Feridas,Plena noite,Decrescente,Ceu Claro,Simples,Reta,Urbano,2011,2,0,1,0,0,1,1,1
873294,19/03/2011,Sábado,04:30:00,RN,427,45.9,JARDIM DO SERIDO,Dormindo,Capotamento,Com Vítimas Feridas,Plena noite,Crescente,Ceu Claro,Simples,Reta,Rural,2011,1,0,0,1,0,0,1,1
873392,17/03/2011,Quinta,16:30:00,RN,304,106.1,ASSU,Falta de atenção,Colisão Transversal,Com Vítimas Feridas,Pleno dia,Crescente,Chuva,Simples,Cruzamento,Rural,2011,2,0,0,1,1,0,1,2
873438,19/03/2011,Sábado,09:00:00,RN,101,126.6,SAO JOSE DE MIPIBU,Defeito na via,Colisão traseira,Sem Vítimas,Pleno dia,Crescente,Ceu Claro,Dupla,Cruzamento,Urbano,2011,2,0,0,0,2,0,0,2
873470,06/03/2011,Domingo,19:40:00,RN,427,66.1,JARDIM DO SERIDO,Velocidade incompatível,Capotamento,Sem Vítimas,Plena noite,Decrescente,Ceu Claro,Simples,Curva,Rural,2011,1,0,0,0,1,0,0,1
873618,19/03/2011,Sábado,12:20:00,RN,101,100.0,NATAL,Falta de atenção,Colisão traseira,Sem Vítimas,Pleno dia,Decrescente,Ceu Claro,Dupla,Cruzamento,Urbano,2011,2,0,0,0,2,0,0,2
873702,19/03/2011,Sábado,21:00:00,RN,304,296.7,MACAIBA,Ultrapassagem indevida,Colisão frontal,Com Vítimas Feridas,Plena noite,Crescente,Vento,Simples,Cruzamento,Urbano,2011,2,0,1,0,1,0,1,2
873724,19/03/2011,Sábado,21:40:00,RN,101,98.2,NATAL,Falta de atenção,Colisão traseira,Sem Vítimas,Plena noite,Crescente,Ceu Claro,Dupla,Reta,Urbano,2011,2,0,0,0,1,1,0,2
873746,19/03/2011,Sábado,20:00:00,RN,304,185.0,PEDRO AVELINO,Falta de atenção,Tombamento,Com Vítimas Feridas,Plena noite,Crescente,Ceu Claro,Simples,Reta,Rural,2011,1,0,0,1,0,0,1,1
873754,19/03/2011,Sábado,23:35:00,RN,101,85.1,NATAL,Outras,Queda de motocicleta / bicicleta / veículo,Sem Vítimas,Plena noite,Crescente,Ceu Claro,Dupla,Curva,Urbano,2011,1,0,0,0,1,0,0,1
873778,19/03/2011,Sábado,11:15:00,RN,101,144.7,GOIANINHA,Defeito mecânico em veículo,Saída de Pista,Sem Vítimas,Pleno dia,Crescente,Ceu Claro,Dupla,Curva,Rural,2011,1,0,0,0,1,0,0,1