id,data_inversa,dia_semana,horario,uf,br,km,municipio,causa_acidente,tipo_acidente,classificacao_acidente,fase_dia,sentido_via,condicao_metereologica,tipo_pista,tracado_via,uso_solo,ano,pessoas,mortos,feridos_leves,feridos_graves,ilesos,ignorados,feridos,veiculos
880237,23/03/2011,Quarta,17:05:00,RN,405,2.0,MOSSORO,Outras,Colisão Transversal,Ignorado,Pleno dia,Crescente,Ceu Claro,Dupla,Curva,Urbano,2011,2,0,0,0,0,2,0,2
880278,31/03/2011,Quinta,14:00:00,RN,101,94.8,NATAL,Outras,Colisão lateral,Com Vítimas Feridas,Pleno dia,Crescente,Sol,Dupla,Reta,Urbano,2011,2,0,1,0,1,0,1,2
880334,31/03/2011,Quinta,13:50:00,RN,406,28.0,GUAMARE,Outras,Colisão Transversal,Sem Vítimas,Pleno dia,Decrescente,Ceu Claro,Simples,Reta,Urbano,2011,2,0,0,0,2,0,0,2
880352,31/03/2011,Quinta,15:20:00,RN,101,96.0,NATAL,Outras,Colisão traseira,Sem Vítimas,Pleno dia,Crescente,Ceu Claro,Dupla,Reta,Urbano,2011,2,0,0,0,2,0,0,2
880412,31/03/2011,Quinta,18:10:00,RN,101,96.0,NATAL,Falta de atenção,Colisão traseira,Sem Vítimas,Plena noite,Crescente,Ceu Claro,Múltipla,Reta,Urbano,2011,2,0,0,0,2,0,0,2
880505,31/03/2011,Quinta,15:30:00,RN,405,162.1,RAFAEL FERNANDES,Outras,Colisão Transversal,Com Vítimas Fatais,Pleno dia,Decrescente,Ceu Claro,Simples,Cruzamento,Rural,2011,2,1,0,0,1,0,0,2
880595,01/04/2011,Sexta,08:00:00,RN,304,36.0,MOSSORO,Ultrapassagem indevida,Colisão traseira,Com Vítimas Feridas,Pleno dia,Crescente,Sol,Simples,Reta,Urbano,2011,2,0,1,0,0,1,1,2
880629,29/03/2011,Terça,04:45:00,RN,304,229.0,RIACHUELO,Outras,Saída de Pista,Sem Vítimas,Amanhecer,Decrescente,Ceu Claro,Simples,Reta,Urbano,2011,1,0,0,0,1,0,0,1
880638,01/04/2011,Sexta,08:10:00,RN,101,96.2,NATAL,Falta de atenção,Colisão traseira,Sem Vítimas,Pleno dia,Decrescente,Ceu Claro,Dupla,Reta,Urbano,2011,2,0,0,0,2,0,0,2
880672,01/04/2011,Sexta,07:00:00,RN,101,98.1,NATAL,Outras,Colisão lateral,Com Vítimas Feridas,Pleno dia,Decrescente,Ceu Claro,Múltipla,Reta,Urbano,2011,3,0,2,0,0,1,2,2
880686,01/04/2011,Sexta,08:00:00,RN,101,99.8,PARNAMIRIM,Não guardar distância de segurança,Colisão traseira,Sem Vítimas,Pleno dia,Decrescente,Ceu Claro,Múltipla,Reta,Urbano,2011,3,0,0,0,3,0,0,3
880687,01/04/2011,Sexta,11:30:00,RN,101,104.9,PARNAMIRIM,Não guardar distância de segurança,Colisão traseira,Sem Vítimas,Pleno dia,Crescente,Ceu Claro,Dupla,Cruzamento,Urbano,2011,2,0,0,0,2,0,0,2
880884,01/04/2011,Sexta,09:20:00,RN,406,58.1,JANDAIRA,Falta de atenção,Colisão lateral,Com Vítimas Feridas,Pleno dia,Crescente,Sol,Simples,Reta,Rural,2011,7,0,0,1,6,0,1,2
881012,02/04/2011,Sábado,00:05:00,RN,304,34.0,MOSSORO,Outras,Colisão frontal,Com Vítimas Feridas,Plena noite,Decrescente,Ceu Claro,Simples,Reta,Urbano,2011,5,0,4,0,0,1,4,2
881013,01/04/2011,Sexta,10:15:00,RN,110,48.7,MOSSORO,Não guardar distância de segurança,Colisão lateral,Com Vítimas Feridas,Pleno dia,Crescente,Sol,Simples,Reta,Urbano,2011,3,0,1,1,0,1,2,2
881048,02/04/2011,Sábado,03:05:00,RN,101,98.0,NATAL,Falta de atenção,Colisão traseira,Sem Vítimas,Plena noite,Decrescente,Chuva,Dupla,Cruzamento,Urbano,2011,2,0,0,0,2,0,0,2
881054,02/04/2011,Sábado,03:30:00,RN,406,59.2,JANDAIRA,Animais na Pista,Atropelamento de animal,Sem Vítimas,Plena noite,Crescente,Vento,Simples,Reta,Rural,2011,1,0,0,0,1,0,0,1
881075,01/04/2011,Sexta,22:08:00,RN,101,104.0,PARNAMIRIM,Não guardar distância de segurança,Colisão traseira,Sem Vítimas,Plena noite,Crescente,Ceu Claro,Dupla,Reta,Urbano,2011,2,0,0,0,2,0,0,2
881245,02/04/2011,Sábado,11:30:00,RN,101,96.2,NATAL,Não guardar distância de segurança,Colisão traseira,Sem Vítimas,Pleno dia,Crescente,Ceu Claro,Múltipla,Reta,Urbano,2011,3,0,0,0,3,0,0,3
881370,02/04/2011,Sábado,15:00:00,RN,101,96.7,NATAL,Falta de atenção,Colisão lateral,Sem Vítimas,Pleno dia,Crescente,Ceu Claro,Múltipla,Curva,Urbano,2011,2,0,0,0,2,0,0,2
881399,02/04/2011,Sábado,19:00:00,RN,427,26.0,ACARI,Falta de atenção,Colisão com objeto fixo,Sem Vítimas,Plena noite,Decrescente,Nevoeiro/neblina,Simples,Reta,Rural,2011,1,0,0,0,1,0,0,1
881477,02/04/2011,Sábado,22:00:00,RN,304,46.2,MOSSORO,Outras,Colisão traseira,Com Vítimas Feridas,Plena noite,Decrescente,Ceu Claro,Simples,Reta,Urbano,2011,3,0,3,0,0,0,3,2
881577,30/03/2011,Quarta,16:20:00,RN,101,98.0,NATAL,Falta de atenção,Colisão lateral,Sem Vítimas,Pleno dia,Crescente,Ceu Claro,Simples,Curva,Urbano,2011,2,0,0,0,2,0,0,2
881611,28/03/2011,Segunda,18:10:00,RN,110,47.3,MOSSORO,Falta de atenção,Colisão traseira,Sem Vítimas,Plena noite,Decrescente,Ignorada,Simples,Reta,Urbano,2011,2,0,0,0,2,0,0,2
881634,30/03/2011,Quarta,22:30:00,RN,304,191.9,LAJES,Animais na Pista,Capotamento,Com Vítimas Feridas,Plena noite,Crescente,Ceu Claro,Simples,Reta,Urbano,2011,2,0,1,1,0,0,2,1
881849,03/04/2011,Domingo,16:00:00,RN,101,94.8,NATAL,Outras,Atropelamento de pessoa,Com Vítimas Fatais,Pleno dia,Crescente,Ceu Claro,Dupla,Curva,Urbano,2011,3,1,0,1,0,1,1,1
881850,03/04/2011,Domingo,20:30:00,RN,304,198.4,LAJES,Defeito mecânico em veículo,Saída de Pista,Sem Vítimas,Plena noite,Decrescente,Ceu Claro,Simples,Reta,Rural,2011,1,0,0,0,1,0,0,1
881904,03/04/2011,Domingo,17:00:00,RN,101,107.0,PARNAMIRIM,Falta de atenção,Colisão frontal,Sem Vítimas,Pleno dia,Decrescente,Ceu Claro,Dupla,Cruzamento,Urbano,2011,2,0,0,0,2,0,0,2
881981,03/04/2011,Domingo,14:00:00,RN,101,80.0,NATAL,Outras,Queda de motocicleta / bicicleta / veículo,Com Vítimas Feridas,Pleno dia,Decrescente,Ceu Claro,Dupla,Curva,Urbano,2011,1,0,1,0,0,0,1,1
881998,03/04/2011,Domingo,12:00:00,RN,101,107.2,PARNAMIRIM,Falta de atenção,Colisão lateral,Sem Vítimas,Pleno dia,Decrescente,Ceu Claro,Dupla,Reta,Urbano,2011,2,0,0,0,2,0,0,2
882091,04/04/2011,Segunda,07:40:00,RN,101,107.2,PARNAMIRIM,Falta de atenção,Colisão traseira,Sem Vítimas,Pleno dia,Decrescente,Ceu Claro,Dupla,Reta,Urbano,2011,3,0,0,0,3,0,0,3
882134,01/01/2011,Sábado,14:35:00,RN,101,66.5,CEARA-MIRIM,Outras,Colisão traseira,Com Vítimas Feridas,Pleno dia,Decrescente,Ceu Claro,Simples,Reta,Rural,2011,2,0,1,0,1,0,1,2
882186,02/04/2011,Sábado,11:30:00,RN,101,97.0,NATAL,Falta de atenção,Colisão traseira,Sem Vítimas,Pleno dia,Crescente,Sol,Dupla,Reta,Urbano,2011,2,0,0,0,2,0,0,2
882202,26/03/2011,Sábado,01:10:00,RN,101,82.9,NATAL,Falta de atenção,Colisão Transversal,Sem Vítimas,Plena noite,Decrescente,Ceu Claro,Dupla,Reta,Urbano,2011,2,0,0,0,1,1,0,2
882208,04/04/2011,Segunda,06:20:00,RN,304,296.0,MACAIBA,Falta de atenção,Colisão traseira,Sem Vítimas,Amanhecer,Crescente,Nevoeiro/neblina,Simples,Reta,Urbano,2011,3,0,0,0,3,0,0,3
882213,02/04/2011,Sábado,13:20:00,RN,101,96.2,NATAL,Outras,Atropelamento de pessoa,Com Vítimas Feridas,Pleno dia,Crescente,Sol,Dupla,Reta,Urbano,2011,2,0,0,1,0,1,1,1
882230,04/04/2011,Segunda,10:30:00,RN,101,82.0,SAO GONCALO DO AMARANTE,Outras,Colisão lateral,Sem Vítimas,Pleno dia,Crescente,Ceu Claro,Dupla,Cruzamento,Urbano,2011,2,0,0,0,2,0,0,2
882249,04/04/2011,Segunda,09:30:00,RN,101,129.6,SAO JOSE DE MIPIBU,Outras,Capotamento,Sem Vítimas,Pleno dia,Decrescente,Ceu Claro,Dupla,Curva,Rural,2011,1,0,0,0,1,0,0,1
882253,28/03/2011,Segunda,16:05:00,RN,110,46.9,MOSSORO,Desobediência à sinalização,Colisão lateral,Com Vítimas Feridas,Pleno dia,Crescente,Sol,Simples,Cruzamento,Urbano,2011,2,0,1,0,1,0,1,2
882300,04/04/2011,Segunda,06:30:00,RN,427,1.5,CURRAIS NOVOS,Outras,Colisão lateral,Com Vítimas Feridas,Pleno dia,Crescente,Ceu Claro,Simples,Reta,Urbano,2011,2,0,0,1,1,0,1,2
882314,04/04/2011,Segunda,09:50:00,RN,101,99.0,NATAL,Falta de atenção,Colisão traseira,Sem Vítimas,Pleno dia,Decrescente,Sol,Múltipla,Reta,Urbano,2011,3,0,0,0,3,0,0,3
882315,20/03/2011,Domingo,17:25:00,RN,304,39.9,MOSSORO,Outras,Queda de motocicleta / bicicleta / veículo,Com Vítimas Feridas,Pleno dia,Decrescente,Ceu Claro,Simples,Cruzamento,Urbano,2011,2,0,1,0,1,0,1,2
882344,04/04/2011,Segunda,09:50:00,RN,101,99.0,NATAL,Falta de atenção,Colisão traseira,Sem Vítimas,Pleno dia,Decrescente,Sol,Múltipla,Reta,Urbano,2011,2,0,0,0,2,0,0,2
882650,05/04/2011,Terça,10:10:00,RN,406,170.2,SAO GONCALO DO AMARANTE,Ultrapassagem indevida,Colisão lateral,Com Vítimas Fatais,Pleno dia,Decrescente,Ceu Claro,Simples,Reta,Rural,2011,2,1,0,0,1,0,0,2
882653,05/04/2011,Terça,05:45:00,RN,226,5.5,NATAL,Animais na Pista,Colisão frontal,Com Vítimas Feridas,Amanhecer,Decrescente,Nublado,Simples,Reta,Urbano,2011,2,0,1,0,1,0,1,2
882773,05/04/2011,Terça,16:00:00,RN,406,162.2,CEARA-MIRIM,Defeito na via,Colisão lateral,Sem Vítimas,Pleno dia,Decrescente,Sol,Simples,Reta,Rural,2011,2,0,0,0,2,0,0,2
882789,05/04/2011,Terça,17:15:00,RN,101,124.7,SAO JOSE DE MIPIBU,Falta de atenção,Colisão Transversal,Com Vítimas Feridas,Pleno dia,Crescente,Ceu Claro,Dupla,Cruzamento,Urbano,2011,2,0,1,0,1,0,1,2
882818,05/04/2011,Terça,08:53:00,RN,405,2.0,MOSSORO,Falta de atenção,Colisão Transversal,Sem Vítimas,Pleno dia,Crescente,Sol,Dupla,Reta,Urbano,2011,2,0,0,0,2,0,0,2
882830,05/04/2011,Terça,17:30:00,RN,101,107.0,PARNAMIRIM,Outras,Atropelamento de pessoa,Com Vítimas Feridas,Anoitecer,Crescente,Ceu Claro,Dupla,Cruzamento,Urbano,2011,2,0,1,0,1,0,1,1
882869,05/04/2011,Terça,14:25:00,RN,101,83.1,SAO GONCALO DO AMARANTE,Falta de atenção,Colisão traseira,Sem Vítimas,Pleno dia,Crescente,Ceu Claro,Dupla,Reta,Urbano,2011,2,0,0,0,2,0,0,2
882968,05/04/2011,Terça,18:29:00,RN,101,96.1,NATAL,Falta de atenção,Colisão traseira,Sem Vítimas,Plena noite,Crescente,Ceu Claro,Múltipla,Reta,Urbano,2011,3,0,0,0,3,0,0,3
883009,05/04/2011,Terça,16:45:00,RN,101,80.1,NATAL,Falta de atenção,Colisão lateral,Sem Vítimas,Pleno dia,Crescente,Ceu Claro,Dupla,Curva,Urbano,2011,2,0,0,0,2,0,0,2
883123,03/04/2011,Domingo,19:00:00,RN,406,148.0,TAIPU,Outras,Colisão traseira,Com Vítimas Feridas,Plena noite,Crescente,Ceu Claro,Simples,Reta,Rural,2011,3,0,2,0,0,1,2,2
883148,06/04/2011,Quarta,07:10:00,RN,406,168.7,SAO GONCALO DO AMARANTE,Não guardar distância de segurança,Colisão traseira,Com Vítimas Feridas,Pleno dia,Crescente,Ceu Claro,Simples,Reta,Urbano,2011,3,0,2,0,1,0,2,2
883160,04/04/2011,Segunda,07:00:00,RN,110,47.5,MOSSORO,Não guardar distância de segurança,Colisão traseira,Com Vítimas Feridas,Pleno dia,Decrescente,Ceu Claro,Simples,Reta,Urbano,2011,3,0,2,0,1,0,2,3
883245,06/04/2011,Quarta,08:40:00,RN,101,94.7,NATAL,Não guardar distância de segurança,Colisão traseira,Sem Vítimas,Pleno dia,Decrescente,Sol,Dupla,Reta,Urbano,2011,2,0,0,0,2,0,0,2
883249,06/04/2011,Quarta,08:25:00,RN,101,98.0,NATAL,Falta de atenção,Colisão traseira,Sem Vítimas,Pleno dia,Decrescente,Ceu Claro,Múltipla,Cruzamento,Urbano,2011,2,0,0,0,2,0,0,2
883261,29/03/2011,Terça,07:05:00,RN,226,0.3,NATAL,Outras,Colisão lateral,Com Vítimas Feridas,Pleno dia,Decrescente,Ceu Claro,Simples,Reta,Urbano,2011,2,0,1,0,1,0,1,2
883295,02/04/2011,Sábado,19:40:00,RN,226,109.5,SANTA CRUZ,Falta de atenção,Colisão com objeto fixo,Com Vítimas Feridas,Plena noite,Decrescente,Ceu Claro,Simples,Reta,Rural,2011,3,0,2,0,0,1,2,2
883530,06/04/2011,Quarta,14:45:00,RN,101,108.6,PARNAMIRIM,Outras,Colisão Transversal,Sem Vítimas,Pleno dia,Decrescente,Sol,Dupla,Cruzamento,Urbano,2011,2,0,0,0,2,0,0,2
883648,06/04/2011,Quarta,18:35:00,RN,101,97.4,NATAL,Falta de atenção,Colisão traseira,Sem Vítimas,Anoitecer,Decrescente,Ceu Claro,Dupla,Reta,Urbano,2011,2,0,0,0,2,0,0,2
883664,02/04/2011,Sábado,03:40:00,RN,226,1.5,NATAL,Defeito mecânico em veículo,Colisão com objeto fixo,Sem Vítimas,Plena noite,Crescente,Chuva,Dupla,Curva,Urbano,2011,1,0,0,0,1,0,0,1
883677,01/04/2011,Sexta,17:40:00,RN,226,6.0,NATAL,Falta de atenção,Colisão lateral,Sem Vítimas,Anoitecer,Decrescente,Ceu Claro,Simples,Curva,Urbano,2011,2,0,0,0,2,0,0,2
883684,04/04/2011,Segunda,06:20:00,RN,101,107.0,PARNAMIRIM,Não guardar distância de segurança,Colisão traseira,Sem Vítimas,Pleno dia,Decrescente,Nublado,Dupla,Reta,Urbano,2011,3,0,0,0,3,0,0,3
883824,06/04/2011,Quarta,18:40:00,RN,101,150.8,GOIANINHA,Falta de atenção,Colisão lateral,Sem Vítimas,Anoitecer,Decrescente,Ceu Claro,Dupla,Cruzamento,Rural,2011,2,0,0,0,2,0,0,2
883926,07/04/2011,Quinta,07:30:00,RN,101,94.2,NATAL,Falta de atenção,Colisão lateral,Sem Vítimas,Pleno dia,Decrescente,Sol,Múltipla,Reta,Urbano,2011,2,0,0,0,2,0,0,2
883953,07/04/2011,Quinta,13:15:00,RN,101,83.0,SAO GONCALO DO AMARANTE,Falta de atenção,Colisão traseira,Sem Vítimas,Pleno dia,Crescente,Sol,Dupla,Curva,Urbano,2011,3,0,0,0,3,0,0,2
884014,07/04/2011,Quinta,17:15:00,RN,101,107.1,PARNAMIRIM,Outras,Colisão Transversal,Com Vítimas Feridas,Pleno dia,Decrescente,Ceu Claro,Dupla,Reta,Urbano,2011,2,0,1,0,1,0,1,2
884256,08/04/2011,Sexta,08:30:00,RN,304,295.7,MACAIBA,Ultrapassagem indevida,Colisão traseira,Sem Vítimas,Pleno dia,Crescente,Ceu Claro,Simples,Reta,Rural,2011,4,0,0,0,4,0,0,4
884261,05/04/2011,Terça,20:30:00,RN,226,174.7,CURRAIS NOVOS,Dormindo,Saída de Pista,Com Vítimas Feridas,Plena noite,Crescente,Ceu Claro,Simples,Reta,Rural,2011,1,0,1,0,0,0,1,1
884309,07/04/2011,Quinta,17:00:00,RN,101,97.3,NATAL,Outras,Colisão traseira,Sem Vítimas,Pleno dia,Crescente,Ceu Claro,Dupla,Reta,Urbano,2011,2,0,0,0,2,0,0,2
884328,08/04/2011,Sexta,10:00:00,RN,101,130.0,SAO JOSE DE MIPIBU,Outras,Saída de Pista,Sem Vítimas,Pleno dia,Decrescente,Chuva,Dupla,Reta,Rural,2011,1,0,0,0,1,0,0,1
884455,08/04/2011,Sexta,08:30:00,RN,226,130.0,SANTA CRUZ,Outras,Colisão Transversal,Com Vítimas Feridas,Pleno dia,Crescente,Ceu Claro,Simples,Reta,Urbano,2011,2,0,0,1,1,0,1,2
884473,07/04/2011,Quinta,20:15:00,RN,101,94.3,NATAL,Outras,Capotamento,Com Vítimas Feridas,Plena noite,Decrescente,Ceu Claro,Dupla,Reta,Urbano,2011,1,0,1,0,0,0,1,1
884531,08/04/2011,Sexta,16:20:00,RN,101,117.5,SAO JOSE DE MIPIBU,Outras,Colisão Transversal,Com Vítimas Feridas,Pleno dia,Crescente,Sol,Dupla,Cruzamento,Rural,2011,2,0,2,0,0,0,2,2
884586,05/04/2011,Terça,00:20:00,RN,226,232.9,FLORANIA,Defeito na via,Colisão com objeto fixo,Sem Vítimas,Plena noite,Decrescente,Ceu Claro,Simples,Reta,Rural,2011,2,0,0,0,2,0,0,1
884587,04/04/2011,Segunda,09:50:00,RN,101,98.9,NATAL,Falta de atenção,Colisão traseira,Sem Vítimas,Pleno dia,Decrescente,Sol,Dupla,Reta,Urbano,2011,3,0,0,0,3,0,0,3
884633,08/04/2011,Sexta,20:00:00,RN,226,109.0,SANTA CRUZ,Outras,Colisão traseira,Com Vítimas Feridas,Plena noite,Decrescente,Ceu Claro,Simples,Cruzamento,Rural,2011,2,0,1,0,1,0,1,2
884681,08/04/2011,Sexta,20:15:00,RN,304,192.4,LAJES,Não guardar distância de segurança,Colisão traseira,Com Vítimas Feridas,Plena noite,Crescente,Ceu Claro,Simples,Reta,Urbano,2011,3,0,1,0,2,0,1,2
884695,08/04/2011,Sexta,18:00:00,RN,101,84.7,SAO GONCALO DO AMARANTE,Não guardar distância de segurança,Colisão traseira,Sem Vítimas,Plena noite,Crescente,Ceu Claro,Dupla,Reta,Urbano,2011,2,0,0,0,2,0,0,2
884815,08/04/2011,Sexta,20:00:00,RN,405,109.2,ITAU,Ingestão de álcool,Colisão Transversal,Com Vítimas Feridas,Plena noite,Crescente,Ceu Claro,Simples,Cruzamento,Urbano,2011,2,0,1,0,1,0,1,2
884863,05/04/2011,Terça,18:30:00,RN,101,96.1,NATAL,Falta de atenção,Colisão traseira,Sem Vítimas,Plena noite,Crescente,Ceu Claro,Múltipla,Reta,Urbano,2011,2,0,0,0,1,1,0,2
884957,06/04/2011,Quarta,04:50:00,RN,101,107.1,PARNAMIRIM,Não guardar distância de segurança,Colisão traseira,Sem Vítimas,Amanhecer,Decrescente,Ceu Claro,Dupla,Cruzamento,Urbano,2011,2,0,0,0,2,0,0,2
884991,09/04/2011,Sábado,08:55:00,RN,406,169.0,SAO GONCALO DO AMARANTE,Não guardar distância de segurança,Colisão traseira,Sem Vítimas,Pleno dia,Decrescente,Nublado,Simples,Reta,Rural,2011,2,0,0,0,2,0,0,2
885006,09/04/2011,Sábado,11:20:00,RN,101,99.8,NATAL,Falta de atenção,Colisão traseira,Sem Vítimas,Pleno dia,Crescente,Ceu Claro,Dupla,Cruzamento,Urbano,2011,2,0,0,0,2,0,0,2
885033,09/04/2011,Sábado,12:05:00,RN,101,96.2,NATAL,Falta de atenção,Colisão traseira,Com Vítimas Feridas,Pleno dia,Crescente,Ceu Claro,Dupla,Reta,Urbano,2011,2,0,0,1,1,0,1,2
885060,01/04/2011,Sexta,22:30:00,RN,101,105.3,PARNAMIRIM,Ingestão de álcool,Colisão traseira,Com Vítimas Feridas,Plena noite,Crescente,Ceu Claro,Dupla,Reta,Urbano,2011,3,0,1,1,1,0,2,2
885083,09/04/2011,Sábado,15:10:00,RN,101,95.7,NATAL,Falta de atenção,Colisão traseira,Sem Vítimas,Pleno dia,Crescente,Ceu Claro,Simples,Reta,Urbano,2011,3,0,0,0,3,0,0,3
885088,09/04/2011,Sábado,17:20:00,RN,101,95.8,NATAL,Falta de atenção,Colisão lateral,Sem Vítimas,Anoitecer,Crescente,Nublado,Dupla,Cruzamento,Urbano,2011,2,0,0,0,2,0,0,2
885168,09/04/2011,Sábado,20:50:00,RN,406,167.0,SAO GONCALO DO AMARANTE,Outras,Colisão com objeto móvel,Sem Vítimas,Plena noite,Decrescente,Vento,Simples,Reta,Rural,2011,2,0,0,0,2,0,0,2
885228,09/04/2011,Sábado,13:15:00,RN,110,46.6,MOSSORO,Falta de atenção,Colisão Transversal,Com Vítimas Feridas,Pleno dia,Crescente,Sol,Simples,Reta,Urbano,2011,3,0,1,1,1,0,2,2
885392,10/04/2011,Domingo,08:45:00,RN,110,45.0,MOSSORO,Falta de atenção,Colisão Transversal,Com Vítimas Feridas,Pleno dia,Decrescente,Sol,Simples,Reta,Urbano,2011,2,0,1,0,1,0,1,2
885509,06/04/2011,Quarta,21:45:00,RN,101,94.4,NATAL,Falta de atenção,Colisão lateral,Sem Vítimas,Plena noite,Decrescente,Ceu Claro,Múltipla,Reta,Urbano,2011,2,0,0,0,2,0,0,2
885567,10/04/2011,Domingo,11:35:00,RN,405,156.7,PAU DOS FERROS,Outras,Colisão lateral,Sem Vítimas,Pleno dia,Crescente,Nublado,Simples,Curva,Rural,2011,2,0,0,0,2,0,0,2
885573,10/04/2011,Domingo,09:10:00,RN,427,70.0,JARDIM DO SERIDO,Outras,Capotamento,Com Vítimas Fatais,Pleno dia,Decrescente,Ceu Claro,Simples,Reta,Rural,2011,1,1,0,0,0,0,0,1
885603,10/04/2011,Domingo,18:48:00,RN,101,99.9,NATAL,Falta de atenção,Colisão traseira,Sem Vítimas,Plena noite,Crescente,Ceu Claro,Múltipla,Reta,Urbano,2011,4,0,0,0,3,1,0,2
885673,10/04/2011,Domingo,18:20:00,RN,101,107.0,PARNAMIRIM,Ingestão de álcool,Colisão traseira,Sem Vítimas,Plena noite,Crescente,Ceu Claro,Dupla,Cruzamento,Urbano,2011,2,0,0,0,2,0,0,2
885728,31/03/2011,Quinta,12:45:00,RN,406,97.2,JOAO CAMARA,Falta de atenção,Colisão Transversal,Com Vítimas Feridas,Pleno dia,Crescente,Ceu Claro,Simples,Reta,Urbano,2011,2,0,1,0,0,1,1,2
885828,09/04/2011,Sábado,01:00:00,RN,304,14.7,MOSSORO,Defeito mecânico em veículo,Tombamento,Sem Vítimas,Plena noite,Crescente,Nublado,Simples,Reta,Rural,2011,1,0,0,0,1,0,0,1
885859,07/04/2011,Quinta,08:30:00,RN,101,97.4,NATAL,Falta de atenção,Colisão traseira,Com Vítimas Feridas,Pleno dia,Decrescente,Sol,Dupla,Reta,Urbano,2011,2,0,1,0,1,0,1,2
885869,11/04/2011,Segunda,08:30:00,RN,101,83.0,SAO GONCALO DO AMARANTE,Não guardar distância de segurança,Colisão traseira,Sem Vítimas,Pleno dia,Crescente,Ceu Claro,Dupla,Cruzamento,Urbano,2011,2,0,0,0,1,1,0,2
885879,05/04/2011,Terça,07:50:00,RN,405,2.0,MOSSORO,Desobediência à sinalização,Colisão frontal,Com Vítimas Feridas,Pleno dia,Decrescente,Ceu Claro,Dupla,Reta,Urbano,2011,2,0,1,0,1,0,1,2
885891,09/04/2011,Sábado,06:30:00,RN,304,224.1,CAICARA DO RIO DO VENTO,Outras,Tombamento,Sem Vítimas,Amanhecer,Crescente,Nublado,Simples,Curva,Rural,2011,1,0,0,0,1,0,0,1
885895,04/04/2011,Segunda,06:38:00,RN,101,81.0,NATAL,Falta de atenção,Colisão Transversal,Com Vítimas Feridas,Pleno dia,Decrescente,Nublado,Dupla,Cruzamento,Urbano,2011,3,0,1,0,2,0,1,3
885901,07/04/2011,Quinta,11:30:00,RN,101,96.4,NATAL,Outras,Queda de motocicleta / bicicleta / veículo,Com Vítimas Feridas,Pleno dia,Crescente,Sol,Dupla,Curva,Urbano,2011,1,0,1,0,0,0,1,1
885973,18/01/2011,Terça,04:15:00,RN,226,171.6,CURRAIS NOVOS,Animais na Pista,Atropelamento de animal,Com Vítimas Feridas,Plena noite,Decrescente,Ceu Claro,Simples,Reta,Rural,2011,1,0,0,1,0,0,1,1
886012,07/04/2011,Quinta,12:10:00,RN,101,97.8,NATAL,Outras,Colisão traseira,Sem Vítimas,Pleno dia,Decrescente,Sol,Dupla,Reta,Urbano,2011,2,0,0,0,1,1,0,2
886075,04/03/2011,Sexta,16:00:00,RN,226,92.7,TANGARA,Falta de atenção,Colisão Transversal,Com Vítimas Fatais,Pleno dia,Crescente,Ceu Claro,Simples,Reta,Rural,2011,6,3,1,2,0,0,3,2
886193,10/04/2011,Domingo,16:00:00,RN,427,54.6,JARDIM DO SERIDO,Falta de atenção,Colisão com bicicleta,Com Vítimas Feridas,Pleno dia,Decrescente,Ceu Claro,Simples,Reta,Urbano,2011,2,0,1,0,1,0,1,2
886223,11/04/2011,Segunda,16:40:00,RN,226,87.2,TANGARA,Outras,Saída de Pista,Com Vítimas Feridas,Pleno dia,Decrescente,Chuva,Simples,Curva,Rural,2011,1,0,1,0,0,0,1,1
886232,11/04/2011,Segunda,07:40:00,RN,101,102.1,PARNAMIRIM,Não guardar distância de segurança,Colisão traseira,Com Vítimas Feridas,Pleno dia,Decrescente,Nublado,Dupla,Reta,Urbano,2011,2,0,1,0,1,0,1,2
886236,11/04/2011,Segunda,09:40:00,RN,101,94.9,NATAL,Falta de atenção,Colisão lateral,Com Vítimas Feridas,Pleno dia,Crescente,Ceu Claro,Dupla,Reta,Urbano,2011,3,0,2,0,1,0,2,2
886333,11/04/2011,Segunda,13:30:00,RN,101,129.7,SAO JOSE DE MIPIBU,Outras,Capotamento,Com Vítimas Feridas,Pleno dia,Decrescente,Nublado,Dupla,Curva,Rural,2011,3,0,3,0,0,0,3,1
886334,11/04/2011,Segunda,18:10:00,RN,101,105.4,PARNAMIRIM,Não guardar distância de segurança,Colisão traseira,Sem Vítimas,Plena noite,Decrescente,Ceu Claro,Dupla,Reta,Urbano,2011,3,0,0,0,3,0,0,3
886346,11/04/2011,Segunda,19:00:00,RN,406,101.0,JOAO CAMARA,Animais na Pista,Atropelamento de animal,Sem Vítimas,Plena noite,Decrescente,Ceu Claro,Simples,Reta,Rural,2011,1,0,0,0,1,0,0,1
886348,11/04/2011,Segunda,22:00:00,RN,101,82.9,NATAL,Falta de atenção,Colisão Transversal,Sem Vítimas,Plena noite,Decrescente,Ceu Claro,Dupla,Reta,Urbano,2011,2,0,0,0,2,0,0,2
886379,11/04/2011,Segunda,03:30:00,RN,226,97.2,SANTA CRUZ,Animais na Pista,Atropelamento de animal,Sem Vítimas,Plena noite,Crescente,Ceu Claro,Simples,Reta,Rural,2011,1,0,0,0,1,0,0,1