id,data_inversa,dia_semana,horario,uf,br,km,municipio,causa_acidente,tipo_acidente,classificacao_acidente,fase_dia,sentido_via,condicao_metereologica,tipo_pista,tracado_via,uso_solo,ano,pessoas,mortos,feridos_leves,feridos_graves,ilesos,ignorados,feridos,veiculos
886447,06/01/2011,Quinta,05:00:00,RN,406,136.0,CEARA-MIRIM,Ingestão de álcool,Colisão traseira,Sem Vítimas,Anoitecer,Crescente,Chuva,Simples,Reta,Rural,2011,2,0,0,0,1,1,0,2
886456,12/04/2011,Terça,08:00:00,RN,304,35.5,MOSSORO,Outras,Queda de motocicleta / bicicleta / veículo,Com Vítimas Feridas,Pleno dia,Decrescente,Ceu Claro,Simples,Cruzamento,Urbano,2011,2,0,2,0,0,0,2,1
886458,12/04/2011,Terça,09:30:00,RN,110,48.5,MOSSORO,Falta de atenção,Colisão lateral,Com Vítimas Feridas,Pleno dia,Crescente,Sol,Dupla,Cruzamento,Urbano,2011,2,0,1,0,1,0,1,2
886464,31/03/2011,Quinta,15:30:00,RN,101,106.3,PARNAMIRIM,Falta de atenção,Colisão traseira,Sem Vítimas,Pleno dia,Crescente,Ceu Claro,Dupla,Reta,Urbano,2011,2,0,0,0,2,0,0,2
886519,26/02/2011,Sábado,11:00:00,RN,101,164.2,CANGUARETAMA,Falta de atenção,Colisão Transversal,Com Vítimas Fatais,Pleno dia,Crescente,Chuva,Dupla,Reta,Rural,2011,3,2,0,0,1,0,0,2
886569,08/04/2011,Sexta,12:20:00,RN,101,96.0,NATAL,Outras,Colisão Transversal,Sem Vítimas,Pleno dia,Crescente,Ceu Claro,Múltipla,Cruzamento,Urbano,2011,2,0,0,0,2,0,0,2
886579,12/04/2011,Terça,11:20:00,RN,101,102.5,PARNAMIRIM,Falta de atenção,Colisão traseira,Sem Vítimas,Pleno dia,Crescente,Ceu Claro,Dupla,Cruzamento,Urbano,2011,2,0,0,0,2,0,0,2
886610,05/04/2011,Terça,10:53:00,RN,101,147.0,GOIANINHA,Falta de atenção,Tombamento,Sem Vítimas,Plena noite,Decrescente,Ceu Claro,Dupla,Reta,Urbano,2011,1,0,0,0,1,0,0,1
886629,08/04/2011,Sexta,23:00:00,RN,101,107.2,PARNAMIRIM,Falta de atenção,Colisão Transversal,Sem Vítimas,Plena noite,Crescente,Nublado,Dupla,Cruzamento,Urbano,2011,3,0,0,0,1,2,0,2
886630,11/04/2011,Segunda,15:10:00,RN,110,47.1,MOSSORO,Desobediência à sinalização,Colisão Transversal,Com Vítimas Feridas,Pleno dia,Decrescente,Nublado,Simples,Reta,Urbano,2011,3,0,2,0,1,0,2,2
886673,12/04/2011,Terça,17:00:00,RN,101,82.6,SAO GONCALO DO AMARANTE,Falta de atenção,Colisão traseira,Sem Vítimas,Plena noite,Crescente,Chuva,Dupla,Reta,Urbano,2011,2,0,0,0,2,0,0,2
886688,12/04/2011,Terça,17:45:00,RN,110,0.0,MOSSORO,Falta de atenção,Colisão lateral,Sem Vítimas,Plena noite,Decrescente,Ceu Claro,Dupla,Cruzamento,Urbano,2011,2,0,0,0,2,0,0,2
886689,12/04/2011,Terça,16:50:00,RN,101,142.0,ARES,Outras,Colisão com objeto fixo,Sem Vítimas,Anoitecer,Crescente,Chuva,Dupla,Reta,Rural,2011,1,0,0,0,1,0,0,1
886709,12/04/2011,Terça,15:30:00,RN,101,96.8,NATAL,Não guardar distância de segurança,Colisão traseira,Sem Vítimas,Pleno dia,Decrescente,Chuva,Dupla,Reta,Urbano,2011,2,0,0,0,2,0,0,2
886744,12/04/2011,Terça,17:25:00,RN,101,95.7,NATAL,Falta de atenção,Colisão com objeto fixo,Sem Vítimas,Anoitecer,Crescente,Chuva,Dupla,Reta,Urbano,2011,1,0,0,0,1,0,0,1
886758,12/04/2011,Terça,15:40:00,RN,101,108.3,PARNAMIRIM,Desobediência à sinalização,Colisão Transversal,Sem Vítimas,Pleno dia,Crescente,Chuva,Dupla,Cruzamento,Urbano,2011,2,0,0,0,2,0,0,2
886759,12/04/2011,Terça,16:30:00,RN,101,94.1,NATAL,Falta de atenção,Colisão lateral,Sem Vítimas,Anoitecer,Crescente,Chuva,Dupla,Reta,Urbano,2011,2,0,0,0,2,0,0,2
886800,12/04/2011,Terça,18:20:00,RN,101,95.6,NATAL,Falta de atenção,Colisão traseira,Sem Vítimas,Plena noite,Crescente,Chuva,Dupla,Reta,Urbano,2011,2,0,0,0,2,0,0,2
886821,12/04/2011,Terça,21:50:00,RN,101,95.2,NATAL,Falta de atenção,Colisão traseira,Sem Vítimas,Plena noite,Crescente,Nublado,Dupla,Reta,Urbano,2011,2,0,0,0,2,0,0,2
886895,11/04/2011,Segunda,06:30:00,RN,101,99.8,NATAL,Falta de atenção,Colisão traseira,Sem Vítimas,Pleno dia,Decrescente,Ceu Claro,Múltipla,Cruzamento,Urbano,2011,2,0,0,0,2,0,0,2
886909,09/04/2011,Sábado,07:05:00,RN,405,17.0,MOSSORO,Não guardar distância de segurança,Colisão traseira,Sem Vítimas,Pleno dia,Crescente,Chuva,Simples,Reta,Urbano,2011,2,0,0,0,2,0,0,2
886952,29/03/2011,Terça,17:50:00,RN,226,0.2,NATAL,Falta de atenção,Colisão Transversal,Sem Vítimas,Anoitecer,Crescente,Ceu Claro,Simples,Cruzamento,Urbano,2011,2,0,0,0,2,0,0,2
886960,13/04/2011,Quarta,08:00:00,RN,101,106.1,PARNAMIRIM,Não guardar distância de segurança,Colisão traseira,Sem Vítimas,Pleno dia,Decrescente,Chuva,Dupla,Cruzamento,Urbano,2011,2,0,0,0,2,0,0,2
886964,07/04/2011,Quinta,06:30:00,RN,304,297.2,MACAIBA,Falta de atenção,Colisão traseira,Sem Vítimas,Amanhecer,Crescente,Sol,Dupla,Cruzamento,Urbano,2011,2,0,0,0,2,0,0,2
887033,13/04/2011,Quarta,07:30:00,RN,101,131.0,SAO JOSE DE MIPIBU,Defeito mecânico em veículo,Saída de Pista,Sem Vítimas,Pleno dia,Decrescente,Chuva,Dupla,Cruzamento,Urbano,2011,1,0,0,0,1,0,0,1
887038,13/04/2011,Quarta,07:15:00,RN,101,143.1,ARES,Outras,Capotamento,Sem Vítimas,Pleno dia,Crescente,Chuva,Dupla,Reta,Rural,2011,1,0,0,0,1,0,0,1
887077,27/03/2011,Domingo,04:40:00,RN,101,123.1,SAO JOSE DE MIPIBU,Ingestão de álcool,Colisão traseira,Sem Vítimas,Plena noite,Decrescente,Ceu Claro,Dupla,Reta,Urbano,2011,5,0,0,0,4,1,0,2
887251,13/04/2011,Quarta,16:40:00,RN,101,107.0,PARNAMIRIM,Falta de atenção,Colisão lateral,Sem Vítimas,Pleno dia,Crescente,Ceu Claro,Dupla,Cruzamento,Urbano,2011,2,0,0,0,2,0,0,2
887307,13/04/2011,Quarta,19:00:00,RN,101,95.5,NATAL,Não guardar distância de segurança,Colisão traseira,Sem Vítimas,Plena noite,Crescente,Ceu Claro,Múltipla,Reta,Urbano,2011,3,0,0,0,3,0,0,3
887311,13/04/2011,Quarta,08:20:00,RN,101,101.9,PARNAMIRIM,Falta de atenção,Colisão traseira,Sem Vítimas,Pleno dia,Decrescente,Chuva,Múltipla,Reta,Urbano,2011,2,0,0,0,2,0,0,2
887499,06/04/2011,Quarta,19:10:00,RN,101,100.8,PARNAMIRIM,Outras,Colisão lateral,Com Vítimas Feridas,Plena noite,Decrescente,Ceu Claro,Dupla,Reta,Urbano,2011,2,0,1,0,1,0,1,2
887535,10/04/2011,Domingo,22:15:00,RN,101,99.9,NATAL,Falta de atenção,Colisão traseira,Sem Vítimas,Plena noite,Decrescente,Ceu Claro,Múltipla,Cruzamento,Urbano,2011,2,0,0,0,2,0,0,2
887628,06/04/2011,Quarta,17:30:00,RN,101,104.4,PARNAMIRIM,Outras,Queda de motocicleta / bicicleta / veículo,Com Vítimas Feridas,Anoitecer,Crescente,Ceu Claro,Dupla,Curva,Urbano,2011,1,0,1,0,0,0,1,1
887675,10/04/2011,Domingo,12:30:00,RN,101,99.8,PARNAMIRIM,Outras,Colisão lateral,Sem Vítimas,Pleno dia,Decrescente,Ceu Claro,Múltipla,Cruzamento,Urbano,2011,2,0,0,0,2,0,0,2
887732,10/04/2011,Domingo,19:00:00,RN,101,125.2,SAO JOSE DE MIPIBU,Outras,Colisão Transversal,Sem Vítimas,Plena noite,Decrescente,Ceu Claro,Dupla,Cruzamento,Urbano,2011,2,0,0,0,1,1,0,2
887811,13/04/2011,Quarta,22:15:00,RN,304,34.0,MOSSORO,Desobediência à sinalização,Colisão lateral,Sem Vítimas,Plena noite,Crescente,Ignorada,Simples,Cruzamento,Urbano,2011,2,0,0,0,2,0,0,2
887851,14/04/2011,Quinta,12:55:00,RN,101,94.8,NATAL,Outras,Atropelamento de pessoa,Com Vítimas Feridas,Pleno dia,Decrescente,Ceu Claro,Múltipla,Reta,Urbano,2011,2,0,0,1,1,0,1,1
888016,14/04/2011,Quinta,13:00:00,RN,101,94.8,NATAL,Não guardar distância de segurança,Colisão traseira,Sem Vítimas,Pleno dia,Decrescente,Nublado,Múltipla,Reta,Urbano,2011,2,0,0,0,2,0,0,2
888092,15/04/2011,Sexta,07:20:00,RN,101,95.3,NATAL,Não guardar distância de segurança,Colisão traseira,Com Vítimas Feridas,Pleno dia,Decrescente,Ceu Claro,Dupla,Reta,Urbano,2011,2,0,1,0,1,0,1,2
888115,15/04/2011,Sexta,10:00:00,RN,304,35.0,MOSSORO,Ultrapassagem indevida,Colisão lateral,Com Vítimas Feridas,Pleno dia,Crescente,Sol,Simples,Cruzamento,Urbano,2011,2,0,1,0,1,0,1,2
888186,12/04/2011,Terça,16:15:00,RN,226,157.9,CURRAIS NOVOS,Dormindo,Saída de Pista,Com Vítimas Feridas,Pleno dia,Crescente,Chuva,Simples,Curva,Rural,2011,1,0,0,1,0,0,1,1
888188,11/04/2011,Segunda,11:50:00,RN,101,97.0,NATAL,Outras,Colisão traseira,Com Vítimas Feridas,Pleno dia,Decrescente,Sol,Dupla,Reta,Urbano,2011,2,0,1,0,1,0,1,2
888223,11/04/2011,Segunda,17:50:00,RN,101,100.8,PARNAMIRIM,Outras,Colisão traseira,Com Vítimas Feridas,Anoitecer,Decrescente,Ceu Claro,Dupla,Reta,Urbano,2011,3,0,1,0,2,0,1,2
888258,15/04/2011,Sexta,14:25:00,RN,101,99.9,NATAL,Falta de atenção,Colisão traseira,Sem Vítimas,Pleno dia,Crescente,Sol,Dupla,Reta,Urbano,2011,2,0,0,0,2,0,0,2
888277,15/04/2011,Sexta,14:23:00,RN,405,3.0,MOSSORO,Não guardar distância de segurança,Colisão traseira,Sem Vítimas,Pleno dia,Decrescente,Sol,Múltipla,Cruzamento,Urbano,2011,3,0,0,0,3,0,0,3
888304,15/04/2011,Sexta,15:10:00,RN,304,38.0,MOSSORO,Outras,Colisão frontal,Com Vítimas Feridas,Pleno dia,Crescente,Nublado,Simples,Reta,Urbano,2011,2,0,0,1,1,0,1,2
888406,15/04/2011,Sexta,13:40:00,RN,101,98.1,NATAL,Falta de atenção,Colisão traseira,Sem Vítimas,Pleno dia,Decrescente,Nublado,Dupla,Reta,Urbano,2011,2,0,0,0,2,0,0,2
888453,11/04/2011,Segunda,09:05:00,RN,101,95.7,NATAL,Falta de atenção,Colisão lateral,Sem Vítimas,Pleno dia,Decrescente,Ceu Claro,Dupla,Reta,Urbano,2011,2,0,0,0,2,0,0,2
888476,15/04/2011,Sexta,16:00:00,RN,101,97.9,NATAL,Outras,Atropelamento de pessoa,Sem Vítimas,Pleno dia,Crescente,Ceu Claro,Dupla,Reta,Urbano,2011,2,0,0,0,1,1,0,1
888477,15/04/2011,Sexta,22:30:00,RN,101,100.5,PARNAMIRIM,Não guardar distância de segurança,Colisão traseira,Com Vítimas Feridas,Plena noite,Crescente,Nublado,Dupla,Reta,Urbano,2011,2,0,1,0,1,0,1,2
888590,16/04/2011,Sábado,05:30:00,RN,226,143.9,CAMPO REDONDO,Falta de atenção,Colisão traseira,Com Vítimas Feridas,Amanhecer,Decrescente,Ceu Claro,Simples,Reta,Rural,2011,2,0,1,0,1,0,1,2
888655,12/04/2011,Terça,21:00:00,RN,101,95.2,NATAL,Outras,Colisão traseira,Sem Vítimas,Plena noite,Crescente,Ceu Claro,Múltipla,Reta,Urbano,2011,2,0,0,0,2,0,0,2
888709,16/04/2011,Sábado,10:30:00,RN,101,83.0,SAO GONCALO DO AMARANTE,Outras,Colisão Transversal,Com Vítimas Feridas,Pleno dia,Crescente,Ceu Claro,Dupla,Curva,Urbano,2011,2,0,1,0,0,1,1,2
888770,16/04/2011,Sábado,10:15:00,RN,101,149.5,GOIANINHA,Defeito na via,Colisão Transversal,Sem Vítimas,Pleno dia,Decrescente,Sol,Simples,Curva,Urbano,2011,2,0,0,0,2,0,0,2
888817,16/04/2011,Sábado,12:50:00,RN,101,96.6,NATAL,Outras,Tombamento,Com Vítimas Feridas,Pleno dia,Decrescente,Chuva,Dupla,Reta,Urbano,2011,1,0,1,0,0,0,1,1
888887,16/04/2011,Sábado,13:00:00,RN,226,173.0,CURRAIS NOVOS,Outras,Colisão traseira,Com Vítimas Feridas,Pleno dia,Decrescente,Ceu Claro,Simples,Reta,Rural,2011,3,0,1,1,1,0,2,2
889001,16/04/2011,Sábado,18:50:00,RN,101,107.2,PARNAMIRIM,Ingestão de álcool,Colisão traseira,Com Vítimas Feridas,Plena noite,Crescente,Nublado,Dupla,Reta,Urbano,2011,3,0,1,0,2,0,1,2
889047,14/04/2011,Quinta,06:45:00,RN,101,98.4,NATAL,Não guardar distância de segurança,Colisão traseira,Sem Vítimas,Pleno dia,Decrescente,Nublado,Dupla,Reta,Urbano,2011,2,0,0,0,2,0,0,2
889099,14/04/2011,Quinta,06:50:00,RN,101,96.7,NATAL,Outras,Colisão lateral,Sem Vítimas,Pleno dia,Crescente,Ceu Claro,Dupla,Reta,Urbano,2011,2,0,0,0,1,1,0,2
889111,17/04/2011,Domingo,07:20:00,RN,101,99.6,NATAL,Defeito mecânico em veículo,Danos Eventuais,Sem Vítimas,Pleno dia,Decrescente,Ceu Claro,Múltipla,Reta,Urbano,2011,1,0,0,0,1,0,0,1
889124,10/04/2011,Domingo,19:40:00,RN,101,108.7,PARNAMIRIM,Falta de atenção,Colisão lateral,Sem Vítimas,Plena noite,Crescente,Ceu Claro,Múltipla,Cruzamento,Urbano,2011,3,0,0,0,3,0,0,3
889153,17/04/2011,Domingo,09:45:00,RN,101,67.1,EXTREMOZ,Outras,Tombamento,Sem Vítimas,Pleno dia,Decrescente,Ceu Claro,Simples,Reta,Rural,2011,1,0,0,0,1,0,0,1
889155,09/04/2011,Sábado,13:15:00,RN,405,154.1,PAU DOS FERROS,Outras,Colisão com bicicleta,Com Vítimas Fatais,Pleno dia,Crescente,Ceu Claro,Simples,Reta,Urbano,2011,2,1,0,0,1,0,0,2
889161,13/04/2011,Quarta,20:17:00,RN,406,97.5,JOAO CAMARA,Outras,Colisão Transversal,Com Vítimas Feridas,Plena noite,Crescente,Vento,Simples,Reta,Urbano,2011,2,0,0,1,1,0,1,2
889225,17/04/2011,Domingo,11:20:00,RN,101,84.2,SAO GONCALO DO AMARANTE,Falta de atenção,Atropelamento de pessoa,Com Vítimas Feridas,Pleno dia,Crescente,Ceu Claro,Dupla,Reta,Urbano,2011,2,0,2,0,0,0,2,1
889247,17/04/2011,Domingo,16:30:00,RN,101,82.7,NATAL,Falta de atenção,Colisão lateral,Com Vítimas Feridas,Pleno dia,Decrescente,Sol,Dupla,Reta,Urbano,2011,2,0,1,0,1,0,1,2
889281,17/04/2011,Domingo,17:50:00,RN,101,142.1,ARES,Defeito na via,Queda de motocicleta / bicicleta / veículo,Com Vítimas Feridas,Anoitecer,Decrescente,Ceu Claro,Dupla,Reta,Rural,2011,1,0,1,0,0,0,1,1
889308,17/04/2011,Domingo,19:30:00,RN,226,111.5,SANTA CRUZ,Falta de atenção,Colisão frontal,Com Vítimas Feridas,Plena noite,Crescente,Nublado,Simples,Reta,Urbano,2011,2,0,0,1,0,1,1,2
889362,17/04/2011,Domingo,21:14:00,RN,405,3.5,MOSSORO,Não guardar distância de segurança,Colisão traseira,Com Vítimas Feridas,Plena noite,Decrescente,Ceu Claro,Simples,Reta,Urbano,2011,3,0,1,1,0,1,2,2
889571,12/04/2011,Terça,06:50:00,RN,101,83.0,SAO GONCALO DO AMARANTE,Outras,Colisão lateral,Sem Vítimas,Pleno dia,Crescente,Ceu Claro,Dupla,Reta,Urbano,2011,2,0,0,0,2,0,0,2
889595,18/04/2011,Segunda,06:40:00,RN,101,64.5,EXTREMOZ,Outras,Capotamento,Com Vítimas Feridas,Pleno dia,Crescente,Chuva,Simples,Reta,Rural,2011,1,0,0,1,0,0,1,1
889602,18/04/2011,Segunda,10:20:00,RN,101,84.2,SAO GONCALO DO AMARANTE,Defeito mecânico em veículo,Colisão traseira,Sem Vítimas,Pleno dia,Crescente,Nublado,Dupla,Reta,Urbano,2011,2,0,0,0,2,0,0,2
889691,18/04/2011,Segunda,11:00:00,RN,226,6.9,NATAL,Falta de atenção,Colisão lateral,Sem Vítimas,Pleno dia,Crescente,Ceu Claro,Simples,Curva,Urbano,2011,2,0,0,0,2,0,0,2
889826,10/04/2011,Domingo,11:10:00,RN,406,152.9,CEARA-MIRIM,Outras,Saída de Pista,Com Vítimas Feridas,Pleno dia,Decrescente,Vento,Simples,Reta,Rural,2011,1,0,1,0,0,0,1,1
889871,18/04/2011,Segunda,18:25:00,RN,101,96.0,NATAL,Falta de atenção,Colisão lateral,Sem Vítimas,Plena noite,Crescente,Ceu Claro,Múltipla,Reta,Urbano,2011,2,0,0,0,2,0,0,2
889942,18/04/2011,Segunda,10:00:00,RN,101,138.0,ARES,Outras,Saída de Pista,Sem Vítimas,Pleno dia,Crescente,Chuva,Dupla,Reta,Rural,2011,1,0,0,0,1,0,0,1
890044,15/04/2011,Sexta,06:50:00,RN,101,102.6,PARNAMIRIM,Defeito mecânico em veículo,Colisão traseira,Sem Vítimas,Pleno dia,Decrescente,Ceu Claro,Múltipla,Reta,Urbano,2011,3,0,0,0,3,0,0,3
890058,18/04/2011,Segunda,11:35:00,RN,110,48.6,MOSSORO,Falta de atenção,Colisão lateral,Sem Vítimas,Pleno dia,Crescente,Nublado,Dupla,Cruzamento,Urbano,2011,2,0,0,0,2,0,0,2
890088,19/04/2011,Terça,09:30:00,RN,304,198.5,LAJES,Defeito mecânico em veículo,Saída de Pista,Sem Vítimas,Pleno dia,Crescente,Nublado,Simples,Reta,Rural,2011,1,0,0,0,1,0,0,1
890094,19/04/2011,Terça,08:20:00,RN,101,100.5,PARNAMIRIM,Não guardar distância de segurança,Colisão traseira,Sem Vítimas,Pleno dia,Decrescente,Nublado,Dupla,Reta,Urbano,2011,3,0,0,0,3,0,0,3
890097,15/04/2011,Sexta,19:15:00,RN,101,96.6,NATAL,Outras,Colisão lateral,Sem Vítimas,Plena noite,Crescente,Ceu Claro,Simples,Curva,Urbano,2011,2,0,0,0,2,0,0,2
890103,18/04/2011,Segunda,15:20:00,RN,304,89.6,ASSU,Falta de atenção,Capotamento,Sem Vítimas,Pleno dia,Decrescente,Chuva,Simples,Reta,Rural,2011,1,0,0,0,1,0,0,1
890240,19/04/2011,Terça,13:40:00,RN,101,102.2,PARNAMIRIM,Outras,Colisão traseira,Sem Vítimas,Pleno dia,Crescente,Chuva,Dupla,Reta,Urbano,2011,2,0,0,0,2,0,0,2
892552,18/04/2011,Segunda,10:30:00,RN,101,99.0,NATAL,Falta de atenção,Colisão lateral,Sem Vítimas,Pleno dia,Crescente,Nublado,Dupla,Reta,Urbano,2011,2,0,0,0,2,0,0,2
892573,20/04/2011,Quarta,08:30:00,RN,101,98.6,NATAL,Falta de atenção,Colisão traseira,Sem Vítimas,Pleno dia,Crescente,Nublado,Dupla,Reta,Urbano,2011,2,0,0,0,2,0,0,2
892580,20/04/2011,Quarta,08:15:00,RN,226,1.5,NATAL,Falta de atenção,Colisão Transversal,Sem Vítimas,Pleno dia,Decrescente,Ceu Claro,Dupla,Cruzamento,Urbano,2011,2,0,0,0,2,0,0,2
892601,20/04/2011,Quarta,12:05:00,RN,304,296.7,MACAIBA,Falta de atenção,Colisão Transversal,Sem Vítimas,Pleno dia,Crescente,Ceu Claro,Simples,Cruzamento,Rural,2011,2,0,0,0,2,0,0,2
892676,20/04/2011,Quarta,12:20:00,RN,101,95.4,NATAL,Outras,Colisão Transversal,Sem Vítimas,Pleno dia,Crescente,Ceu Claro,Simples,Reta,Urbano,2011,2,0,0,0,2,0,0,2
892728,20/04/2011,Quarta,14:20:00,RN,101,138.4,ARES,Outras,Capotamento,Com Vítimas Feridas,Pleno dia,Decrescente,Chuva,Dupla,Curva,Rural,2011,2,0,2,0,0,0,2,1
892758,18/04/2011,Segunda,17:20:00,RN,304,108.6,ASSU,Outras,Colisão Transversal,Sem Vítimas,Anoitecer,Crescente,Nevoeiro/neblina,Simples,Cruzamento,Urbano,2011,2,0,0,0,2,0,0,2
892988,20/04/2011,Quarta,18:30:00,RN,304,297.6,MACAIBA,Outras,Atropelamento de pessoa,Com Vítimas Feridas,Plena noite,Decrescente,Nublado,Simples,Reta,Urbano,2011,2,0,0,1,0,1,1,1
893013,20/04/2011,Quarta,13:40:00,RN,110,11.5,AREIA BRANCA,Dormindo,Saída de Pista,Com Vítimas Feridas,Pleno dia,Decrescente,Ceu Claro,Simples,Curva,Rural,2011,1,0,1,0,0,0,1,1
893067,20/04/2011,Quarta,11:00:00,RN,101,82.9,SAO GONCALO DO AMARANTE,Defeito mecânico em veículo,Colisão traseira,Sem Vítimas,Pleno dia,Crescente,Ceu Claro,Dupla,Cruzamento,Urbano,2011,2,0,0,0,2,0,0,2
893101,20/04/2011,Quarta,07:50:00,RN,110,45.3,MOSSORO,Outras,Colisão Transversal,Com Vítimas Feridas,Pleno dia,Decrescente,Ceu Claro,Simples,Reta,Urbano,2011,2,0,0,1,1,0,1,2
893386,10/04/2011,Domingo,12:05:00,RN,101,81.9,NATAL,Falta de atenção,Colisão Transversal,Sem Vítimas,Pleno dia,Decrescente,Ceu Claro,Dupla,Reta,Urbano,2011,2,0,0,0,1,1,0,2
893391,20/04/2011,Quarta,17:00:00,RN,101,70.0,NATAL,Falta de atenção,Colisão traseira,Sem Vítimas,Anoitecer,Decrescente,Ceu Claro,Dupla,Reta,Rural,2011,2,0,0,0,1,1,0,2
893525,21/04/2011,Quinta,08:35:00,RN,304,284.3,MACAIBA,Falta de atenção,Atropelamento de pessoa,Com Vítimas Feridas,Pleno dia,Decrescente,Nublado,Simples,Reta,Rural,2011,2,0,1,0,1,0,1,1
893529,21/04/2011,Quinta,14:50:00,RN,304,295.4,MACAIBA,Falta de atenção,Colisão traseira,Sem Vítimas,Pleno dia,Crescente,Nublado,Simples,Reta,Urbano,2011,2,0,0,0,2,0,0,2
893594,21/04/2011,Quinta,07:05:00,RN,226,4.2,NATAL,Outras,Colisão lateral,Com Vítimas Feridas,Pleno dia,Crescente,Nublado,Simples,Reta,Urbano,2011,2,0,1,0,1,0,1,2
893629,21/04/2011,Quinta,12:00:00,RN,101,106.1,PARNAMIRIM,Falta de atenção,Colisão traseira,Sem Vítimas,Pleno dia,Decrescente,Chuva,Dupla,Curva,Urbano,2011,3,0,0,0,2,1,0,3
893957,15/04/2011,Sexta,01:40:00,RN,101,106.9,PARNAMIRIM,Animais na Pista,Capotamento,Ignorado,Plena noite,Decrescente,Ceu Claro,Dupla,Reta,Urbano,2011,1,0,0,0,0,1,0,1
893967,21/04/2011,Quinta,03:25:00,RN,101,128.0,SAO JOSE DE MIPIBU,Ingestão de álcool,Atropelamento de pessoa,Com Vítimas Fatais,Plena noite,Decrescente,Chuva,Dupla,Reta,Rural,2011,2,1,0,0,0,1,0,1
893976,22/04/2011,Sexta,01:15:00,RN,427,5.8,CURRAIS NOVOS,Falta de atenção,Saída de Pista,Sem Vítimas,Plena noite,Crescente,Nublado,Simples,Reta,Rural,2011,1,0,0,0,1,0,0,1
894001,21/04/2011,Quinta,10:00:00,RN,405,48.1,FELIPE GUERRA,Outras,Capotamento,Com Vítimas Feridas,Pleno dia,Decrescente,Sol,Simples,Reta,Rural,2011,2,0,0,2,0,0,2,1
894021,19/04/2011,Terça,14:50:00,RN,406,147.5,CEARA-MIRIM,Outras,Colisão com objeto móvel,Sem Vítimas,Pleno dia,Crescente,Sol,Simples,Reta,Rural,2011,2,0,0,0,2,0,0,2
894034,21/04/2011,Quinta,10:20:00,RN,405,48.8,FELIPE GUERRA,Outras,Colisão Transversal,Com Vítimas Fatais,Pleno dia,Decrescente,Sol,Simples,Reta,Rural,2011,3,1,0,0,1,1,0,2
894217,21/04/2011,Quinta,10:55:00,RN,304,297.8,MACAIBA,Falta de atenção,Colisão lateral,Sem Vítimas,Pleno dia,Decrescente,Nublado,Dupla,Curva,Urbano,2011,2,0,0,0,2,0,0,2
894238,22/04/2011,Sexta,00:20:00,RN,101,82.9,NATAL,Falta de atenção,Colisão Transversal,Com Vítimas Feridas,Plena noite,Decrescente,Ceu Claro,Dupla,Reta,Urbano,2011,2,0,1,0,1,0,1,2
894321,08/04/2011,Sexta,17:30:00,RN,101,83.0,NATAL,Outras,Atropelamento de pessoa,Com Vítimas Feridas,Anoitecer,Crescente,Ceu Claro,Dupla,Reta,Urbano,2011,2,0,0,1,0,1,1,1
894332,14/04/2011,Quinta,07:50:00,RN,101,94.4,NATAL,Falta de atenção,Colisão lateral,Sem Vítimas,Pleno dia,Decrescente,Sol,Múltipla,Cruzamento,Urbano,2011,2,0,0,0,2,0,0,2
894336,22/04/2011,Sexta,19:25:00,RN,304,39.8,MOSSORO,Falta de atenção,Colisão com objeto fixo,Sem Vítimas,Plena noite,Decrescente,Nublado,Simples,Cruzamento,Rural,2011,1,0,0,0,1,0,0,1
894390,18/04/2011,Segunda,14:00:00,RN,304,232.2,RIACHUELO,Falta de atenção,Capotamento,Com Vítimas Feridas,Pleno dia,Crescente,Ceu Claro,Simples,Curva,Rural,2011,1,0,0,1,0,0,1,1
894468,22/04/2011,Sexta,13:14:00,RN,304,131.7,IPANGUACU,Outras,Colisão frontal,Com Vítimas Fatais,Pleno dia,Crescente,Nublado,Simples,Reta,Rural,2011,5,1,0,3,1,0,3,2
894469,19/04/2011,Terça,18:00:00,RN,101,98.0,NATAL,Falta de atenção,Colisão lateral,Sem Vítimas,Anoitecer,Crescente,Nublado,Simples,Curva,Urbano,2011,2,0,0,0,2,0,0,2
894501,21/04/2011,Quinta,17:35:00,RN,101,98.1,NATAL,Defeito na via,Danos Eventuais,Sem Vítimas,Anoitecer,Decrescente,Chuva,Dupla,Reta,Urbano,2011,1,0,0,0,1,0,0,1
894505,20/04/2011,Quarta,01:30:00,RN,101,174.0,CANGUARETAMA,Falta de atenção,Colisão traseira,Sem Vítimas,Plena noite,Decrescente,Nublado,Dupla,Reta,Rural,2011,2,0,0,0,2,0,0,2
894588,19/04/2011,Terça,16:40:00,RN,101,96.4,NATAL,Falta de atenção,Colisão lateral,Sem Vítimas,Pleno dia,Crescente,Nublado,Múltipla,Curva,Urbano,2011,2,0,0,0,2,0,0,2
894658,19/04/2011,Terça,17:50:00,RN,101,102.4,PARNAMIRIM,Falta de atenção,Colisão traseira,Sem Vítimas,Anoitecer,Crescente,Nublado,Múltipla,Reta,Urbano,2011,4,0,0,0,4,0,0,4