id,data_inversa,dia_semana,horario,uf,br,km,municipio,causa_acidente,tipo_acidente,classificacao_acidente,fase_dia,sentido_via,condicao_metereologica,tipo_pista,tracado_via,uso_solo,ano,pessoas,mortos,feridos_leves,feridos_graves,ilesos,ignorados,feridos,veiculos
905541,08/05/2011,Domingo,11:30:00,RN,101,96.2,NATAL,Outras,Atropelamento de pessoa,Com Vítimas Fatais,Pleno dia,Decrescente,Ceu Claro,Dupla,Reta,Urbano,2011,2,1,0,0,1,0,0,1
905590,08/05/2011,Domingo,11:31:00,RN,101,96.2,NATAL,Não guardar distância de segurança,Colisão traseira,Sem Vítimas,Pleno dia,Decrescente,Ceu Claro,Dupla,Reta,Urbano,2011,2,0,0,0,2,0,0,2
905758,01/05/2011,Domingo,00:30:00,RN,101,107.3,PARNAMIRIM,Falta de atenção,Colisão traseira,Com Vítimas Feridas,Plena noite,Crescente,Chuva,Dupla,Cruzamento,Urbano,2011,5,0,2,0,3,0,2,3
905760,08/05/2011,Domingo,14:00:00,RN,405,28.7,GOVERNADOR DIX-SEPT ROSADO,Ultrapassagem indevida,Capotamento,Sem Vítimas,Pleno dia,Crescente,Ceu Claro,Simples,Reta,Rural,2011,2,0,0,0,2,0,0,2
905804,12/05/2011,Quinta,18:18:00,RN,101,100.8,PARNAMIRIM,Outras,Colisão traseira,Com Vítimas Feridas,Anoitecer,Crescente,Ceu Claro,Dupla,Curva,Urbano,2011,3,0,0,1,2,0,1,3
905852,12/05/2011,Quinta,15:00:00,RN,101,148.5,GOIANINHA,Outras,Colisão Transversal,Sem Vítimas,Pleno dia,Decrescente,Ceu Claro,Simples,Cruzamento,Rural,2011,2,0,0,0,2,0,0,2
905877,12/05/2011,Quinta,12:10:00,RN,101,95.4,NATAL,Falta de atenção,Colisão traseira,Sem Vítimas,Pleno dia,Crescente,Ceu Claro,Múltipla,Reta,Urbano,2011,2,0,0,0,2,0,0,2
905982,10/05/2011,Terça,20:55:00,RN,304,298.0,MACAIBA,Falta de atenção,Colisão traseira,Sem Vítimas,Plena noite,Decrescente,Chuva,Dupla,Reta,Rural,2011,2,0,0,0,1,1,0,2
905998,21/04/2011,Quinta,20:10:00,RN,110,47.1,MOSSORO,Outras,Colisão traseira,Com Vítimas Feridas,Plena noite,Crescente,Nublado,Simples,Cruzamento,Urbano,2011,2,0,1,0,1,0,1,2
906080,13/05/2011,Sexta,14:19:00,RN,101,73.7,EXTREMOZ,Animais na Pista,Atropelamento de animal,Sem Vítimas,Pleno dia,Decrescente,Ceu Claro,Simples,Reta,Rural,2011,1,0,0,0,1,0,0,1
906115,13/05/2011,Sexta,08:15:00,RN,110,49.2,MOSSORO,Falta de atenção,Colisão Transversal,Sem Vítimas,Plena noite,Crescente,Sol,Simples,Reta,Urbano,2011,2,0,0,0,2,0,0,2
906202,11/05/2011,Quarta,09:20:00,RN,110,42.8,MOSSORO,Outras,Colisão traseira,Com Vítimas Feridas,Pleno dia,Decrescente,Ceu Claro,Simples,Reta,Rural,2011,2,0,1,0,1,0,1,2
906226,11/05/2011,Quarta,22:00:00,RN,110,24.7,AREIA BRANCA,Animais na Pista,Atropelamento de animal,Sem Vítimas,Plena noite,Crescente,Ceu Claro,Simples,Reta,Rural,2011,1,0,0,0,1,0,0,1
906235,13/05/2011,Sexta,19:10:00,RN,226,4.5,NATAL,Outras,Atropelamento de pessoa,Com Vítimas Feridas,Plena noite,Crescente,Nublado,Simples,Reta,Urbano,2011,2,0,0,1,1,0,1,1
906236,13/05/2011,Sexta,18:05:00,RN,101,97.2,NATAL,Outras,Colisão traseira,Sem Vítimas,Plena noite,Crescente,Ceu Claro,Múltipla,Reta,Urbano,2011,2,0,0,0,2,0,0,2
906245,05/05/2011,Quinta,19:30:00,RN,226,117.4,SANTA CRUZ,Não guardar distância de segurança,Colisão traseira,Sem Vítimas,Plena noite,Decrescente,Nevoeiro/neblina,Simples,Reta,Rural,2011,2,0,0,0,2,0,0,2
906338,14/05/2011,Sábado,00:00:00,RN,405,0.3,MOSSORO,Não guardar distância de segurança,Colisão traseira,Com Vítimas Feridas,Pleno dia,Decrescente,Ceu Claro,Simples,Cruzamento,Urbano,2011,2,0,0,1,0,1,1,2
906344,13/05/2011,Sexta,09:00:00,RN,101,110.1,PARNAMIRIM,Outras,Colisão com bicicleta,Com Vítimas Feridas,Pleno dia,Decrescente,Nublado,Dupla,Curva,Rural,2011,2,0,0,1,0,1,1,2
906480,14/05/2011,Sábado,10:00:00,RN,101,82.9,SAO GONCALO DO AMARANTE,Falta de atenção,Colisão lateral,Sem Vítimas,Pleno dia,Crescente,Nublado,Dupla,Cruzamento,Urbano,2011,2,0,0,0,2,0,0,2
906546,14/05/2011,Sábado,05:30:00,RN,101,102.5,PARNAMIRIM,Dormindo,Colisão Transversal,Com Vítimas Fatais,Amanhecer,Decrescente,Nublado,Múltipla,Reta,Urbano,2011,2,1,0,0,1,0,0,2
906549,01/05/2011,Domingo,05:15:00,RN,101,145.5,GOIANINHA,Falta de atenção,Colisão lateral,Sem Vítimas,Amanhecer,Crescente,Chuva,Dupla,Reta,Urbano,2011,2,0,0,0,2,0,0,2
906581,02/05/2011,Segunda,22:30:00,RN,101,94.0,NATAL,Falta de atenção,Colisão lateral,Sem Vítimas,Plena noite,Decrescente,Ceu Claro,Dupla,Reta,Urbano,2011,2,0,0,0,2,0,0,2
906606,14/05/2011,Sábado,17:00:00,RN,406,158.6,CEARA-MIRIM,Defeito na via,Danos Eventuais,Sem Vítimas,Anoitecer,Crescente,Chuva,Simples,Cruzamento,Urbano,2011,1,0,0,0,1,0,0,1
906611,08/05/2011,Domingo,13:40:00,RN,101,96.2,NATAL,Desobediência à sinalização,Colisão lateral,Com Vítimas Feridas,Pleno dia,Decrescente,Sol,Múltipla,Reta,Urbano,2011,2,0,1,0,0,1,1,2
906612,14/05/2011,Sábado,13:30:00,RN,304,305.9,PARNAMIRIM,Falta de atenção,Capotamento,Com Vítimas Feridas,Pleno dia,Crescente,Chuva,Simples,Reta,Rural,2011,2,0,0,2,0,0,2,1
906616,14/05/2011,Sábado,17:50:00,RN,406,158.0,CEARA-MIRIM,Defeito na via,Danos Eventuais,Sem Vítimas,Anoitecer,Crescente,Chuva,Simples,Reta,Rural,2011,1,0,0,0,1,0,0,1
906654,11/05/2011,Quarta,10:20:00,RN,101,106.0,PARNAMIRIM,Falta de atenção,Colisão Transversal,Sem Vítimas,Pleno dia,Crescente,Ceu Claro,Dupla,Cruzamento,Urbano,2011,2,0,0,0,2,0,0,2
906670,11/05/2011,Quarta,17:50:00,RN,101,99.0,NATAL,Falta de atenção,Colisão lateral,Sem Vítimas,Plena noite,Decrescente,Ceu Claro,Múltipla,Cruzamento,Urbano,2011,2,0,0,0,2,0,0,2
906695,14/05/2011,Sábado,19:25:00,RN,101,94.6,NATAL,Falta de atenção,Colisão traseira,Com Vítimas Feridas,Plena noite,Decrescente,Nublado,Dupla,Reta,Urbano,2011,2,0,1,0,1,0,1,2
906707,07/05/2011,Sábado,05:00:00,RN,110,47.3,MOSSORO,Outras,Colisão com bicicleta,Com Vítimas Feridas,Amanhecer,Crescente,Ceu Claro,Simples,Reta,Urbano,2011,2,0,1,0,1,0,1,2
906728,10/05/2011,Terça,19:30:00,RN,101,95.8,NATAL,Falta de atenção,Colisão lateral,Sem Vítimas,Plena noite,Crescente,Ceu Claro,Dupla,Reta,Urbano,2011,2,0,0,0,2,0,0,2
906770,14/05/2011,Sábado,22:20:00,RN,304,192.4,LAJES,Falta de atenção,Colisão traseira,Com Vítimas Feridas,Plena noite,Crescente,Chuva,Simples,Reta,Urbano,2011,2,0,0,1,1,0,1,2
906784,11/05/2011,Quarta,12:30:00,RN,101,96.0,NATAL,Falta de atenção,Colisão traseira,Sem Vítimas,Pleno dia,Crescente,Ceu Claro,Dupla,Reta,Urbano,2011,2,0,0,0,2,0,0,2
906804,14/05/2011,Sábado,17:10:00,RN,304,33.5,MOSSORO,Falta de atenção,Colisão Transversal,Com Vítimas Feridas,Pleno dia,Decrescente,Sol,Simples,Reta,Urbano,2011,2,0,1,0,1,0,1,2
906828,15/05/2011,Domingo,02:50:00,RN,101,77.7,NATAL,Outras,Colisão Transversal,Com Vítimas Fatais,Plena noite,Decrescente,Chuva,Dupla,Reta,Urbano,2011,2,1,0,0,1,0,0,2
906905,10/05/2011,Terça,22:30:00,RN,101,100.7,PARNAMIRIM,Falta de atenção,Colisão traseira,Sem Vítimas,Plena noite,Decrescente,Chuva,Dupla,Reta,Urbano,2011,2,0,0,0,2,0,0,2
906991,15/05/2011,Domingo,10:50:00,RN,101,94.9,NATAL,Defeito na via,Colisão com objeto fixo,Sem Vítimas,Pleno dia,Crescente,Chuva,Múltipla,Curva,Urbano,2011,1,0,0,0,1,0,0,1
907025,15/05/2011,Domingo,13:30:00,RN,101,80.0,NATAL,Outras,Colisão com objeto fixo,Ignorado,Pleno dia,Decrescente,Chuva,Dupla,Reta,Urbano,2011,1,0,0,0,0,1,0,1
907140,15/05/2011,Domingo,13:20:00,RN,304,206.0,LAJES,Defeito mecânico em veículo,Capotamento,Sem Vítimas,Plena noite,Crescente,Sol,Simples,Reta,Rural,2011,1,0,0,0,1,0,0,1
907149,15/05/2011,Domingo,16:15:00,RN,101,109.6,PARNAMIRIM,Ingestão de álcool,Colisão traseira,Sem Vítimas,Pleno dia,Decrescente,Nublado,Dupla,Reta,Rural,2011,2,0,0,0,2,0,0,2
907224,15/05/2011,Domingo,22:20:00,RN,101,81.0,SAO GONCALO DO AMARANTE,Outras,Colisão traseira,Sem Vítimas,Plena noite,Crescente,Nublado,Dupla,Reta,Urbano,2011,3,0,0,0,3,0,0,3
907231,15/05/2011,Domingo,21:50:00,RN,101,105.7,PARNAMIRIM,Ingestão de álcool,Colisão lateral,Com Vítimas Feridas,Plena noite,Crescente,Nublado,Dupla,Reta,Urbano,2011,3,0,1,0,2,0,1,2
907371,12/05/2011,Quinta,14:10:00,RN,226,14.0,MACAIBA,Não guardar distância de segurança,Colisão traseira,Sem Vítimas,Pleno dia,Crescente,Ceu Claro,Dupla,Cruzamento,Urbano,2011,2,0,0,0,2,0,0,2
907378,15/05/2011,Domingo,00:40:00,RN,226,1.5,NATAL,Ingestão de álcool,Colisão lateral,Com Vítimas Feridas,Plena noite,Decrescente,Chuva,Dupla,Reta,Urbano,2011,2,0,0,1,1,0,1,2
907406,17/04/2011,Domingo,03:30:00,RN,405,156.8,MOSSORO,Velocidade incompatível,Colisão lateral,Com Vítimas Feridas,Plena noite,Crescente,Nevoeiro/neblina,Simples,Curva,Rural,2011,3,0,1,1,1,0,2,2
907471,16/05/2011,Segunda,09:00:00,RN,101,137.8,ARES,Defeito mecânico em veículo,Tombamento,Sem Vítimas,Pleno dia,Decrescente,Ceu Claro,Dupla,Reta,Rural,2011,1,0,0,0,1,0,0,1
907490,12/05/2011,Quinta,21:30:00,RN,304,38.9,MOSSORO,Outras,Colisão Transversal,Sem Vítimas,Plena noite,Crescente,Nublado,Simples,Reta,Urbano,2011,2,0,0,0,2,0,0,2
907493,16/05/2011,Segunda,06:45:00,RN,101,82.1,SAO GONCALO DO AMARANTE,Não guardar distância de segurança,Colisão traseira,Sem Vítimas,Pleno dia,Crescente,Nublado,Dupla,Reta,Urbano,2011,2,0,0,0,2,0,0,2
907531,10/05/2011,Terça,17:40:00,RN,226,4.0,NATAL,Desobediência à sinalização,Colisão lateral,Com Vítimas Feridas,Anoitecer,Crescente,Nublado,Simples,Curva,Rural,2011,3,0,2,0,1,0,2,2
907547,08/04/2011,Sexta,16:15:00,RN,101,99.1,PARNAMIRIM,Não guardar distância de segurança,Colisão traseira,Sem Vítimas,Pleno dia,Crescente,Sol,Dupla,Reta,Urbano,2011,2,0,0,0,2,0,0,2
907631,16/05/2011,Segunda,16:00:00,RN,304,110.0,ASSU,Não guardar distância de segurança,Colisão traseira,Sem Vítimas,Pleno dia,Decrescente,Chuva,Simples,Reta,Rural,2011,2,0,0,0,2,0,0,2
907682,16/05/2011,Segunda,17:50:00,RN,101,101.5,PARNAMIRIM,Falta de atenção,Colisão traseira,Sem Vítimas,Anoitecer,Decrescente,Nevoeiro/neblina,Dupla,Reta,Urbano,2011,2,0,0,0,2,0,0,2
907692,16/05/2011,Segunda,18:50:00,RN,101,99.9,NATAL,Desobediência à sinalização,Colisão Transversal,Sem Vítimas,Plena noite,Crescente,Nublado,Múltipla,Cruzamento,Urbano,2011,2,0,0,0,2,0,0,2
907711,16/05/2011,Segunda,09:05:00,RN,110,49.3,MOSSORO,Falta de atenção,Queda de motocicleta / bicicleta / veículo,Com Vítimas Feridas,Pleno dia,Decrescente,Ceu Claro,Dupla,Reta,Urbano,2011,1,0,1,0,0,0,1,1
907747,16/05/2011,Segunda,20:00:00,RN,304,116.0,ASSU,Não guardar distância de segurança,Colisão traseira,Sem Vítimas,Plena noite,Decrescente,Chuva,Simples,Reta,Rural,2011,2,0,0,0,2,0,0,2
907752,16/05/2011,Segunda,22:45:00,RN,406,155.4,CEARA-MIRIM,Falta de atenção,Colisão traseira,Sem Vítimas,Plena noite,Crescente,Chuva,Simples,Reta,Urbano,2011,2,0,0,0,1,1,0,2
907786,08/05/2011,Domingo,20:30:00,RN,427,145.6,SERRA NEGRA DO NORTE,Falta de atenção,Colisão Transversal,Com Vítimas Feridas,Plena noite,Crescente,Ceu Claro,Simples,Reta,Rural,2011,2,0,0,1,1,0,1,2
907788,04/05/2011,Quarta,17:00:00,RN,101,95.7,NATAL,Outras,Colisão lateral,Sem Vítimas,Anoitecer,Crescente,Ceu Claro,Simples,Cruzamento,Urbano,2011,2,0,0,0,2,0,0,2
907796,16/05/2011,Segunda,18:35:00,RN,101,99.9,NATAL,Falta de atenção,Colisão traseira,Com Vítimas Feridas,Plena noite,Decrescente,Nublado,Múltipla,Reta,Urbano,2011,2,0,1,0,1,0,1,2
907939,13/05/2011,Sexta,09:00:00,RN,304,306.8,PARNAMIRIM,Falta de atenção,Colisão traseira,Sem Vítimas,Pleno dia,Crescente,Ceu Claro,Dupla,Cruzamento,Urbano,2011,2,0,0,0,2,0,0,2
907959,10/05/2011,Terça,21:40:00,RN,101,100.7,NATAL,Outras,Colisão com objeto fixo,Com Vítimas Feridas,Plena noite,Crescente,Chuva,Dupla,Curva,Urbano,2011,2,0,2,0,0,0,2,2
907978,15/05/2011,Domingo,01:30:00,RN,110,48.3,MOSSORO,Ingestão de álcool,Colisão Transversal,Com Vítimas Feridas,Plena noite,Decrescente,Ceu Claro,Dupla,Cruzamento,Urbano,2011,3,0,1,1,1,0,2,2
908055,13/05/2011,Sexta,17:20:00,RN,405,0.8,MOSSORO,Desobediência à sinalização,Colisão Transversal,Com Vítimas Feridas,Pleno dia,Decrescente,Nublado,Dupla,Cruzamento,Urbano,2011,3,0,2,0,1,0,2,2
908097,08/05/2011,Domingo,16:20:00,RN,304,281.0,MACAIBA,Outras,Colisão traseira,Sem Vítimas,Pleno dia,Decrescente,Ceu Claro,Dupla,Reta,Rural,2011,2,0,0,0,2,0,0,2
908124,17/05/2011,Terça,09:40:00,RN,101,172.2,CANGUARETAMA,Defeito mecânico em veículo,Tombamento,Sem Vítimas,Pleno dia,Decrescente,Nublado,Dupla,Reta,Rural,2011,1,0,0,0,1,0,0,1
908185,15/05/2011,Domingo,15:35:00,RN,101,107.0,PARNAMIRIM,Desobediência à sinalização,Colisão Transversal,Sem Vítimas,Pleno dia,Decrescente,Chuva,Dupla,Cruzamento,Urbano,2011,2,0,0,0,2,0,0,2
908228,17/05/2011,Terça,14:30:00,RN,304,195.0,LAJES,Defeito mecânico em veículo,Saída de Pista,Sem Vítimas,Pleno dia,Decrescente,Chuva,Simples,Reta,Rural,2011,1,0,0,0,1,0,0,1
908300,17/05/2011,Terça,12:10:00,RN,304,113.8,ASSU,Falta de atenção,Colisão lateral,Sem Vítimas,Pleno dia,Crescente,Sol,Simples,Reta,Urbano,2011,2,0,0,0,2,0,0,2
908333,17/05/2011,Terça,14:00:00,RN,406,157.0,CEARA-MIRIM,Defeito mecânico em veículo,Atropelamento de pessoa,Com Vítimas Fatais,Pleno dia,Decrescente,Ceu Claro,Simples,Reta,Rural,2011,2,1,0,0,1,0,0,1
908344,05/05/2011,Quinta,11:30:00,RN,101,117.0,SAO JOSE DE MIPIBU,Falta de atenção,Colisão lateral,Sem Vítimas,Pleno dia,Crescente,Nublado,Dupla,Reta,Urbano,2011,2,0,0,0,2,0,0,2
908429,13/05/2011,Sexta,18:20:00,RN,226,88.3,TANGARA,Animais na Pista,Atropelamento de animal,Sem Vítimas,Plena noite,Crescente,Ceu Claro,Simples,Curva,Rural,2011,3,0,0,0,3,0,0,2
908461,17/05/2011,Terça,23:50:00,RN,226,175.9,CURRAIS NOVOS,Falta de atenção,Tombamento,Sem Vítimas,Plena noite,Crescente,Nublado,Simples,Reta,Urbano,2011,1,0,0,0,1,0,0,1
908648,18/05/2011,Quarta,08:00:00,RN,101,109.1,PARNAMIRIM,Defeito mecânico em veículo,Tombamento,Com Vítimas Feridas,Pleno dia,Decrescente,Ceu Claro,Dupla,Reta,Urbano,2011,2,0,1,0,1,0,1,1
908919,15/05/2011,Domingo,23:20:00,RN,304,46.8,MOSSORO,Falta de atenção,Colisão com objeto fixo,Com Vítimas Feridas,Plena noite,Crescente,Ignorada,Dupla,Reta,Urbano,2011,2,0,1,1,0,0,2,1
908984,18/05/2011,Quarta,20:30:00,RN,101,112.9,PARNAMIRIM,Outras,Saída de Pista,Sem Vítimas,Plena noite,Decrescente,Chuva,Dupla,Reta,Rural,2011,2,0,0,0,1,1,0,2
909040,19/05/2011,Quinta,02:10:00,RN,101,97.8,NATAL,Falta de atenção,Colisão traseira,Sem Vítimas,Plena noite,Crescente,Nublado,Dupla,Reta,Urbano,2011,2,0,0,0,2,0,0,2
909053,18/05/2011,Quarta,20:50:00,RN,101,103.5,PARNAMIRIM,Ingestão de álcool,Colisão traseira,Com Vítimas Feridas,Plena noite,Decrescente,Chuva,Dupla,Reta,Urbano,2011,2,0,0,1,1,0,1,2
909059,18/05/2011,Quarta,15:10:00,RN,405,2.9,MOSSORO,Não guardar distância de segurança,Colisão traseira,Sem Vítimas,Pleno dia,Crescente,Sol,Dupla,Cruzamento,Urbano,2011,2,0,0,0,1,1,0,2
909133,19/05/2011,Quinta,07:10:00,RN,101,125.0,SAO JOSE DE MIPIBU,Falta de atenção,Colisão traseira,Sem Vítimas,Pleno dia,Decrescente,Chuva,Dupla,Reta,Urbano,2011,2,0,0,0,2,0,0,2
909286,14/05/2011,Sábado,22:10:00,RN,101,82.0,SAO GONCALO DO AMARANTE,Ingestão de álcool,Colisão traseira,Com Vítimas Feridas,Plena noite,Crescente,Chuva,Dupla,Reta,Urbano,2011,2,0,1,0,1,0,1,2
909297,19/05/2011,Quinta,08:30:00,RN,226,1.9,NATAL,Falta de atenção,Colisão traseira,Sem Vítimas,Pleno dia,Decrescente,Chuva,Dupla,Curva,Urbano,2011,2,0,0,0,2,0,0,2
909340,19/05/2011,Quinta,14:45:00,RN,101,99.5,NATAL,Falta de atenção,Colisão lateral,Sem Vítimas,Pleno dia,Crescente,Ceu Claro,Múltipla,Reta,Urbano,2011,2,0,0,0,2,0,0,2
909344,16/05/2011,Segunda,06:45:00,RN,101,106.3,PARNAMIRIM,Outras,Colisão traseira,Sem Vítimas,Pleno dia,Decrescente,Ceu Claro,Dupla,Reta,Urbano,2011,4,0,0,0,4,0,0,4
909378,19/05/2011,Quinta,06:45:00,RN,101,95.6,NATAL,Falta de atenção,Colisão Transversal,Sem Vítimas,Pleno dia,Crescente,Nublado,Múltipla,Cruzamento,Urbano,2011,2,0,0,0,2,0,0,2
909401,15/05/2011,Domingo,16:00:00,RN,226,178.0,CURRAIS NOVOS,Outras,Atropelamento de animal,Sem Vítimas,Pleno dia,Decrescente,Nublado,Simples,Reta,Rural,2011,1,0,0,0,1,0,0,1
909490,14/05/2011,Sábado,17:00:00,RN,406,158.6,CEARA-MIRIM,Defeito na via,Danos Eventuais,Sem Vítimas,Plena noite,Crescente,Nublado,Simples,Reta,Rural,2011,1,0,0,0,1,0,0,1
909492,19/05/2011,Quinta,14:00:00,RN,101,102.0,PARNAMIRIM,Não guardar distância de segurança,Colisão traseira,Sem Vítimas,Pleno dia,Decrescente,Ceu Claro,Dupla,Reta,Urbano,2011,4,0,0,0,4,0,0,4
909616,19/05/2011,Quinta,21:10:00,RN,406,158.6,CEARA-MIRIM,Defeito na via,Danos Eventuais,Sem Vítimas,Plena noite,Crescente,Nublado,Simples,Reta,Rural,2011,1,0,0,0,1,0,0,1
909642,19/05/2011,Quinta,10:30:00,RN,304,39.1,MOSSORO,Falta de atenção,Colisão lateral,Sem Vítimas,Pleno dia,Crescente,Sol,Simples,Reta,Urbano,2011,2,0,0,0,1,1,0,2
909665,20/05/2011,Sexta,04:10:00,RN,427,1.4,CURRAIS NOVOS,Animais na Pista,Atropelamento de animal,Sem Vítimas,Amanhecer,Decrescente,Nublado,Simples,Reta,Urbano,2011,2,0,0,0,2,0,0,1
909746,11/05/2011,Quarta,18:40:00,RN,101,104.5,PARNAMIRIM,Falta de atenção,Colisão lateral,Sem Vítimas,Plena noite,Decrescente,Chuva,Dupla,Reta,Urbano,2011,2,0,0,0,2,0,0,2
909752,18/05/2011,Quarta,21:40:00,RN,101,116.3,SAO JOSE DE MIPIBU,Outras,Colisão frontal,Com Vítimas Feridas,Plena noite,Crescente,Nublado,Dupla,Reta,Rural,2011,2,0,0,1,0,1,1,2
909789,04/05/2011,Quarta,08:00:00,RN,226,38.2,MACAIBA,Falta de atenção,Capotamento,Sem Vítimas,Pleno dia,Crescente,Chuva,Simples,Reta,Urbano,2011,1,0,0,0,1,0,0,1
909886,12/05/2011,Quinta,18:40:00,RN,304,307.4,PARNAMIRIM,Outras,Colisão lateral,Sem Vítimas,Plena noite,Decrescente,Nublado,Dupla,Curva,Urbano,2011,2,0,0,0,2,0,0,2
909947,08/05/2011,Domingo,18:10:00,RN,226,37.0,MACAIBA,Outras,Atropelamento de pessoa,Com Vítimas Feridas,Plena noite,Decrescente,Ceu Claro,Simples,Reta,Rural,2011,2,0,0,1,1,0,1,1
909984,20/05/2011,Sexta,09:00:00,RN,101,94.0,NATAL,Falta de atenção,Colisão traseira,Sem Vítimas,Pleno dia,Decrescente,Chuva,Dupla,Reta,Urbano,2011,4,0,0,0,4,0,0,4
910067,20/05/2011,Sexta,14:40:00,RN,101,175.0,BAIA FORMOSA,Defeito na via,Colisão com objeto fixo,Sem Vítimas,Pleno dia,Decrescente,Nublado,Dupla,Reta,Rural,2011,1,0,0,0,1,0,0,1
910106,20/05/2011,Sexta,22:10:00,RN,110,47.0,MOSSORO,Falta de atenção,Colisão Transversal,Com Vítimas Feridas,Plena noite,Crescente,Ceu Claro,Simples,Reta,Urbano,2011,2,0,1,0,1,0,1,2
910247,14/05/2011,Sábado,22:30:00,RN,101,103.4,PARNAMIRIM,Falta de atenção,Colisão lateral,Sem Vítimas,Plena noite,Decrescente,Chuva,Dupla,Reta,Urbano,2011,2,0,0,0,2,0,0,2
910426,21/05/2011,Sábado,13:10:00,RN,101,66.5,EXTREMOZ,Falta de atenção,Colisão Transversal,Sem Vítimas,Pleno dia,Decrescente,Ceu Claro,Simples,Cruzamento,Rural,2011,4,0,0,0,3,1,0,2
910481,21/05/2011,Sábado,14:40:00,RN,101,106.0,PARNAMIRIM,Ingestão de álcool,Colisão traseira,Sem Vítimas,Pleno dia,Decrescente,Ceu Claro,Dupla,Cruzamento,Urbano,2011,2,0,0,0,2,0,0,2
910493,18/05/2011,Quarta,04:30:00,RN,101,116.5,SAO JOSE DE MIPIBU,Dormindo,Tombamento,Com Vítimas Feridas,Plena noite,Decrescente,Nublado,Dupla,Curva,Rural,2011,1,0,1,0,0,0,1,1
910512,20/05/2011,Sexta,04:40:00,RN,110,48.3,MOSSORO,Dormindo,Colisão com objeto fixo,Sem Vítimas,Plena noite,Decrescente,Ceu Claro,Simples,Reta,Urbano,2011,1,0,0,0,1,0,0,1
910626,21/05/2011,Sábado,14:30:00,RN,406,154.0,CEARA-MIRIM,Outras,Saída de Pista,Sem Vítimas,Pleno dia,Crescente,Ceu Claro,Simples,Reta,Rural,2011,1,0,0,0,1,0,0,1
910675,11/05/2011,Quarta,07:15:00,RN,101,97.6,NATAL,Falta de atenção,Colisão traseira,Sem Vítimas,Pleno dia,Decrescente,Ceu Claro,Dupla,Reta,Urbano,2011,2,0,0,0,2,0,0,2
910705,21/05/2011,Sábado,23:40:00,RN,101,66.5,CEARA-MIRIM,Ingestão de álcool,Colisão lateral,Sem Vítimas,Plena noite,Crescente,Ceu Claro,Simples,Cruzamento,Rural,2011,2,0,0,0,2,0,0,2
910712,21/05/2011,Sábado,23:00:00,RN,304,34.0,MOSSORO,Falta de atenção,Colisão frontal,Com Vítimas Feridas,Plena noite,Crescente,Ceu Claro,Simples,Reta,Urbano,2011,2,0,1,0,0,1,1,2
910834,14/05/2011,Sábado,20:10:00,RN,304,296.9,MACAIBA,Ingestão de álcool,Colisão frontal,Sem Vítimas,Plena noite,Decrescente,Nublado,Simples,Cruzamento,Urbano,2011,2,0,0,0,2,0,0,2
910840,18/05/2011,Quarta,11:30:00,RN,101,95.7,NATAL,Falta de atenção,Colisão com objeto fixo,Sem Vítimas,Pleno dia,Decrescente,Sol,Múltipla,Cruzamento,Urbano,2011,1,0,0,0,1,0,0,1
910846,18/05/2011,Quarta,18:00:00,RN,226,0.5,NATAL,Falta de atenção,Colisão Transversal,Sem Vítimas,Plena noite,Decrescente,Chuva,Simples,Cruzamento,Urbano,2011,2,0,0,0,1,1,0,2
910884,20/05/2011,Sexta,18:00:00,RN,304,294.3,MACAIBA,Outras,Colisão traseira,Sem Vítimas,Anoitecer,Crescente,Ceu Claro,Simples,Reta,Urbano,2011,2,0,0,0,2,0,0,2
910930,18/05/2011,Quarta,14:15:00,RN,101,97.5,PARNAMIRIM,Desobediência à sinalização,Colisão traseira,Sem Vítimas,Pleno dia,Decrescente,Sol,Dupla,Reta,Urbano,2011,2,0,0,0,2,0,0,2
911016,22/05/2011,Domingo,17:50:00,RN,101,81.7,NATAL,Falta de atenção,Atropelamento de pessoa,Com Vítimas Feridas,Anoitecer,Decrescente,Ceu Claro,Dupla,Reta,Urbano,2011,2,0,2,0,0,0,2,1
911098,22/05/2011,Domingo,18:00:00,RN,101,101.9,PARNAMIRIM,Ingestão de álcool,Colisão traseira,Sem Vítimas,Plena noite,Decrescente,Ceu Claro,Múltipla,Reta,Urbano,2011,2,0,0,0,2,0,0,2
911184,22/05/2011,Domingo,18:00:00,RN,226,5.5,NATAL,Outras,Colisão frontal,Com Vítimas Feridas,Plena noite,Decrescente,Ceu Claro,Simples,Reta,Rural,2011,2,0,0,1,1,0,1,2
911200,22/05/2011,Domingo,18:15:00,RN,101,110.9,PARNAMIRIM,Ingestão de álcool,Colisão lateral,Com Vítimas Feridas,Plena noite,Decrescente,Ceu Claro,Dupla,Cruzamento,Urbano,2011,3,0,1,1,1,0,2,2
911229,23/05/2011,Segunda,03:30:00,RN,101,83.1,SAO GONCALO DO AMARANTE,Outras,Colisão com objeto fixo,Ignorado,Plena noite,Crescente,Chuva,Dupla,Reta,Urbano,2011,1,0,0,0,0,1,0,1