id,data_inversa,dia_semana,horario,uf,br,km,municipio,causa_acidente,tipo_acidente,classificacao_acidente,fase_dia,sentido_via,condicao_metereologica,tipo_pista,tracado_via,uso_solo,ano,pessoas,mortos,feridos_leves,feridos_graves,ilesos,ignorados,feridos,veiculos
923530,14/06/2011,Terça,15:05:00,RN,101,94.0,NATAL,Não guardar distância de segurança,Colisão traseira,Sem Vítimas,Pleno dia,Decrescente,Ceu Claro,Dupla,Reta,Urbano,2011,2,0,0,0,2,0,0,2
923545,14/06/2011,Terça,17:10:00,RN,226,3.8,NATAL,Animais na Pista,Atropelamento de animal,Sem Vítimas,Pleno dia,Crescente,Ceu Claro,Simples,Reta,Urbano,2011,1,0,0,0,1,0,0,1
923604,14/06/2011,Terça,20:40:00,RN,101,82.9,SAO GONCALO DO AMARANTE,Falta de atenção,Colisão traseira,Sem Vítimas,Plena noite,Crescente,Ceu Claro,Múltipla,Cruzamento,Urbano,2011,3,0,0,0,2,1,0,2
923616,14/06/2011,Terça,23:05:00,RN,226,159.9,CURRAIS NOVOS,Animais na Pista,Saída de Pista,Sem Vítimas,Plena noite,Crescente,Ceu Claro,Simples,Curva,Rural,2011,1,0,0,0,1,0,0,1
923727,12/06/2011,Domingo,02:30:00,RN,101,124.0,SAO JOSE DE MIPIBU,Falta de atenção,Colisão traseira,Sem Vítimas,Plena noite,Decrescente,Ceu Claro,Dupla,Reta,Urbano,2011,2,0,0,0,1,1,0,2
923859,11/06/2011,Sábado,19:30:00,RN,101,85.8,SAO GONCALO DO AMARANTE,Falta de atenção,Colisão traseira,Com Vítimas Feridas,Pleno dia,Crescente,Ignorada,Dupla,Reta,Urbano,2011,2,0,1,0,1,0,1,2
923881,15/06/2011,Quarta,10:00:00,RN,405,2.0,MOSSORO,Falta de atenção,Colisão com objeto fixo,Sem Vítimas,Pleno dia,Decrescente,Ceu Claro,Dupla,Reta,Urbano,2011,2,0,0,0,2,0,0,2
923883,15/06/2011,Quarta,07:00:00,RN,101,83.2,NATAL,Outras,Colisão lateral,Sem Vítimas,Pleno dia,Decrescente,Ceu Claro,Dupla,Curva,Urbano,2011,2,0,0,0,2,0,0,2
923920,12/06/2011,Domingo,21:20:00,RN,304,38.4,MOSSORO,Ultrapassagem indevida,Colisão frontal,Com Vítimas Feridas,Plena noite,Decrescente,Ceu Claro,Simples,Reta,Urbano,2011,9,0,6,0,2,1,6,2
923949,15/06/2011,Quarta,09:45:00,RN,101,97.7,NATAL,Falta de atenção,Colisão traseira,Sem Vítimas,Pleno dia,Decrescente,Ceu Claro,Múltipla,Cruzamento,Urbano,2011,2,0,0,0,2,0,0,2
924009,15/06/2011,Quarta,13:30:00,RN,304,113.0,ASSU,Falta de atenção,Colisão Transversal,Com Vítimas Feridas,Pleno dia,Decrescente,Ceu Claro,Simples,Reta,Urbano,2011,3,0,2,0,1,0,2,2
924035,15/06/2011,Quarta,14:40:00,RN,101,95.2,NATAL,Outras,Colisão lateral,Sem Vítimas,Pleno dia,Crescente,Ceu Claro,Simples,Reta,Urbano,2011,2,0,0,0,2,0,0,2
924045,04/06/2011,Sábado,01:40:00,RN,304,248.3,RIACHUELO,Desobediência à sinalização,Colisão frontal,Com Vítimas Feridas,Plena noite,Crescente,Chuva,Simples,Reta,Rural,2011,4,0,3,1,0,0,4,2
924143,15/06/2011,Quarta,17:15:00,RN,101,100.6,PARNAMIRIM,Falta de atenção,Colisão traseira,Sem Vítimas,Anoitecer,Decrescente,Nublado,Dupla,Reta,Urbano,2011,2,0,0,0,2,0,0,2
924166,15/06/2011,Quarta,12:00:00,RN,406,2.0,MACAU,Falta de atenção,Colisão traseira,Sem Vítimas,Pleno dia,Crescente,Ceu Claro,Simples,Reta,Rural,2011,2,0,0,0,2,0,0,2
924263,15/06/2011,Quarta,19:00:00,RN,304,34.0,MOSSORO,Ingestão de álcool,Colisão Transversal,Com Vítimas Feridas,Plena noite,Decrescente,Ceu Claro,Simples,Cruzamento,Urbano,2011,2,0,1,0,0,1,1,2
924451,16/06/2011,Quinta,09:55:00,RN,405,0.5,MOSSORO,Falta de atenção,Colisão lateral,Sem Vítimas,Pleno dia,Crescente,Ceu Claro,Dupla,Cruzamento,Urbano,2011,2,0,0,0,2,0,0,2
924516,16/06/2011,Quinta,14:30:00,RN,101,97.4,NATAL,Não guardar distância de segurança,Colisão traseira,Sem Vítimas,Pleno dia,Decrescente,Chuva,Dupla,Reta,Urbano,2011,2,0,0,0,2,0,0,2
924526,16/06/2011,Quinta,08:40:00,RN,101,99.8,NATAL,Outras,Colisão traseira,Com Vítimas Feridas,Pleno dia,Crescente,Ceu Claro,Múltipla,Reta,Urbano,2011,2,0,1,0,1,0,1,2
924602,16/06/2011,Quinta,16:15:00,RN,101,103.4,PARNAMIRIM,Falta de atenção,Colisão traseira,Com Vítimas Feridas,Pleno dia,Crescente,Chuva,Dupla,Reta,Urbano,2011,3,0,1,0,2,0,1,2
924606,16/06/2011,Quinta,08:10:00,RN,101,75.5,NATAL,Outras,Capotamento,Sem Vítimas,Pleno dia,Decrescente,Chuva,Dupla,Reta,Rural,2011,1,0,0,0,1,0,0,1
924916,11/06/2011,Sábado,20:40:00,RN,101,83.0,NATAL,Outras,Colisão lateral,Sem Vítimas,Pleno dia,Decrescente,Vento,Dupla,Reta,Urbano,2011,2,0,0,0,1,1,0,2
924933,13/06/2011,Segunda,19:00:00,RN,304,9.9,MOSSORO,Falta de atenção,Colisão traseira,Com Vítimas Feridas,Plena noite,Crescente,Ceu Claro,Simples,Reta,Rural,2011,3,0,2,0,1,0,2,2
924999,07/06/2011,Terça,18:05:00,RN,101,94.1,NATAL,Falta de atenção,Colisão traseira,Sem Vítimas,Plena noite,Crescente,Ceu Claro,Múltipla,Reta,Urbano,2011,2,0,0,0,2,0,0,2
925065,15/06/2011,Quarta,18:30:00,RN,226,175.8,CURRAIS NOVOS,Não guardar distância de segurança,Colisão traseira,Sem Vítimas,Plena noite,Decrescente,Ceu Claro,Simples,Reta,Urbano,2011,2,0,0,0,2,0,0,2
925090,17/06/2011,Sexta,13:15:00,RN,101,98.0,NATAL,Animais na Pista,Danos Eventuais,Sem Vítimas,Pleno dia,Decrescente,Sol,Dupla,Reta,Urbano,2011,2,0,0,0,2,0,0,2
925144,17/06/2011,Sexta,07:45:00,RN,101,116.2,SAO JOSE DE MIPIBU,Outras,Colisão traseira,Sem Vítimas,Pleno dia,Crescente,Ceu Claro,Dupla,Cruzamento,Rural,2011,2,0,0,0,2,0,0,2
925486,19/06/2011,Domingo,18:00:00,RN,304,98.0,ASSU,Não guardar distância de segurança,Colisão traseira,Sem Vítimas,Plena noite,Decrescente,Chuva,Simples,Reta,Rural,2011,2,0,0,0,2,0,0,2
925587,16/06/2011,Quinta,09:45:00,RN,101,102.0,PARNAMIRIM,Outras,Colisão traseira,Sem Vítimas,Pleno dia,Crescente,Chuva,Múltipla,Reta,Urbano,2011,3,0,0,0,1,2,0,3
925623,20/06/2011,Segunda,07:00:00,RN,101,100.2,NATAL,Desobediência à sinalização,Colisão lateral,Sem Vítimas,Pleno dia,Decrescente,Nublado,Dupla,Reta,Urbano,2011,2,0,0,0,2,0,0,2
925635,19/06/2011,Domingo,09:00:00,RN,304,296.0,MACAIBA,Não guardar distância de segurança,Colisão traseira,Sem Vítimas,Pleno dia,Crescente,Nublado,Simples,Reta,Urbano,2011,2,0,0,0,2,0,0,2
925648,17/06/2011,Sexta,05:00:00,RN,110,48.7,MOSSORO,Outras,Queda de motocicleta / bicicleta / veículo,Com Vítimas Feridas,Amanhecer,Crescente,Ceu Claro,Dupla,Reta,Urbano,2011,2,0,2,0,0,0,2,1
925719,13/06/2011,Segunda,03:30:00,RN,226,14.0,MACAIBA,Falta de atenção,Tombamento,Com Vítimas Feridas,Plena noite,Crescente,Nublado,Simples,Reta,Urbano,2011,1,0,0,1,0,0,1,1
925753,13/06/2011,Segunda,16:10:00,RN,101,106.0,PARNAMIRIM,Não guardar distância de segurança,Colisão traseira,Sem Vítimas,Pleno dia,Decrescente,Sol,Dupla,Cruzamento,Urbano,2011,2,0,0,0,2,0,0,2
925764,20/06/2011,Segunda,11:10:00,RN,304,31.3,MOSSORO,Outras,Colisão Transversal,Com Vítimas Feridas,Pleno dia,Decrescente,Ceu Claro,Simples,Reta,Urbano,2011,2,0,2,0,0,0,2,2
925855,17/06/2011,Sexta,21:00:00,RN,405,1.8,MOSSORO,Falta de atenção,Colisão traseira,Com Vítimas Feridas,Plena noite,Decrescente,Ceu Claro,Dupla,Reta,Urbano,2011,4,0,2,1,1,0,3,2
925889,16/06/2011,Quinta,11:55:00,RN,101,99.8,PARNAMIRIM,Falta de atenção,Colisão lateral,Sem Vítimas,Pleno dia,Decrescente,Ceu Claro,Dupla,Curva,Urbano,2011,2,0,0,0,2,0,0,2
925929,20/06/2011,Segunda,15:00:00,RN,406,161.0,CEARA-MIRIM,Falta de atenção,Atropelamento de pessoa,Com Vítimas Feridas,Pleno dia,Crescente,Ceu Claro,Simples,Reta,Urbano,2011,2,0,2,0,0,0,2,1
926030,20/06/2011,Segunda,06:50:00,RN,304,296.7,MACAIBA,Outras,Colisão Transversal,Sem Vítimas,Plena noite,Crescente,Nublado,Simples,Cruzamento,Urbano,2011,2,0,0,0,2,0,0,2
926084,20/06/2011,Segunda,17:50:00,RN,101,96.5,NATAL,Desobediência à sinalização,Colisão Transversal,Sem Vítimas,Anoitecer,Decrescente,Ceu Claro,Múltipla,Cruzamento,Urbano,2011,2,0,0,0,2,0,0,2
926107,20/06/2011,Segunda,17:45:00,RN,101,82.9,SAO GONCALO DO AMARANTE,Falta de atenção,Colisão traseira,Sem Vítimas,Anoitecer,Crescente,Vento,Dupla,Reta,Urbano,2011,2,0,0,0,2,0,0,2
926135,20/06/2011,Segunda,16:20:00,RN,304,81.0,MOSSORO,Outras,Colisão lateral,Sem Vítimas,Pleno dia,Decrescente,Sol,Simples,Reta,Rural,2011,2,0,0,0,2,0,0,2
926225,20/06/2011,Segunda,23:10:00,RN,101,100.9,PARNAMIRIM,Outras,Colisão traseira,Sem Vítimas,Plena noite,Crescente,Nublado,Dupla,Cruzamento,Urbano,2011,2,0,0,0,2,0,0,2
926302,20/06/2011,Segunda,06:00:00,RN,226,150.5,CURRAIS NOVOS,Dormindo,Saída de Pista,Sem Vítimas,Pleno dia,Crescente,Ceu Claro,Simples,Curva,Rural,2011,1,0,0,0,1,0,0,1
926468,15/06/2011,Quarta,07:25:00,RN,101,107.2,PARNAMIRIM,Falta de atenção,Colisão traseira,Sem Vítimas,Pleno dia,Decrescente,Sol,Dupla,Reta,Urbano,2011,3,0,0,0,2,0,0,3
926521,17/06/2011,Sexta,18:20:00,RN,304,179.0,ANGICOS,Animais na Pista,Atropelamento de animal,Sem Vítimas,Plena noite,Crescente,Ceu Claro,Simples,Reta,Rural,2011,1,0,0,0,1,0,0,1
926526,21/06/2011,Terça,06:50:00,RN,304,8.4,MOSSORO,Outras,Colisão Transversal,Sem Vítimas,Pleno dia,Decrescente,Ceu Claro,Simples,Reta,Rural,2011,2,0,0,0,2,0,0,2
926530,17/06/2011,Sexta,16:50:00,RN,304,258.0,SANTA MARIA,Ultrapassagem indevida,Colisão frontal,Com Vítimas Fatais,Pleno dia,Crescente,Ceu Claro,Simples,Cruzamento,Urbano,2011,3,1,0,0,2,0,0,2
926619,19/06/2011,Domingo,20:00:00,RN,226,111.3,SANTA CRUZ,Outras,Colisão lateral,Com Vítimas Feridas,Plena noite,Crescente,Nublado,Simples,Reta,Urbano,2011,2,0,1,0,0,1,1,2
926693,17/06/2011,Sexta,23:29:00,RN,101,100.2,NATAL,Falta de atenção,Colisão traseira,Sem Vítimas,Plena noite,Crescente,Nublado,Dupla,Curva,Urbano,2011,2,0,0,0,2,0,0,2
926713,18/06/2011,Sábado,02:30:00,RN,406,61.0,JANDAIRA,Outras,Colisão traseira,Com Vítimas Feridas,Plena noite,Crescente,Ceu Claro,Simples,Reta,Urbano,2011,3,0,1,1,1,0,2,2
926726,13/06/2011,Segunda,18:50:00,RN,101,84.2,SAO GONCALO DO AMARANTE,Outras,Colisão Transversal,Sem Vítimas,Plena noite,Crescente,Ceu Claro,Dupla,Reta,Urbano,2011,2,0,0,0,1,1,0,2
926785,21/06/2011,Terça,18:00:00,RN,406,168.0,SAO GONCALO DO AMARANTE,Animais na Pista,Atropelamento de animal,Com Vítimas Feridas,Plena noite,Crescente,Ceu Claro,Simples,Reta,Rural,2011,1,0,0,1,0,0,1,1
926884,21/06/2011,Terça,11:30:00,RN,226,12.4,MACAIBA,Falta de atenção,Colisão Transversal,Sem Vítimas,Pleno dia,Crescente,Ceu Claro,Simples,Reta,Urbano,2011,2,0,0,0,2,0,0,2
926901,21/06/2011,Terça,16:30:00,RN,101,101.9,PARNAMIRIM,Não guardar distância de segurança,Colisão lateral,Sem Vítimas,Pleno dia,Decrescente,Nublado,Dupla,Reta,Urbano,2011,2,0,0,0,2,0,0,2
926903,16/06/2011,Quinta,22:05:00,RN,101,96.0,NATAL,Outras,Colisão lateral,Sem Vítimas,Plena noite,Crescente,Ceu Claro,Múltipla,Curva,Urbano,2011,2,0,0,0,2,0,0,2
927048,22/06/2011,Quarta,05:20:00,RN,406,143.0,CEARA-MIRIM,Animais na Pista,Atropelamento de animal,Com Vítimas Feridas,Amanhecer,Decrescente,Chuva,Simples,Reta,Urbano,2011,1,0,0,1,0,0,1,1
927252,18/06/2011,Sábado,12:40:00,RN,304,35.5,MOSSORO,Falta de atenção,Colisão Transversal,Com Vítimas Feridas,Pleno dia,Crescente,Sol,Simples,Cruzamento,Urbano,2011,3,0,2,0,1,0,2,2
927261,18/06/2011,Sábado,10:35:00,RN,101,101.9,PARNAMIRIM,Não guardar distância de segurança,Colisão traseira,Sem Vítimas,Pleno dia,Crescente,Nublado,Dupla,Reta,Urbano,2011,2,0,0,0,2,0,0,2
927300,17/06/2011,Sexta,16:00:00,RN,101,147.7,GOIANINHA,Outras,Colisão Transversal,Sem Vítimas,Pleno dia,Crescente,Ceu Claro,Simples,Reta,Urbano,2011,2,0,0,0,2,0,0,2
927385,22/06/2011,Quarta,07:30:00,RN,101,94.6,NATAL,Não guardar distância de segurança,Colisão traseira,Sem Vítimas,Pleno dia,Decrescente,Nublado,Dupla,Reta,Urbano,2011,3,0,0,0,3,0,0,3
927387,11/06/2011,Sábado,22:00:00,RN,405,109.9,ITAU,Outras,Queda de motocicleta / bicicleta / veículo,Com Vítimas Fatais,Plena noite,Crescente,Ceu Claro,Simples,Reta,Rural,2011,1,1,0,0,0,0,0,1
927432,18/06/2011,Sábado,18:45:00,RN,101,96.3,NATAL,Falta de atenção,Colisão lateral,Sem Vítimas,Plena noite,Decrescente,Nublado,Dupla,Reta,Urbano,2011,2,0,0,0,2,0,0,2
927520,18/06/2011,Sábado,10:00:00,RN,101,81.0,NATAL,Outras,Colisão lateral,Sem Vítimas,Pleno dia,Crescente,Ceu Claro,Dupla,Reta,Urbano,2011,2,0,0,0,2,0,0,2
927546,14/06/2011,Terça,07:10:00,RN,304,293.0,MACAIBA,Falta de atenção,Colisão lateral,Sem Vítimas,Pleno dia,Crescente,Ceu Claro,Simples,Cruzamento,Urbano,2011,2,0,0,0,2,0,0,2
927552,22/06/2011,Quarta,16:45:00,RN,304,297.7,MACAIBA,Outras,Colisão traseira,Sem Vítimas,Pleno dia,Decrescente,Ceu Claro,Simples,Cruzamento,Rural,2011,2,0,0,0,2,0,0,2
927554,18/06/2011,Sábado,21:10:00,RN,101,97.5,NATAL,Outras,Atropelamento de pessoa,Com Vítimas Feridas,Plena noite,Crescente,Ceu Claro,Múltipla,Reta,Urbano,2011,2,0,1,0,1,0,1,1
927556,18/06/2011,Sábado,17:40:00,RN,101,97.1,NATAL,Outras,Colisão traseira,Sem Vítimas,Anoitecer,Crescente,Ceu Claro,Múltipla,Reta,Urbano,2011,2,0,0,0,1,1,0,2
927560,19/06/2011,Domingo,08:00:00,RN,101,95.2,NATAL,Falta de atenção,Colisão traseira,Com Vítimas Feridas,Pleno dia,Crescente,Chuva,Múltipla,Curva,Urbano,2011,2,0,0,1,1,0,1,2
927624,19/06/2011,Domingo,04:50:00,RN,304,293.0,MACAIBA,Outras,Colisão frontal,Com Vítimas Fatais,Plena noite,Decrescente,Ceu Claro,Simples,Reta,Urbano,2011,3,1,0,0,2,0,0,3
927638,22/06/2011,Quarta,18:55:00,RN,406,152.3,CEARA-MIRIM,Animais na Pista,Atropelamento de animal,Com Vítimas Feridas,Plena noite,Crescente,Ceu Claro,Simples,Reta,Rural,2011,1,0,0,1,0,0,1,1
927639,22/06/2011,Quarta,17:50:00,RN,101,98.9,NATAL,Falta de atenção,Colisão com bicicleta,Com Vítimas Feridas,Anoitecer,Crescente,Nublado,Dupla,Reta,Urbano,2011,2,0,0,1,1,0,1,2
927692,18/06/2011,Sábado,19:15:00,RN,101,126.0,SAO JOSE DE MIPIBU,Outras,Atropelamento de pessoa,Com Vítimas Feridas,Plena noite,Decrescente,Ceu Claro,Dupla,Reta,Urbano,2011,2,0,0,1,1,0,1,1
927724,22/06/2011,Quarta,12:50:00,RN,101,106.0,PARNAMIRIM,Desobediência à sinalização,Colisão Transversal,Com Vítimas Feridas,Pleno dia,Crescente,Nublado,Dupla,Cruzamento,Urbano,2011,2,0,2,0,0,0,2,2
927729,22/06/2011,Quarta,15:30:00,RN,101,103.8,PARNAMIRIM,Falta de atenção,Colisão traseira,Sem Vítimas,Pleno dia,Crescente,Ceu Claro,Dupla,Reta,Urbano,2011,3,0,0,0,3,0,0,3
927832,19/06/2011,Domingo,01:30:00,RN,304,36.8,MOSSORO,Outras,Colisão frontal,Sem Vítimas,Plena noite,Decrescente,Ceu Claro,Simples,Reta,Urbano,2011,2,0,0,0,1,1,0,2
927837,20/06/2011,Segunda,01:30:00,RN,101,99.9,NATAL,Outras,Colisão traseira,Sem Vítimas,Pleno dia,Crescente,Chuva,Dupla,Reta,Urbano,2011,3,0,0,0,3,0,0,3
928077,19/06/2011,Domingo,11:30:00,RN,101,111.3,SAO JOSE DE MIPIBU,Defeito mecânico em veículo,Saída de Pista,Sem Vítimas,Pleno dia,Decrescente,Chuva,Dupla,Reta,Urbano,2011,1,0,0,0,1,0,0,1
928144,23/06/2011,Quinta,16:40:00,RN,304,289.4,MACAIBA,Outras,Colisão lateral,Sem Vítimas,Pleno dia,Crescente,Ceu Claro,Simples,Curva,Rural,2011,2,0,0,0,2,0,0,2
928205,23/06/2011,Quinta,18:10:00,RN,406,158.7,CEARA-MIRIM,Animais na Pista,Atropelamento de animal,Sem Vítimas,Plena noite,Crescente,Chuva,Simples,Reta,Rural,2011,1,0,0,0,1,0,0,1
928235,23/06/2011,Quinta,12:45:00,RN,101,150.0,NATAL,Outras,Saída de Pista,Sem Vítimas,Pleno dia,Decrescente,Nublado,Dupla,Reta,Urbano,2011,2,0,0,0,2,0,0,2
928263,23/06/2011,Quinta,19:30:00,RN,101,101.9,PARNAMIRIM,Falta de atenção,Colisão traseira,Sem Vítimas,Plena noite,Decrescente,Nublado,Múltipla,Cruzamento,Urbano,2011,2,0,0,0,2,0,0,2
928282,15/06/2011,Quarta,17:00:00,RN,101,80.2,NATAL,Outras,Colisão traseira,Com Vítimas Feridas,Anoitecer,Crescente,Nublado,Dupla,Reta,Rural,2011,2,0,1,0,1,0,1,2
928340,23/06/2011,Quinta,20:30:00,RN,101,101.9,PARNAMIRIM,Ingestão de álcool,Colisão Transversal,Sem Vítimas,Plena noite,Crescente,Chuva,Múltipla,Cruzamento,Urbano,2011,2,0,0,0,2,0,0,2
928509,18/06/2011,Sábado,16:20:00,RN,101,126.0,SAO JOSE DE MIPIBU,Defeito mecânico em veículo,Colisão Transversal,Sem Vítimas,Pleno dia,Crescente,Ceu Claro,Múltipla,Reta,Urbano,2011,2,0,0,0,2,0,0,2
928533,23/06/2011,Quinta,07:10:00,RN,101,107.0,PARNAMIRIM,Falta de atenção,Colisão traseira,Sem Vítimas,Pleno dia,Crescente,Nublado,Dupla,Reta,Urbano,2011,3,0,0,0,3,0,0,3
928562,22/06/2011,Quarta,19:40:00,RN,406,101.2,JOAO CAMARA,Defeito na via,Colisão traseira,Sem Vítimas,Plena noite,Crescente,Ceu Claro,Simples,Reta,Rural,2011,2,0,0,0,2,0,0,2
928623,24/06/2011,Sexta,09:50:00,RN,101,99.7,NATAL,Falta de atenção,Colisão traseira,Sem Vítimas,Pleno dia,Crescente,Nublado,Dupla,Cruzamento,Urbano,2011,2,0,0,0,1,1,0,2
928693,16/06/2011,Quinta,16:50:00,RN,304,162.5,FERNANDO PEDROZA,Falta de atenção,Colisão lateral,Sem Vítimas,Anoitecer,Crescente,Chuva,Simples,Reta,Rural,2011,2,0,0,0,2,0,0,2
928695,24/06/2011,Sexta,07:40:00,RN,101,107.0,PARNAMIRIM,Falta de atenção,Colisão Transversal,Sem Vítimas,Pleno dia,Crescente,Nublado,Dupla,Reta,Urbano,2011,2,0,0,0,2,0,0,2
928726,21/06/2011,Terça,19:30:00,RN,101,85.0,NATAL,Ingestão de álcool,Tombamento,Com Vítimas Feridas,Plena noite,Crescente,Nublado,Dupla,Reta,Urbano,2011,1,0,1,0,0,0,1,1
928853,21/06/2011,Terça,06:20:00,RN,101,83.2,SAO GONCALO DO AMARANTE,Falta de atenção,Colisão traseira,Com Vítimas Feridas,Pleno dia,Crescente,Ceu Claro,Dupla,Reta,Urbano,2011,3,0,0,1,2,0,1,2
928870,24/06/2011,Sexta,10:30:00,RN,405,95.0,SEVERIANO MELO,Outras,Saída de Pista,Com Vítimas Feridas,Pleno dia,Crescente,Ceu Claro,Simples,Reta,Rural,2011,1,0,1,0,0,0,1,1
928985,25/06/2011,Sábado,04:30:00,RN,304,120.0,ITAJA,Ingestão de álcool,Queda de motocicleta / bicicleta / veículo,Com Vítimas Feridas,Amanhecer,Decrescente,Ceu Claro,Simples,Reta,Rural,2011,2,0,0,1,0,1,1,1
929089,17/06/2011,Sexta,18:20:00,RN,304,179.0,ANGICOS,Animais na Pista,Atropelamento de animal,Com Vítimas Feridas,Plena noite,Decrescente,Vento,Simples,Reta,Rural,2011,2,0,1,0,1,0,1,1
929112,25/06/2011,Sábado,07:30:00,RN,226,7.5,MACAIBA,Outras,Colisão frontal,Com Vítimas Feridas,Pleno dia,Crescente,Ceu Claro,Simples,Reta,Rural,2011,3,0,1,1,1,0,2,2
929166,25/06/2011,Sábado,09:10:00,RN,406,100.5,JOAO CAMARA,Outras,Colisão Transversal,Com Vítimas Feridas,Pleno dia,Decrescente,Ceu Claro,Simples,Reta,Urbano,2011,2,0,1,0,1,0,1,2
929181,25/06/2011,Sábado,10:25:00,RN,101,99.6,NATAL,Falta de atenção,Colisão traseira,Sem Vítimas,Pleno dia,Decrescente,Sol,Dupla,Cruzamento,Urbano,2011,2,0,0,0,2,0,0,2
929224,25/06/2011,Sábado,12:40:00,RN,304,296.7,MACAIBA,Falta de atenção,Colisão lateral,Sem Vítimas,Pleno dia,Crescente,Ceu Claro,Simples,Reta,Urbano,2011,2,0,0,0,2,0,0,2
929228,17/06/2011,Sexta,22:40:00,RN,101,102.0,PARNAMIRIM,Falta de atenção,Colisão traseira,Sem Vítimas,Plena noite,Crescente,Chuva,Múltipla,Cruzamento,Urbano,2011,2,0,0,0,2,0,0,2
929275,25/06/2011,Sábado,13:40:00,RN,101,84.9,NATAL,Falta de atenção,Colisão traseira,Sem Vítimas,Pleno dia,Decrescente,Ceu Claro,Dupla,Reta,Urbano,2011,3,0,0,0,3,0,0,3
929291,25/06/2011,Sábado,11:00:00,RN,427,2.4,CURRAIS NOVOS,Desobediência à sinalização,Colisão Transversal,Com Vítimas Feridas,Pleno dia,Crescente,Ceu Claro,Simples,Reta,Rural,2011,2,0,1,0,1,0,1,2
929361,25/06/2011,Sábado,19:40:00,RN,304,35.0,MOSSORO,Falta de atenção,Colisão Transversal,Sem Vítimas,Plena noite,Decrescente,Ceu Claro,Simples,Reta,Urbano,2011,3,0,0,0,2,1,0,2
929407,25/06/2011,Sábado,21:30:00,RN,101,80.6,NATAL,Desobediência à sinalização,Colisão Transversal,Com Vítimas Feridas,Plena noite,Crescente,Ceu Claro,Dupla,Cruzamento,Urbano,2011,3,0,2,0,1,0,2,2
929421,25/06/2011,Sábado,21:40:00,RN,101,99.8,NATAL,Falta de atenção,Colisão traseira,Sem Vítimas,Plena noite,Crescente,Ceu Claro,Múltipla,Cruzamento,Urbano,2011,2,0,0,0,2,0,0,2
929430,25/06/2011,Sábado,22:20:00,RN,101,99.8,NATAL,Falta de atenção,Colisão lateral,Sem Vítimas,Plena noite,Crescente,Nublado,Dupla,Cruzamento,Urbano,2011,2,0,0,0,2,0,0,2
929436,25/06/2011,Sábado,22:25:00,RN,427,4.3,CURRAIS NOVOS,Falta de atenção,Colisão Transversal,Com Vítimas Feridas,Plena noite,Crescente,Ceu Claro,Simples,Reta,Rural,2011,3,0,2,0,1,0,2,2
929437,15/06/2011,Quarta,17:50:00,RN,110,46.0,MOSSORO,Falta de atenção,Colisão Transversal,Com Vítimas Feridas,Anoitecer,Decrescente,Ceu Claro,Simples,Reta,Urbano,2011,3,0,2,0,1,0,2,2
929439,25/06/2011,Sábado,18:40:00,RN,110,49.6,MOSSORO,Desobediência à sinalização,Colisão frontal,Com Vítimas Feridas,Plena noite,Decrescente,Ceu Claro,Dupla,Reta,Urbano,2011,3,0,3,0,0,0,3,2
929462,25/06/2011,Sábado,17:50:00,RN,226,111.0,SANTA CRUZ,Falta de atenção,Colisão Transversal,Com Vítimas Feridas,Anoitecer,Crescente,Ceu Claro,Simples,Reta,Urbano,2011,2,0,1,0,1,0,1,2
929507,25/06/2011,Sábado,16:50:00,RN,304,292.5,MACAIBA,Outras,Colisão traseira,Sem Vítimas,Pleno dia,Crescente,Nublado,Simples,Reta,Rural,2011,3,0,0,0,3,0,0,3
929514,26/06/2011,Domingo,02:30:00,RN,427,98.0,CAICO,Ultrapassagem indevida,Colisão frontal,Com Vítimas Feridas,Plena noite,Crescente,Ceu Claro,Simples,Curva,Urbano,2011,5,0,1,2,1,1,3,3
929591,26/06/2011,Domingo,09:10:00,RN,304,25.5,MOSSORO,Falta de atenção,Queda de motocicleta / bicicleta / veículo,Com Vítimas Feridas,Pleno dia,Crescente,Sol,Simples,Reta,Rural,2011,2,0,2,0,0,0,2,1
929595,22/06/2011,Quarta,17:00:00,RN,101,107.2,PARNAMIRIM,Outras,Colisão com bicicleta,Com Vítimas Feridas,Pleno dia,Crescente,Nevoeiro/neblina,Dupla,Reta,Urbano,2011,2,0,1,1,0,0,2,2
929609,26/06/2011,Domingo,08:15:00,RN,110,48.2,MOSSORO,Ingestão de álcool,Colisão traseira,Sem Vítimas,Pleno dia,Crescente,Ceu Claro,Dupla,Reta,Urbano,2011,2,0,0,0,2,0,0,2
930188,26/06/2011,Domingo,22:50:00,RN,427,48.4,JARDIM DO SERIDO,Outras,Colisão frontal,Com Vítimas Fatais,Plena noite,Crescente,Ceu Claro,Simples,Curva,Rural,2011,2,1,0,0,1,0,0,2
930253,23/06/2011,Quinta,21:30:00,RN,405,165.4,RAFAEL FERNANDES,Falta de atenção,Colisão frontal,Com Vítimas Feridas,Plena noite,Crescente,Ceu Claro,Simples,Reta,Rural,2011,2,0,1,1,0,0,2,2