id,data_inversa,dia_semana,horario,uf,br,km,municipio,causa_acidente,tipo_acidente,classificacao_acidente,fase_dia,sentido_via,condicao_metereologica,tipo_pista,tracado_via,uso_solo,ano,pessoas,mortos,feridos_leves,feridos_graves,ilesos,ignorados,feridos,veiculos
930316,27/06/2011,Segunda,08:00:00,RN,226,12.7,MACAIBA,Ultrapassagem indevida,Colisão lateral,Com Vítimas Feridas,Pleno dia,Crescente,Nublado,Simples,Reta,Urbano,2011,3,0,2,0,0,1,2,3
930324,27/06/2011,Segunda,07:10:00,RN,101,96.5,NATAL,Falta de atenção,Colisão traseira,Sem Vítimas,Pleno dia,Decrescente,Nublado,Dupla,Reta,Urbano,2011,2,0,0,0,2,0,0,2
930348,26/06/2011,Domingo,04:30:00,RN,101,103.6,PARNAMIRIM,Não guardar distância de segurança,Colisão traseira,Com Vítimas Feridas,Anoitecer,Decrescente,Chuva,Dupla,Reta,Urbano,2011,2,0,1,0,0,1,1,2
930355,26/06/2011,Domingo,05:40:00,RN,101,103.6,PARNAMIRIM,Ingestão de álcool,Tombamento,Com Vítimas Feridas,Amanhecer,Crescente,Chuva,Dupla,Reta,Urbano,2011,1,0,0,1,0,0,1,1
930428,27/06/2011,Segunda,10:50:00,RN,101,108.3,PARNAMIRIM,Outras,Colisão lateral,Com Vítimas Feridas,Pleno dia,Crescente,Chuva,Múltipla,Cruzamento,Urbano,2011,4,0,1,0,3,0,1,3
930437,27/06/2011,Segunda,11:50:00,RN,101,103.0,PARNAMIRIM,Outras,Colisão lateral,Sem Vítimas,Pleno dia,Decrescente,Chuva,Simples,Reta,Urbano,2011,2,0,0,0,2,0,0,2
930488,27/06/2011,Segunda,07:10:00,RN,101,95.8,NATAL,Desobediência à sinalização,Colisão traseira,Sem Vítimas,Pleno dia,Crescente,Nublado,Múltipla,Cruzamento,Urbano,2011,2,0,0,0,2,0,0,2
930494,15/06/2011,Quarta,15:30:00,RN,101,39.6,MAXARANGUAPE,Falta de atenção,Saída de Pista,Ignorado,Pleno dia,Crescente,Ceu Claro,Simples,Reta,Rural,2011,1,0,0,0,0,1,0,1
930510,27/06/2011,Segunda,07:45:00,RN,101,94.5,NATAL,Não guardar distância de segurança,Colisão lateral,Sem Vítimas,Pleno dia,Decrescente,Chuva,Múltipla,Cruzamento,Urbano,2011,2,0,0,0,2,0,0,2
930540,23/06/2011,Quinta,10:10:00,RN,304,96.9,ASSU,Falta de atenção,Saída de Pista,Sem Vítimas,Pleno dia,Decrescente,Sol,Simples,Reta,Rural,2011,1,0,0,0,1,0,0,1
930556,27/06/2011,Segunda,13:30:00,RN,226,36.3,MACAIBA,Outras,Capotamento,Sem Vítimas,Pleno dia,Crescente,Chuva,Simples,Curva,Urbano,2011,1,0,0,0,1,0,0,1
930566,27/06/2011,Segunda,12:15:00,RN,101,96.3,NATAL,Falta de atenção,Colisão traseira,Sem Vítimas,Pleno dia,Decrescente,Chuva,Dupla,Cruzamento,Urbano,2011,2,0,0,0,2,0,0,2
930591,07/06/2011,Terça,21:40:00,RN,101,95.1,NATAL,Desobediência à sinalização,Colisão lateral,Sem Vítimas,Plena noite,Crescente,Nublado,Dupla,Reta,Urbano,2011,2,0,0,0,2,0,0,2
930641,19/06/2011,Domingo,11:30:00,RN,101,81.1,NATAL,Outras,Colisão Transversal,Sem Vítimas,Pleno dia,Decrescente,Ceu Claro,Dupla,Cruzamento,Urbano,2011,2,0,0,0,2,0,0,2
930768,19/06/2011,Domingo,18:30:00,RN,101,99.9,NATAL,Falta de atenção,Colisão frontal,Sem Vítimas,Plena noite,Decrescente,Chuva,Dupla,Cruzamento,Urbano,2011,2,0,0,0,2,0,0,2
930781,27/06/2011,Segunda,19:30:00,RN,406,88.9,JOAO CAMARA,Defeito na via,Saída de Pista,Sem Vítimas,Plena noite,Decrescente,Ceu Claro,Simples,Reta,Rural,2011,1,0,0,0,1,0,0,1
930901,22/06/2011,Quarta,02:00:00,RN,304,121.6,ITAJA,Outras,Atropelamento de animal,Sem Vítimas,Plena noite,Decrescente,Ceu Claro,Simples,Reta,Rural,2011,1,0,0,0,1,0,0,1
930905,24/06/2011,Sexta,15:30:00,RN,304,118.0,ITAJA,Não guardar distância de segurança,Colisão traseira,Com Vítimas Feridas,Pleno dia,Decrescente,Sol,Simples,Cruzamento,Rural,2011,3,0,1,0,2,0,1,2
930923,24/06/2011,Sexta,00:00:00,RN,304,104.2,ASSU,Outras,Incêndio,Sem Vítimas,Plena noite,Crescente,Ceu Claro,Simples,Reta,Rural,2011,1,0,0,0,1,0,0,1
930926,19/06/2011,Domingo,06:30:00,RN,101,101.8,PARNAMIRIM,Outras,Colisão traseira,Com Vítimas Fatais,Pleno dia,Decrescente,Ceu Claro,Dupla,Reta,Urbano,2011,3,1,0,0,2,0,0,3
930936,25/06/2011,Sábado,04:45:00,RN,406,161.0,CEARA-MIRIM,Animais na Pista,Atropelamento de animal,Sem Vítimas,Amanhecer,Crescente,Ceu Claro,Simples,Reta,Urbano,2011,1,0,0,0,1,0,0,1
930980,25/06/2011,Sábado,05:00:00,RN,226,123.3,LAJES PINTADAS,Dormindo,Capotamento,Sem Vítimas,Amanhecer,Decrescente,Nublado,Simples,Reta,Urbano,2011,1,0,0,0,1,0,0,1
930993,28/06/2011,Terça,11:35:00,RN,110,47.1,MOSSORO,Desobediência à sinalização,Colisão Transversal,Com Vítimas Feridas,Pleno dia,Decrescente,Sol,Simples,Reta,Urbano,2011,2,0,1,0,1,0,1,2
931013,23/06/2011,Quinta,14:30:00,RN,101,102.0,PARNAMIRIM,Não guardar distância de segurança,Colisão lateral,Com Vítimas Feridas,Pleno dia,Decrescente,Sol,Dupla,Reta,Urbano,2011,3,0,0,2,1,0,2,2
931039,28/06/2011,Terça,10:30:00,RN,101,116.5,SAO JOSE DE MIPIBU,Outras,Queda de motocicleta / bicicleta / veículo,Com Vítimas Feridas,Pleno dia,Crescente,Ceu Claro,Dupla,Cruzamento,Urbano,2011,1,0,1,0,0,0,1,1
931157,28/06/2011,Terça,15:05:00,RN,101,97.3,NATAL,Falta de atenção,Colisão Transversal,Sem Vítimas,Pleno dia,Crescente,Nublado,Simples,Reta,Urbano,2011,2,0,0,0,2,0,0,2
931195,28/06/2011,Terça,16:30:00,RN,101,95.8,NATAL,Falta de atenção,Colisão traseira,Sem Vítimas,Pleno dia,Crescente,Nublado,Dupla,Reta,Urbano,2011,2,0,0,0,2,0,0,2
931207,28/06/2011,Terça,18:00:00,RN,101,83.0,SAO GONCALO DO AMARANTE,Outras,Colisão Transversal,Com Vítimas Feridas,Plena noite,Crescente,Ceu Claro,Dupla,Cruzamento,Urbano,2011,3,0,1,1,1,0,2,3
931212,28/06/2011,Terça,14:25:00,RN,304,227.0,CAICARA DO RIO DO VENTO,Outras,Capotamento,Com Vítimas Feridas,Pleno dia,Crescente,Chuva,Simples,Curva,Rural,2011,1,0,1,0,0,0,1,1
931299,18/06/2011,Sábado,01:00:00,RN,304,296.7,MACAIBA,Outras,Colisão traseira,Sem Vítimas,Plena noite,Crescente,Chuva,Simples,Reta,Urbano,2011,2,0,0,0,2,0,0,2
931573,25/06/2011,Sábado,18:00:00,RN,226,5.5,NATAL,Outras,Colisão Transversal,Com Vítimas Feridas,Plena noite,Decrescente,Ceu Claro,Simples,Reta,Urbano,2011,3,0,0,3,0,0,3,2
931631,23/06/2011,Quinta,15:20:00,RN,304,170.0,MOSSORO,Não guardar distância de segurança,Colisão lateral,Sem Vítimas,Pleno dia,Decrescente,Ceu Claro,Simples,Reta,Rural,2011,2,0,0,0,2,0,0,2
931635,05/06/2011,Domingo,06:20:00,RN,226,75.4,TANGARA,Outras,Colisão traseira,Com Vítimas Fatais,Amanhecer,Decrescente,Ceu Claro,Simples,Reta,Rural,2011,2,1,0,0,0,1,0,2
931686,29/06/2011,Quarta,07:30:00,RN,226,7.0,NATAL,Outras,Saída de Pista,Sem Vítimas,Pleno dia,Crescente,Chuva,Simples,Curva,Urbano,2011,1,0,0,0,1,0,0,1
931703,29/06/2011,Quarta,11:50:00,RN,226,229.2,FLORANIA,Outras,Tombamento,Sem Vítimas,Pleno dia,Crescente,Ceu Claro,Simples,Curva,Rural,2011,1,0,0,0,1,0,0,1
931775,20/06/2011,Segunda,14:05:00,RN,110,47.1,MOSSORO,Ingestão de álcool,Colisão traseira,Sem Vítimas,Pleno dia,Decrescente,Sol,Simples,Reta,Urbano,2011,2,0,0,0,2,0,0,2
931792,27/06/2011,Segunda,15:30:00,RN,101,103.4,PARNAMIRIM,Falta de atenção,Colisão lateral,Com Vítimas Feridas,Pleno dia,Crescente,Ceu Claro,Dupla,Reta,Urbano,2011,2,0,1,0,1,0,1,2
931805,29/06/2011,Quarta,18:30:00,RN,101,112.5,SAO JOSE DE MIPIBU,Falta de atenção,Colisão com bicicleta,Com Vítimas Feridas,Anoitecer,Crescente,Nublado,Dupla,Reta,Rural,2011,2,0,0,1,0,1,1,2
931907,24/06/2011,Sexta,13:50:00,RN,226,174.3,CURRAIS NOVOS,Outras,Saída de Pista,Com Vítimas Feridas,Pleno dia,Decrescente,Ceu Claro,Simples,Reta,Rural,2011,3,0,2,1,0,0,3,1
931908,28/06/2011,Terça,04:30:00,RN,405,28.6,GOVERNADOR DIX-SEPT ROSADO,Dormindo,Tombamento,Sem Vítimas,Plena noite,Crescente,Ceu Claro,Simples,Reta,Rural,2011,1,0,0,0,1,0,0,1
932031,28/06/2011,Terça,00:40:00,RN,101,85.2,NATAL,Outras,Colisão com objeto fixo,Sem Vítimas,Plena noite,Decrescente,Ceu Claro,Dupla,Curva,Urbano,2011,2,0,0,0,1,1,0,2
932045,01/07/2011,Sexta,18:40:00,RN,101,111.5,PARNAMIRIM,Falta de atenção,Colisão lateral,Sem Vítimas,Plena noite,Crescente,Ceu Claro,Dupla,Reta,Rural,2011,2,0,0,0,2,0,0,2
932072,01/07/2011,Sexta,18:15:00,RN,101,99.5,NATAL,Falta de atenção,Colisão traseira,Sem Vítimas,Plena noite,Decrescente,Ceu Claro,Dupla,Cruzamento,Urbano,2011,2,0,0,0,2,0,0,2
932335,28/06/2011,Terça,05:00:00,RN,427,113.2,CAICO,Ingestão de álcool,Capotamento,Com Vítimas Feridas,Amanhecer,Decrescente,Ceu Claro,Simples,Reta,Urbano,2011,3,0,2,1,0,0,3,1
932439,02/07/2011,Sábado,06:30:00,RN,304,137.0,ANGICOS,Outras,Colisão traseira,Com Vítimas Feridas,Pleno dia,Decrescente,Sol,Simples,Reta,Rural,2011,4,0,0,2,2,0,2,3
932455,28/06/2011,Terça,19:15:00,RN,405,0.4,MOSSORO,Ingestão de álcool,Capotamento,Com Vítimas Feridas,Pleno dia,Decrescente,Ceu Claro,Dupla,Reta,Urbano,2011,1,0,1,0,0,0,1,1
932519,27/06/2011,Segunda,08:15:00,RN,101,108.0,PARNAMIRIM,Outras,Colisão lateral,Sem Vítimas,Pleno dia,Decrescente,Nublado,Dupla,Reta,Urbano,2011,2,0,0,0,2,0,0,2
932540,02/07/2011,Sábado,12:50:00,RN,101,143.3,ARES,Defeito mecânico em veículo,Capotamento,Sem Vítimas,Pleno dia,Crescente,Chuva,Dupla,Curva,Rural,2011,1,0,0,0,1,0,0,1
932643,29/06/2011,Quarta,13:45:00,RN,101,97.1,NATAL,Falta de atenção,Colisão traseira,Sem Vítimas,Pleno dia,Decrescente,Ceu Claro,Múltipla,Cruzamento,Urbano,2011,2,0,0,0,2,0,0,2
932692,02/07/2011,Sábado,19:00:00,RN,101,105.9,PARNAMIRIM,Falta de atenção,Colisão Transversal,Com Vítimas Feridas,Plena noite,Crescente,Nevoeiro/neblina,Dupla,Cruzamento,Urbano,2011,3,0,2,0,0,1,2,2
932706,25/06/2011,Sábado,20:25:00,RN,226,4.7,NATAL,Animais na Pista,Atropelamento de animal,Sem Vítimas,Plena noite,Decrescente,Ceu Claro,Simples,Reta,Urbano,2011,1,0,0,0,1,0,0,1
932727,17/06/2011,Sexta,21:45:00,RN,101,99.8,PARNAMIRIM,Não guardar distância de segurança,Colisão traseira,Sem Vítimas,Plena noite,Decrescente,Ceu Claro,Dupla,Cruzamento,Urbano,2011,2,0,0,0,2,0,0,2
932735,25/06/2011,Sábado,19:20:00,RN,101,81.9,SAO GONCALO DO AMARANTE,Falta de atenção,Colisão traseira,Com Vítimas Feridas,Plena noite,Crescente,Ceu Claro,Dupla,Reta,Urbano,2011,2,0,0,1,1,0,1,2
932776,02/07/2011,Sábado,18:45:00,RN,427,93.0,CAICO,Outras,Saída de Pista,Sem Vítimas,Plena noite,Crescente,Ceu Claro,Simples,Reta,Rural,2011,2,0,0,0,1,1,0,2
932781,02/07/2011,Sábado,20:30:00,RN,101,99.9,NATAL,Desobediência à sinalização,Colisão lateral,Sem Vítimas,Plena noite,Crescente,Chuva,Dupla,Reta,Urbano,2011,2,0,0,0,2,0,0,2
932786,02/07/2011,Sábado,17:35:00,RN,101,81.7,NATAL,Falta de atenção,Colisão lateral,Com Vítimas Feridas,Pleno dia,Decrescente,Ceu Claro,Dupla,Reta,Urbano,2011,2,0,0,1,1,0,1,2
932802,02/07/2011,Sábado,20:15:00,RN,304,34.6,MOSSORO,Ingestão de álcool,Colisão lateral,Com Vítimas Feridas,Plena noite,Crescente,Ceu Claro,Simples,Reta,Urbano,2011,3,0,0,1,2,0,1,3
932854,02/07/2011,Sábado,19:40:00,RN,304,10.7,ASSU,Não guardar distância de segurança,Colisão traseira,Com Vítimas Feridas,Plena noite,Crescente,Ceu Claro,Simples,Reta,Rural,2011,2,0,1,0,1,0,1,2
932859,03/07/2011,Domingo,00:15:00,RN,304,86.0,ASSU,Ingestão de álcool,Colisão lateral,Com Vítimas Feridas,Plena noite,Crescente,Ceu Claro,Simples,Reta,Rural,2011,2,0,1,0,1,0,1,2
933068,01/07/2011,Sexta,08:00:00,RN,304,296.4,MACAIBA,Não guardar distância de segurança,Colisão traseira,Sem Vítimas,Pleno dia,Crescente,Ceu Claro,Simples,Reta,Rural,2011,2,0,0,0,2,0,0,2
933072,01/07/2011,Sexta,17:45:00,RN,101,100.0,PARNAMIRIM,Falta de atenção,Colisão lateral,Sem Vítimas,Anoitecer,Decrescente,Ceu Claro,Dupla,Cruzamento,Urbano,2011,3,0,0,0,3,0,0,3
933075,01/07/2011,Sexta,17:50:00,RN,101,97.0,NATAL,Falta de atenção,Colisão Transversal,Sem Vítimas,Pleno dia,Decrescente,Ceu Claro,Dupla,Reta,Urbano,2011,2,0,0,0,2,0,0,2
933094,21/06/2011,Terça,20:20:00,RN,406,166.3,SAO GONCALO DO AMARANTE,Outras,Colisão Transversal,Com Vítimas Fatais,Plena noite,Decrescente,Vento,Simples,Cruzamento,Urbano,2011,2,1,0,0,0,1,0,2
933120,03/07/2011,Domingo,10:10:00,RN,101,82.8,NATAL,Não guardar distância de segurança,Colisão traseira,Sem Vítimas,Pleno dia,Decrescente,Nublado,Dupla,Reta,Urbano,2011,2,0,0,0,2,0,0,2
933187,03/07/2011,Domingo,11:15:00,RN,101,147.0,GOIANINHA,Falta de atenção,Colisão lateral,Sem Vítimas,Pleno dia,Crescente,Nublado,Dupla,Reta,Urbano,2011,2,0,0,0,2,0,0,2
933289,01/07/2011,Sexta,05:45:00,RN,304,36.0,MOSSORO,Falta de atenção,Colisão lateral,Com Vítimas Feridas,Pleno dia,Crescente,Sol,Simples,Reta,Urbano,2011,3,0,2,0,1,0,2,2
933323,01/07/2011,Sexta,22:40:00,RN,101,99.1,NATAL,Outras,Colisão com objeto fixo,Sem Vítimas,Plena noite,Decrescente,Ceu Claro,Dupla,Reta,Urbano,2011,1,0,0,0,1,0,0,1
933351,03/07/2011,Domingo,16:40:00,RN,101,97.6,NATAL,Falta de atenção,Colisão traseira,Sem Vítimas,Pleno dia,Decrescente,Chuva,Múltipla,Reta,Urbano,2011,2,0,0,0,2,0,0,2
933356,03/07/2011,Domingo,16:10:00,RN,406,113.0,JOAO CAMARA,Outras,Queda de motocicleta / bicicleta / veículo,Com Vítimas Feridas,Pleno dia,Decrescente,Chuva,Simples,Reta,Rural,2011,1,0,1,0,0,0,1,1
933530,30/06/2011,Quinta,20:00:00,RN,304,98.0,ASSU,Não guardar distância de segurança,Colisão Transversal,Sem Vítimas,Plena noite,Crescente,Ceu Claro,Simples,Reta,Rural,2011,2,0,0,0,2,0,0,2
933702,04/07/2011,Segunda,09:00:00,RN,101,94.7,NATAL,Outras,Colisão traseira,Sem Vítimas,Pleno dia,Decrescente,Nublado,Dupla,Reta,Urbano,2011,2,0,0,0,1,1,0,2
933705,04/07/2011,Segunda,09:40:00,RN,101,96.4,NATAL,Não guardar distância de segurança,Colisão traseira,Sem Vítimas,Pleno dia,Decrescente,Nublado,Dupla,Reta,Urbano,2011,3,0,0,0,3,0,0,3
933730,01/07/2011,Sexta,14:30:00,RN,101,123.2,SAO JOSE DE MIPIBU,Falta de atenção,Colisão traseira,Sem Vítimas,Pleno dia,Decrescente,Ceu Claro,Dupla,Reta,Urbano,2011,2,0,0,0,2,0,0,2
933761,20/05/2011,Sexta,13:40:00,RN,226,13.8,MACAIBA,Outras,Colisão Transversal,Sem Vítimas,Pleno dia,Crescente,Nublado,Simples,Reta,Urbano,2011,3,0,0,0,3,0,0,3
933791,02/07/2011,Sábado,02:40:00,RN,110,35.6,MOSSORO,Defeito na via,Queda de motocicleta / bicicleta / veículo,Com Vítimas Feridas,Plena noite,Crescente,Ceu Claro,Simples,Reta,Rural,2011,1,0,0,1,0,0,1,1
933956,30/06/2011,Quinta,12:00:00,RN,101,107.4,PARNAMIRIM,Outras,Colisão traseira,Sem Vítimas,Pleno dia,Crescente,Ceu Claro,Dupla,Reta,Urbano,2011,3,0,0,0,3,0,0,3
934062,04/07/2011,Segunda,07:50:00,RN,101,97.5,NATAL,Falta de atenção,Colisão traseira,Sem Vítimas,Pleno dia,Decrescente,Ceu Claro,Dupla,Cruzamento,Urbano,2011,2,0,0,0,2,0,0,2
934123,04/07/2011,Segunda,17:30:00,RN,101,85.1,NATAL,Falta de atenção,Danos Eventuais,Sem Vítimas,Anoitecer,Decrescente,Ceu Claro,Dupla,Curva,Urbano,2011,2,0,0,0,2,0,0,2
934167,30/06/2011,Quinta,22:40:00,RN,304,298.5,MACAIBA,Outras,Atropelamento de pessoa,Com Vítimas Feridas,Plena noite,Decrescente,Nublado,Dupla,Reta,Rural,2011,2,0,1,1,0,0,2,1
934227,04/07/2011,Segunda,19:40:00,RN,101,104.0,PARNAMIRIM,Falta de atenção,Colisão lateral,Sem Vítimas,Plena noite,Crescente,Nublado,Dupla,Curva,Urbano,2011,2,0,0,0,2,0,0,2
934409,01/07/2011,Sexta,17:10:00,RN,101,81.0,SAO GONCALO DO AMARANTE,Falta de atenção,Colisão lateral,Sem Vítimas,Plena noite,Crescente,Ceu Claro,Dupla,Reta,Urbano,2011,2,0,0,0,2,0,0,2
934612,03/07/2011,Domingo,04:35:00,RN,101,76.8,NATAL,Outras,Colisão Transversal,Com Vítimas Feridas,Plena noite,Crescente,Vento,Dupla,Cruzamento,Urbano,2011,3,0,2,0,0,1,2,2
934743,28/06/2011,Terça,15:40:00,RN,405,28.6,GOVERNADOR DIX-SEPT ROSADO,Falta de atenção,Colisão traseira,Ignorado,Pleno dia,Crescente,Ceu Claro,Simples,Reta,Rural,2011,2,0,0,0,0,2,0,2
934843,02/07/2011,Sábado,11:20:00,RN,405,35.2,FELIPE GUERRA,Falta de atenção,Colisão Transversal,Com Vítimas Feridas,Pleno dia,Crescente,Ceu Claro,Simples,Reta,Rural,2011,2,0,1,0,1,0,1,2
934881,06/07/2011,Quarta,18:10:00,RN,101,107.0,PARNAMIRIM,Falta de atenção,Atropelamento de pessoa,Com Vítimas Feridas,Anoitecer,Decrescente,Nublado,Dupla,Cruzamento,Urbano,2011,2,0,0,1,1,0,1,1
934968,27/06/2011,Segunda,11:35:00,RN,101,107.0,PARNAMIRIM,Falta de atenção,Colisão traseira,Sem Vítimas,Pleno dia,Decrescente,Ceu Claro,Dupla,Reta,Urbano,2011,2,0,0,0,2,0,0,2
934970,02/07/2011,Sábado,19:40:00,RN,226,69.9,SERRA CAIADA,Falta de atenção,Colisão frontal,Com Vítimas Feridas,Plena noite,Crescente,Ceu Claro,Simples,Cruzamento,Urbano,2011,4,0,2,0,2,0,2,2
934974,05/07/2011,Terça,14:15:00,RN,226,169.9,CURRAIS NOVOS,Falta de atenção,Colisão traseira,Sem Vítimas,Pleno dia,Decrescente,Nublado,Simples,Reta,Rural,2011,2,0,0,0,2,0,0,2
934982,06/07/2011,Quarta,20:10:00,RN,101,95.6,NATAL,Não guardar distância de segurança,Colisão traseira,Com Vítimas Feridas,Plena noite,Crescente,Ceu Claro,Dupla,Reta,Urbano,2011,3,0,1,0,2,0,1,3
934990,30/06/2011,Quinta,21:20:00,RN,101,97.1,NATAL,Outras,Colisão lateral,Sem Vítimas,Plena noite,Crescente,Ceu Claro,Múltipla,Reta,Urbano,2011,2,0,0,0,2,0,0,2
934994,06/07/2011,Quarta,09:25:00,RN,101,94.1,NATAL,Não guardar distância de segurança,Colisão traseira,Com Vítimas Feridas,Pleno dia,Decrescente,Nublado,Dupla,Reta,Urbano,2011,2,0,1,0,1,0,1,2
935022,06/07/2011,Quarta,18:25:00,RN,304,305.0,MACAIBA,Desobediência à sinalização,Colisão Transversal,Com Vítimas Feridas,Plena noite,Crescente,Ceu Claro,Dupla,Cruzamento,Rural,2011,3,0,1,0,2,0,1,2
935039,30/06/2011,Quinta,15:30:00,RN,101,85.8,SAO GONCALO DO AMARANTE,Não guardar distância de segurança,Colisão traseira,Sem Vítimas,Pleno dia,Crescente,Ceu Claro,Dupla,Reta,Urbano,2011,2,0,0,0,2,0,0,2
935094,06/07/2011,Quarta,16:20:00,RN,101,81.7,SAO GONCALO DO AMARANTE,Outras,Atropelamento de pessoa,Com Vítimas Feridas,Pleno dia,Crescente,Ceu Claro,Dupla,Reta,Urbano,2011,2,0,1,0,1,0,1,1
935134,29/06/2011,Quarta,21:40:00,RN,101,101.7,PARNAMIRIM,Outras,Atropelamento de pessoa,Com Vítimas Feridas,Plena noite,Crescente,Ceu Claro,Dupla,Reta,Urbano,2011,2,0,1,1,0,0,2,1
935215,06/07/2011,Quarta,13:00:00,RN,101,85.0,NATAL,Outras,Colisão traseira,Sem Vítimas,Pleno dia,Decrescente,Ceu Claro,Dupla,Reta,Urbano,2011,2,0,0,0,2,0,0,2
935292,28/06/2011,Terça,12:20:00,RN,101,80.7,SAO GONCALO DO AMARANTE,Outras,Colisão traseira,Sem Vítimas,Pleno dia,Crescente,Chuva,Dupla,Reta,Urbano,2011,3,0,0,0,3,0,0,3
935328,07/07/2011,Quinta,08:40:00,RN,101,83.0,NATAL,Outras,Colisão lateral,Sem Vítimas,Pleno dia,Decrescente,Nublado,Dupla,Reta,Urbano,2011,2,0,0,0,2,0,0,2
935345,07/07/2011,Quinta,14:00:00,RN,110,49.5,MOSSORO,Outras,Colisão Transversal,Com Vítimas Feridas,Pleno dia,Crescente,Nublado,Dupla,Reta,Urbano,2011,3,0,2,0,1,0,2,2
935347,07/07/2011,Quinta,13:40:00,RN,101,97.1,NATAL,Falta de atenção,Colisão lateral,Sem Vítimas,Pleno dia,Decrescente,Chuva,Dupla,Cruzamento,Urbano,2011,2,0,0,0,2,0,0,2
935443,07/07/2011,Quinta,16:40:00,RN,101,94.7,NATAL,Não guardar distância de segurança,Colisão traseira,Sem Vítimas,Pleno dia,Decrescente,Ceu Claro,Múltipla,Cruzamento,Urbano,2011,2,0,0,0,2,0,0,2
935466,07/07/2011,Quinta,15:30:00,RN,304,198.1,LAJES,Outras,Saída de Pista,Sem Vítimas,Pleno dia,Decrescente,Chuva,Simples,Reta,Rural,2011,1,0,0,0,1,0,0,1
935592,06/07/2011,Quarta,06:55:00,RN,101,94.0,NATAL,Defeito mecânico em veículo,Colisão traseira,Com Vítimas Feridas,Pleno dia,Decrescente,Ceu Claro,Simples,Curva,Urbano,2011,4,0,1,0,3,0,1,3
935634,07/07/2011,Quinta,18:20:00,RN,406,103.3,JOAO CAMARA,Outras,Colisão traseira,Com Vítimas Feridas,Anoitecer,Crescente,Nublado,Simples,Reta,Rural,2011,2,0,1,1,0,0,2,2
935646,07/07/2011,Quinta,16:47:00,RN,101,82.8,SAO GONCALO DO AMARANTE,Falta de atenção,Colisão lateral,Sem Vítimas,Pleno dia,Crescente,Sol,Dupla,Reta,Urbano,2011,2,0,0,0,2,0,0,2
935734,03/07/2011,Domingo,14:45:00,RN,101,99.9,NATAL,Desobediência à sinalização,Colisão Transversal,Com Vítimas Feridas,Pleno dia,Crescente,Sol,Dupla,Cruzamento,Urbano,2011,2,0,2,0,0,0,2,2
935782,28/06/2011,Terça,06:30:00,RN,405,35.0,MOSSORO,Outras,Saída de Pista,Sem Vítimas,Amanhecer,Crescente,Ceu Claro,Simples,Reta,Rural,2011,1,0,0,0,1,0,0,1
935802,04/07/2011,Segunda,08:00:00,RN,101,107.2,PARNAMIRIM,Não guardar distância de segurança,Colisão traseira,Sem Vítimas,Pleno dia,Decrescente,Sol,Dupla,Reta,Urbano,2011,3,0,0,0,3,0,0,3
935828,04/07/2011,Segunda,17:20:00,RN,101,84.9,NATAL,Falta de atenção,Colisão traseira,Com Vítimas Feridas,Anoitecer,Decrescente,Ceu Claro,Múltipla,Reta,Urbano,2011,4,0,2,0,1,1,2,3
935904,30/06/2011,Quinta,17:55:00,RN,406,151.0,CEARA-MIRIM,Outras,Colisão Transversal,Sem Vítimas,Pleno dia,Crescente,Ceu Claro,Simples,Reta,Urbano,2011,2,0,0,0,2,0,0,2
935932,04/07/2011,Segunda,23:20:00,RN,304,26.0,MOSSORO,Outras,Colisão lateral,Com Vítimas Feridas,Plena noite,Crescente,Ceu Claro,Simples,Reta,Urbano,2011,2,0,1,0,0,1,1,2
936032,30/06/2011,Quinta,08:30:00,RN,304,291.3,MACAIBA,Ultrapassagem indevida,Colisão frontal,Com Vítimas Feridas,Pleno dia,Crescente,Ceu Claro,Simples,Reta,Rural,2011,6,0,3,3,0,0,6,2
936060,07/07/2011,Quinta,23:30:00,RN,101,96.3,NATAL,Não guardar distância de segurança,Colisão traseira,Sem Vítimas,Plena noite,Decrescente,Chuva,Dupla,Curva,Urbano,2011,2,0,0,0,2,0,0,2
936077,03/07/2011,Domingo,18:34:00,RN,101,98.1,NATAL,Falta de atenção,Colisão traseira,Sem Vítimas,Plena noite,Decrescente,Chuva,Dupla,Reta,Urbano,2011,2,0,0,0,2,0,0,2
936098,07/07/2011,Quinta,14:20:00,RN,427,20.2,ACARI,Falta de atenção,Tombamento,Sem Vítimas,Pleno dia,Decrescente,Chuva,Simples,Reta,Rural,2011,1,0,0,0,1,0,0,1
936135,07/07/2011,Quinta,12:30:00,RN,226,44.0,BOM JESUS,Defeito mecânico em veículo,Tombamento,Sem Vítimas,Pleno dia,Crescente,Chuva,Simples,Curva,Rural,2011,1,0,0,0,1,0,0,1
936241,07/07/2011,Quinta,14:00:00,RN,226,33.4,MACAIBA,Outras,Colisão traseira,Com Vítimas Feridas,Pleno dia,Crescente,Chuva,Simples,Reta,Rural,2011,4,0,2,0,2,0,2,3
936266,08/07/2011,Sexta,11:50:00,RN,406,81.0,JOAO CAMARA,Animais na Pista,Capotamento,Com Vítimas Feridas,Pleno dia,Crescente,Chuva,Simples,Reta,Rural,2011,1,0,1,0,0,0,1,1