id,data_inversa,dia_semana,horario,uf,br,km,municipio,causa_acidente,tipo_acidente,classificacao_acidente,fase_dia,sentido_via,condicao_metereologica,tipo_pista,tracado_via,uso_solo,ano,pessoas,mortos,feridos_leves,feridos_graves,ilesos,ignorados,feridos,veiculos
941593,17/07/2011,Domingo,00:05:00,RN,405,0.8,MOSSORO,Falta de atenção,Colisão Transversal,Com Vítimas Feridas,Plena noite,Decrescente,Chuva,Simples,Cruzamento,Urbano,2011,3,0,1,1,0,1,2,3
941600,17/07/2011,Domingo,02:00:00,RN,406,161.0,CEARA-MIRIM,Outras,Queda de motocicleta / bicicleta / veículo,Com Vítimas Feridas,Plena noite,Crescente,Nublado,Simples,Reta,Urbano,2011,1,0,1,0,0,0,1,1
941610,16/07/2011,Sábado,15:30:00,RN,405,73.9,APODI,Outras,Colisão traseira,Com Vítimas Fatais,Pleno dia,Crescente,Sol,Simples,Reta,Urbano,2011,3,1,0,0,0,2,0,3
941758,13/07/2011,Quarta,19:30:00,RN,101,85.3,SAO GONCALO DO AMARANTE,Não guardar distância de segurança,Colisão traseira,Com Vítimas Feridas,Plena noite,Crescente,Ceu Claro,Dupla,Reta,Urbano,2011,2,0,1,0,1,0,1,2
941804,16/07/2011,Sábado,08:30:00,RN,427,54.7,JARDIM DO SERIDO,Outras,Colisão lateral,Com Vítimas Fatais,Pleno dia,Crescente,Ceu Claro,Simples,Curva,Urbano,2011,2,1,0,0,1,0,0,2
942006,13/07/2011,Quarta,18:00:00,RN,304,36.9,MOSSORO,Falta de atenção,Colisão frontal,Com Vítimas Feridas,Plena noite,Crescente,Ceu Claro,Simples,Cruzamento,Urbano,2011,2,0,1,0,1,0,1,2
942016,11/07/2011,Segunda,16:30:00,RN,101,104.2,PARNAMIRIM,Outras,Colisão lateral,Sem Vítimas,Pleno dia,Decrescente,Ceu Claro,Dupla,Reta,Urbano,2011,2,0,0,0,2,0,0,2
942021,16/07/2011,Sábado,11:45:00,RN,101,95.7,NATAL,Falta de atenção,Colisão lateral,Sem Vítimas,Pleno dia,Crescente,Nublado,Dupla,Cruzamento,Urbano,2011,2,0,0,0,2,0,0,2
942038,16/07/2011,Sábado,13:20:00,RN,101,95.7,NATAL,Não guardar distância de segurança,Colisão traseira,Sem Vítimas,Pleno dia,Crescente,Nublado,Dupla,Reta,Urbano,2011,2,0,0,0,2,0,0,2
942082,17/07/2011,Domingo,14:25:00,RN,101,84.8,NATAL,Outras,Colisão lateral,Sem Vítimas,Pleno dia,Decrescente,Ceu Claro,Dupla,Reta,Urbano,2011,2,0,0,0,1,1,0,2
942107,17/07/2011,Domingo,15:50:00,RN,101,80.6,NATAL,Outras,Colisão Transversal,Com Vítimas Feridas,Pleno dia,Decrescente,Ceu Claro,Dupla,Cruzamento,Urbano,2011,3,0,2,0,1,0,2,2
942124,15/07/2011,Sexta,14:21:00,RN,304,301.1,MACAIBA,Outras,Capotamento,Com Vítimas Feridas,Pleno dia,Crescente,Chuva,Dupla,Reta,Rural,2011,2,0,1,1,0,0,2,1
942148,16/07/2011,Sábado,05:20:00,RN,304,26.0,MOSSORO,Animais na Pista,Atropelamento de animal,Sem Vítimas,Amanhecer,Decrescente,Chuva,Simples,Reta,Urbano,2011,1,0,0,0,1,0,0,1
942165,17/07/2011,Domingo,23:15:00,RN,304,43.0,MOSSORO,Outras,Queda de motocicleta / bicicleta / veículo,Com Vítimas Feridas,Plena noite,Decrescente,Nublado,Dupla,Cruzamento,Rural,2011,1,0,0,1,0,0,1,1
942168,17/07/2011,Domingo,21:00:00,RN,427,111.0,CAICO,Falta de atenção,Tombamento,Com Vítimas Feridas,Plena noite,Crescente,Nublado,Simples,Reta,Rural,2011,2,0,1,1,0,0,2,1
942181,17/07/2011,Domingo,21:40:00,RN,304,298.0,MACAIBA,Desobediência à sinalização,Colisão traseira,Sem Vítimas,Plena noite,Decrescente,Nublado,Simples,Reta,Urbano,2011,2,0,0,0,2,0,0,2
942234,10/07/2011,Domingo,20:00:00,RN,101,107.0,PARNAMIRIM,Desobediência à sinalização,Colisão Transversal,Sem Vítimas,Plena noite,Crescente,Chuva,Dupla,Reta,Urbano,2011,2,0,0,0,2,0,0,2
942257,15/07/2011,Sexta,18:40:00,RN,101,94.2,NATAL,Falta de atenção,Colisão lateral,Sem Vítimas,Plena noite,Decrescente,Chuva,Dupla,Reta,Urbano,2011,2,0,0,0,2,0,0,2
942294,15/07/2011,Sexta,18:00:00,RN,101,94.1,NATAL,Falta de atenção,Colisão lateral,Sem Vítimas,Plena noite,Decrescente,Chuva,Dupla,Cruzamento,Urbano,2011,2,0,0,0,2,0,0,2
942307,05/07/2011,Terça,08:30:00,RN,101,155.0,CANGUARETAMA,Outras,Capotamento,Com Vítimas Feridas,Pleno dia,Crescente,Chuva,Dupla,Reta,Rural,2011,1,0,1,0,0,0,1,1
942308,13/07/2011,Quarta,18:20:00,RN,101,96.6,NATAL,Falta de atenção,Colisão Transversal,Sem Vítimas,Plena noite,Crescente,Ceu Claro,Dupla,Reta,Urbano,2011,2,0,0,0,2,0,0,2
942337,01/07/2011,Sexta,08:05:00,RN,101,96.2,NATAL,Falta de atenção,Colisão lateral,Sem Vítimas,Pleno dia,Decrescente,Sol,Múltipla,Reta,Urbano,2011,2,0,0,0,2,0,0,2
942342,11/07/2011,Segunda,07:05:00,RN,101,94.7,NATAL,Não guardar distância de segurança,Colisão traseira,Sem Vítimas,Pleno dia,Crescente,Sol,Múltipla,Reta,Urbano,2011,2,0,0,0,2,0,0,2
942357,15/07/2011,Sexta,18:30:00,RN,101,94.2,NATAL,Falta de atenção,Colisão traseira,Sem Vítimas,Anoitecer,Decrescente,Chuva,Dupla,Reta,Urbano,2011,2,0,0,0,2,0,0,2
942409,26/03/2011,Sábado,17:00:00,RN,101,101.9,PARNAMIRIM,Desobediência à sinalização,Colisão Transversal,Com Vítimas Feridas,Pleno dia,Crescente,Nublado,Dupla,Reta,Urbano,2011,2,0,0,1,1,0,1,2
942444,14/07/2011,Quinta,18:20:00,RN,110,49.3,MOSSORO,Outras,Colisão traseira,Com Vítimas Feridas,Plena noite,Decrescente,Ceu Claro,Simples,Cruzamento,Urbano,2011,2,0,2,0,0,0,2,2
942454,05/07/2011,Terça,22:15:00,RN,101,103.5,PARNAMIRIM,Falta de atenção,Colisão Transversal,Sem Vítimas,Plena noite,Crescente,Ceu Claro,Múltipla,Reta,Urbano,2011,2,0,0,0,1,1,0,2
942474,15/07/2011,Sexta,13:55:00,RN,101,130.0,SAO JOSE DE MIPIBU,Velocidade incompatível,Tombamento,Sem Vítimas,Pleno dia,Decrescente,Chuva,Dupla,Curva,Rural,2011,1,0,0,0,1,0,0,1
942663,17/07/2011,Domingo,23:25:00,RN,304,37.0,MOSSORO,Outras,Colisão Transversal,Com Vítimas Feridas,Plena noite,Decrescente,Ceu Claro,Simples,Reta,Urbano,2011,2,0,0,1,1,0,1,2
942715,18/07/2011,Segunda,18:05:00,RN,405,83.5,APODI,Outras,Queda de motocicleta / bicicleta / veículo,Com Vítimas Fatais,Plena noite,Decrescente,Ceu Claro,Simples,Reta,Rural,2011,1,1,0,0,0,0,0,1
942874,16/07/2011,Sábado,18:30:00,RN,226,174.4,CURRAIS NOVOS,Outras,Colisão traseira,Com Vítimas Feridas,Plena noite,Crescente,Chuva,Simples,Reta,Rural,2011,3,0,1,0,1,1,1,2
942923,07/07/2011,Quinta,22:30:00,RN,101,98.8,NATAL,Falta de atenção,Colisão traseira,Sem Vítimas,Plena noite,Crescente,Chuva,Múltipla,Reta,Urbano,2011,2,0,0,0,2,0,0,2
942938,16/07/2011,Sábado,04:45:00,RN,304,38.1,MOSSORO,Outras,Colisão frontal,Com Vítimas Feridas,Plena noite,Crescente,Chuva,Simples,Reta,Urbano,2011,4,0,2,0,2,0,2,2
942968,19/07/2011,Terça,09:00:00,RN,101,148.5,GOIANINHA,Outras,Colisão frontal,Com Vítimas Feridas,Pleno dia,Decrescente,Sol,Dupla,Curva,Rural,2011,3,0,2,0,1,0,2,2
942976,15/07/2011,Sexta,17:15:00,RN,101,106.4,PARNAMIRIM,Ingestão de álcool,Colisão traseira,Sem Vítimas,Anoitecer,Decrescente,Chuva,Dupla,Reta,Urbano,2011,2,0,0,0,2,0,0,2
943040,15/07/2011,Sexta,18:15:00,RN,101,80.7,NATAL,Outras,Colisão Transversal,Sem Vítimas,Plena noite,Decrescente,Chuva,Dupla,Reta,Urbano,2011,2,0,0,0,1,1,0,2
943090,16/07/2011,Sábado,02:00:00,RN,101,106.0,PARNAMIRIM,Defeito na via,Tombamento,Sem Vítimas,Plena noite,Decrescente,Ceu Claro,Dupla,Reta,Urbano,2011,1,0,0,0,1,0,0,1
943145,15/05/2011,Domingo,11:30:00,RN,101,98.8,PARNAMIRIM,Outras,Colisão traseira,Sem Vítimas,Pleno dia,Decrescente,Nublado,Simples,Reta,Urbano,2011,2,0,0,0,1,1,0,2
943149,19/07/2011,Terça,13:10:00,RN,101,125.9,SAO JOSE DE MIPIBU,Outras,Tombamento,Sem Vítimas,Pleno dia,Crescente,Nublado,Dupla,Reta,Urbano,2011,1,0,0,0,1,0,0,1
943194,19/07/2011,Terça,17:40:00,RN,304,40.0,MOSSORO,Falta de atenção,Colisão Transversal,Sem Vítimas,Anoitecer,Crescente,Ceu Claro,Simples,Reta,Urbano,2011,2,0,0,0,2,0,0,2
943347,19/07/2011,Terça,22:30:00,RN,406,168.5,SAO GONCALO DO AMARANTE,Outras,Saída de Pista,Ignorado,Plena noite,Crescente,Ceu Claro,Simples,Reta,Urbano,2011,1,0,0,0,0,1,0,1
943375,19/07/2011,Terça,18:10:00,RN,101,99.2,NATAL,Falta de atenção,Colisão traseira,Sem Vítimas,Plena noite,Decrescente,Ceu Claro,Dupla,Reta,Urbano,2011,2,0,0,0,1,1,0,2
943420,16/07/2011,Sábado,09:40:00,RN,304,147.9,ANGICOS,Outras,Capotamento,Sem Vítimas,Pleno dia,Decrescente,Sol,Simples,Curva,Rural,2011,2,0,0,0,1,1,0,2
943425,19/07/2011,Terça,10:15:00,RN,101,98.0,NATAL,Outras,Atropelamento de pessoa,Com Vítimas Feridas,Pleno dia,Decrescente,Sol,Dupla,Reta,Urbano,2011,2,0,0,1,1,0,1,1
943458,20/07/2011,Quarta,07:45:00,RN,226,1.8,NATAL,Não guardar distância de segurança,Colisão traseira,Sem Vítimas,Pleno dia,Crescente,Ceu Claro,Dupla,Reta,Urbano,2011,2,0,0,0,2,0,0,2
943566,01/07/2011,Sexta,16:00:00,RN,406,144.9,CEARA-MIRIM,Outras,Colisão traseira,Sem Vítimas,Pleno dia,Crescente,Sol,Simples,Reta,Urbano,2011,3,0,0,0,2,1,0,3
943576,06/04/2011,Quarta,18:35:00,RN,101,97.4,NATAL,Falta de atenção,Colisão traseira,Com Vítimas Feridas,Plena noite,Decrescente,Ceu Claro,Múltipla,Reta,Urbano,2011,3,0,1,0,2,0,1,3
943686,20/07/2011,Quarta,07:19:00,RN,101,100.0,NATAL,Falta de atenção,Colisão traseira,Sem Vítimas,Pleno dia,Decrescente,Ceu Claro,Dupla,Reta,Urbano,2011,2,0,0,0,2,0,0,2
943687,19/07/2011,Terça,14:50:00,RN,101,97.0,NATAL,Falta de atenção,Colisão traseira,Sem Vítimas,Pleno dia,Decrescente,Sol,Dupla,Reta,Urbano,2011,3,0,0,0,3,0,0,3
943703,20/07/2011,Quarta,09:30:00,RN,101,96.0,NATAL,Falta de atenção,Colisão traseira,Sem Vítimas,Pleno dia,Crescente,Ceu Claro,Dupla,Reta,Urbano,2011,2,0,0,0,2,0,0,2
943706,18/07/2011,Segunda,19:05:00,RN,304,185.6,ANGICOS,Falta de atenção,Colisão Transversal,Com Vítimas Feridas,Plena noite,Crescente,Ceu Claro,Simples,Reta,Rural,2011,3,0,1,0,2,0,1,3
943751,17/07/2011,Domingo,22:30:00,RN,101,107.0,PARNAMIRIM,Ingestão de álcool,Colisão com objeto fixo,Sem Vítimas,Plena noite,Decrescente,Ceu Claro,Dupla,Reta,Urbano,2011,1,0,0,0,1,0,0,1
943788,20/07/2011,Quarta,13:30:00,RN,101,99.8,PARNAMIRIM,Não guardar distância de segurança,Colisão lateral,Sem Vítimas,Pleno dia,Decrescente,Ceu Claro,Dupla,Cruzamento,Urbano,2011,2,0,0,0,2,0,0,2
943880,20/07/2011,Quarta,14:50:00,RN,406,168.0,SAO GONCALO DO AMARANTE,Outras,Colisão traseira,Sem Vítimas,Pleno dia,Crescente,Ceu Claro,Simples,Reta,Rural,2011,2,0,0,0,2,0,0,2
943899,20/07/2011,Quarta,20:50:00,RN,101,101.9,PARNAMIRIM,Desobediência à sinalização,Colisão Transversal,Com Vítimas Feridas,Plena noite,Decrescente,Ceu Claro,Múltipla,Reta,Urbano,2011,2,0,1,0,1,0,1,2
943946,20/07/2011,Quarta,09:15:00,RN,101,95.9,NATAL,Outras,Atropelamento de pessoa,Com Vítimas Feridas,Pleno dia,Decrescente,Ceu Claro,Múltipla,Reta,Urbano,2011,2,0,0,1,1,0,1,1
943953,20/07/2011,Quarta,09:50:00,RN,101,98.8,NATAL,Não guardar distância de segurança,Colisão traseira,Sem Vítimas,Pleno dia,Decrescente,Ceu Claro,Múltipla,Reta,Urbano,2011,2,0,0,0,2,0,0,2
944033,21/07/2011,Quinta,08:30:00,RN,304,297.7,MACAIBA,Outras,Colisão lateral,Sem Vítimas,Pleno dia,Decrescente,Ceu Claro,Simples,Cruzamento,Urbano,2011,2,0,0,0,2,0,0,2
944087,16/07/2011,Sábado,14:00:00,RN,405,152.0,PAU DOS FERROS,Outras,Colisão frontal,Com Vítimas Feridas,Pleno dia,Crescente,Sol,Simples,Reta,Urbano,2011,3,0,1,1,1,0,2,2
944103,21/07/2011,Quinta,08:30:00,RN,304,11.1,MOSSORO,Animais na Pista,Atropelamento de animal,Com Vítimas Feridas,Pleno dia,Crescente,Sol,Simples,Reta,Rural,2011,2,0,2,0,0,0,2,1
944104,18/07/2011,Segunda,07:50:00,RN,427,69.7,JARDIM DO SERIDO,Ultrapassagem indevida,Colisão com objeto fixo,Com Vítimas Feridas,Pleno dia,Decrescente,Ceu Claro,Simples,Reta,Rural,2011,2,0,1,0,1,0,1,2
944106,16/07/2011,Sábado,18:50:00,RN,405,150.0,PAU DOS FERROS,Ingestão de álcool,Colisão Transversal,Sem Vítimas,Plena noite,Crescente,Nublado,Dupla,Reta,Urbano,2011,2,0,0,0,2,0,0,2
944166,21/07/2011,Quinta,13:10:00,RN,304,35.0,MOSSORO,Desobediência à sinalização,Colisão lateral,Sem Vítimas,Pleno dia,Decrescente,Ceu Claro,Simples,Cruzamento,Urbano,2011,2,0,0,0,2,0,0,2
944280,21/07/2011,Quinta,07:30:00,RN,101,100.7,PARNAMIRIM,Falta de atenção,Colisão lateral,Sem Vítimas,Pleno dia,Crescente,Sol,Dupla,Reta,Urbano,2011,2,0,0,0,2,0,0,2
944294,21/07/2011,Quinta,07:30:00,RN,101,98.2,NATAL,Outras,Colisão Transversal,Com Vítimas Feridas,Pleno dia,Decrescente,Ceu Claro,Múltipla,Reta,Urbano,2011,2,0,1,0,1,0,1,2
944302,21/07/2011,Quinta,11:20:00,RN,101,143.6,ARES,Ingestão de álcool,Tombamento,Sem Vítimas,Pleno dia,Crescente,Sol,Dupla,Curva,Rural,2011,1,0,0,0,1,0,0,1
944429,21/07/2011,Quinta,21:05:00,RN,101,99.9,NATAL,Falta de atenção,Colisão Transversal,Sem Vítimas,Plena noite,Crescente,Ceu Claro,Múltipla,Cruzamento,Urbano,2011,2,0,0,0,1,1,0,2
944453,21/07/2011,Quinta,15:55:00,RN,101,95.1,NATAL,Não guardar distância de segurança,Colisão traseira,Sem Vítimas,Pleno dia,Decrescente,Ceu Claro,Dupla,Curva,Urbano,2011,3,0,0,0,3,0,0,3
944523,12/07/2011,Terça,18:30:00,RN,101,116.1,SAO JOSE DE MIPIBU,Outras,Atropelamento de pessoa,Com Vítimas Fatais,Plena noite,Decrescente,Nublado,Dupla,Reta,Rural,2011,2,1,1,0,0,0,1,1
944549,20/07/2011,Quarta,09:50:00,RN,101,95.0,NATAL,Não guardar distância de segurança,Colisão traseira,Com Vítimas Feridas,Pleno dia,Decrescente,Ceu Claro,Dupla,Reta,Urbano,2011,3,0,0,1,1,1,1,3
944572,22/07/2011,Sexta,06:15:00,RN,226,7.7,NATAL,Animais na Pista,Saída de Pista,Sem Vítimas,Pleno dia,Decrescente,Ceu Claro,Simples,Curva,Urbano,2011,1,0,0,0,1,0,0,1
944664,22/07/2011,Sexta,07:00:00,RN,101,85.8,NATAL,Outras,Colisão lateral,Com Vítimas Feridas,Pleno dia,Crescente,Ceu Claro,Dupla,Reta,Urbano,2011,3,0,2,0,0,1,2,2
944898,22/07/2011,Sexta,18:15:00,RN,101,101.9,PARNAMIRIM,Outras,Colisão traseira,Com Vítimas Feridas,Anoitecer,Decrescente,Ceu Claro,Dupla,Reta,Urbano,2011,2,0,1,0,1,0,1,2
944927,22/07/2011,Sexta,15:40:00,RN,226,60.5,SENADOR ELOI DE SOUZA,Outras,Colisão Transversal,Com Vítimas Feridas,Pleno dia,Decrescente,Sol,Simples,Cruzamento,Urbano,2011,2,0,1,0,1,0,1,2
945005,23/07/2011,Sábado,00:25:00,RN,101,101.9,PARNAMIRIM,Falta de atenção,Colisão traseira,Sem Vítimas,Plena noite,Crescente,Ceu Claro,Múltipla,Reta,Urbano,2011,2,0,0,0,2,0,0,2
945199,11/07/2011,Segunda,05:50:00,RN,226,40.6,MACAIBA,Outras,Colisão frontal,Sem Vítimas,Amanhecer,Crescente,Nublado,Simples,Reta,Rural,2011,3,0,0,0,2,1,0,2
945206,23/07/2011,Sábado,10:30:00,RN,110,48.5,MOSSORO,Não guardar distância de segurança,Colisão traseira,Sem Vítimas,Pleno dia,Decrescente,Sol,Dupla,Cruzamento,Urbano,2011,2,0,0,0,2,0,0,2
945237,23/07/2011,Sábado,10:00:00,RN,101,99.0,NATAL,Falta de atenção,Colisão traseira,Com Vítimas Feridas,Pleno dia,Decrescente,Ceu Claro,Dupla,Reta,Urbano,2011,2,0,0,1,1,0,1,2
945272,23/07/2011,Sábado,11:50:00,RN,101,99.8,NATAL,Falta de atenção,Colisão lateral,Sem Vítimas,Pleno dia,Decrescente,Ceu Claro,Múltipla,Cruzamento,Urbano,2011,2,0,0,0,2,0,0,2
945279,23/07/2011,Sábado,10:22:00,RN,101,96.6,NATAL,Falta de atenção,Colisão lateral,Sem Vítimas,Pleno dia,Crescente,Sol,Dupla,Cruzamento,Urbano,2011,2,0,0,0,2,0,0,2
945377,23/07/2011,Sábado,15:15:00,RN,101,125.3,SAO JOSE DE MIPIBU,Outras,Capotamento,Ignorado,Pleno dia,Decrescente,Sol,Dupla,Curva,Urbano,2011,1,0,0,0,0,1,0,1
945401,23/07/2011,Sábado,17:00:00,RN,101,142.0,SAO JOSE DE MIPIBU,Ultrapassagem indevida,Colisão traseira,Sem Vítimas,Pleno dia,Crescente,Ceu Claro,Dupla,Reta,Urbano,2011,2,0,0,0,2,0,0,2
945647,20/07/2011,Quarta,17:55:00,RN,101,107.4,PARNAMIRIM,Não guardar distância de segurança,Colisão traseira,Sem Vítimas,Anoitecer,Decrescente,Ceu Claro,Dupla,Cruzamento,Urbano,2011,2,0,0,0,2,0,0,2
945654,21/07/2011,Quinta,05:00:00,RN,101,113.3,SAO JOSE DE MIPIBU,Ingestão de álcool,Queda de motocicleta / bicicleta / veículo,Com Vítimas Feridas,Amanhecer,Decrescente,Ceu Claro,Dupla,Reta,Urbano,2011,2,0,2,0,0,0,2,1
945943,23/07/2011,Sábado,23:10:00,RN,406,145.0,CEARA-MIRIM,Falta de atenção,Colisão lateral,Com Vítimas Feridas,Plena noite,Crescente,Ceu Claro,Simples,Curva,Urbano,2011,3,0,2,0,1,0,2,2
946002,24/07/2011,Domingo,20:20:00,RN,304,51.8,MOSSORO,Outras,Queda de motocicleta / bicicleta / veículo,Com Vítimas Feridas,Plena noite,Crescente,Ceu Claro,Simples,Reta,Urbano,2011,1,0,0,1,0,0,1,1
946039,24/07/2011,Domingo,20:30:00,RN,304,296.5,MACAIBA,Ultrapassagem indevida,Atropelamento de pessoa,Com Vítimas Feridas,Plena noite,Crescente,Ceu Claro,Simples,Reta,Urbano,2011,2,0,0,1,1,0,1,1
946150,16/07/2011,Sábado,06:30:00,RN,304,43.0,MOSSORO,Desobediência à sinalização,Colisão Transversal,Sem Vítimas,Pleno dia,Crescente,Ceu Claro,Simples,Cruzamento,Urbano,2011,2,0,0,0,2,0,0,2
946172,25/07/2011,Segunda,06:50:00,RN,406,145.0,CEARA-MIRIM,Outras,Colisão lateral,Com Vítimas Feridas,Pleno dia,Decrescente,Ceu Claro,Simples,Reta,Rural,2011,3,0,2,0,1,0,2,2
946197,23/07/2011,Sábado,17:55:00,RN,101,96.5,NATAL,Não guardar distância de segurança,Colisão traseira,Sem Vítimas,Anoitecer,Crescente,Ceu Claro,Dupla,Curva,Urbano,2011,3,0,0,0,2,1,0,3
946284,15/07/2011,Sexta,21:20:00,RN,304,255.8,SANTA MARIA,Outras,Capotamento,Sem Vítimas,Plena noite,Crescente,Chuva,Simples,Reta,Urbano,2011,1,0,0,0,1,0,0,1
946299,25/07/2011,Segunda,13:30:00,RN,101,81.9,SAO GONCALO DO AMARANTE,Não guardar distância de segurança,Colisão traseira,Sem Vítimas,Pleno dia,Crescente,Ceu Claro,Dupla,Reta,Urbano,2011,2,0,0,0,2,0,0,2
946480,25/07/2011,Segunda,08:30:00,RN,101,94.3,NATAL,Outras,Colisão traseira,Com Vítimas Feridas,Pleno dia,Decrescente,Ceu Claro,Múltipla,Reta,Urbano,2011,2,0,0,1,1,0,1,2
946481,25/07/2011,Segunda,16:00:00,RN,101,94.3,NATAL,Não guardar distância de segurança,Colisão lateral,Com Vítimas Feridas,Pleno dia,Crescente,Nublado,Múltipla,Reta,Urbano,2011,3,0,2,0,1,0,2,2
946553,23/07/2011,Sábado,17:30:00,RN,304,184.8,ANGICOS,Outras,Colisão lateral,Com Vítimas Fatais,Anoitecer,Crescente,Ceu Claro,Simples,Reta,Rural,2011,2,1,0,0,1,0,0,2
946631,17/07/2011,Domingo,08:45:00,RN,304,83.4,MOSSORO,Defeito mecânico em veículo,Colisão com objeto móvel,Com Vítimas Feridas,Pleno dia,Crescente,Nublado,Simples,Reta,Rural,2011,3,0,1,1,1,0,2,3
946656,25/07/2011,Segunda,09:50:00,RN,226,2.2,NATAL,Falta de atenção,Colisão lateral,Sem Vítimas,Pleno dia,Crescente,Ceu Claro,Simples,Reta,Urbano,2011,2,0,0,0,2,0,0,2
946715,22/07/2011,Sexta,18:10:00,RN,101,96.9,NATAL,Outras,Colisão Transversal,Sem Vítimas,Plena noite,Decrescente,Ceu Claro,Simples,Reta,Urbano,2011,2,0,0,0,2,0,0,2
946757,25/07/2011,Segunda,00:30:00,RN,101,94.3,NATAL,Outras,Colisão traseira,Sem Vítimas,Plena noite,Decrescente,Ceu Claro,Múltipla,Cruzamento,Urbano,2011,2,0,0,0,2,0,0,2
946784,22/07/2011,Sexta,16:20:00,RN,101,99.8,NATAL,Não guardar distância de segurança,Colisão traseira,Com Vítimas Feridas,Pleno dia,Crescente,Ceu Claro,Múltipla,Reta,Urbano,2011,2,0,1,0,1,0,1,2
946826,18/07/2011,Segunda,17:50:00,RN,304,164.0,ANGICOS,Outras,Capotamento,Sem Vítimas,Anoitecer,Crescente,Ceu Claro,Simples,Reta,Rural,2011,1,0,0,0,1,0,0,1
946976,24/06/2011,Sexta,03:00:00,RN,226,1.5,NATAL,Dormindo,Colisão com objeto fixo,Com Vítimas Feridas,Plena noite,Decrescente,Nevoeiro/neblina,Dupla,Reta,Urbano,2011,2,0,1,1,0,0,2,1
947029,26/07/2011,Terça,15:35:00,RN,101,97.5,NATAL,Outras,Colisão lateral,Com Vítimas Feridas,Pleno dia,Decrescente,Sol,Múltipla,Reta,Urbano,2011,2,0,1,0,1,0,1,2
947082,26/07/2011,Terça,15:00:00,RN,101,97.4,NATAL,Não guardar distância de segurança,Colisão traseira,Com Vítimas Feridas,Pleno dia,Decrescente,Ceu Claro,Dupla,Reta,Urbano,2011,2,0,1,0,1,0,1,2
947102,26/07/2011,Terça,07:30:00,RN,304,35.0,MOSSORO,Desobediência à sinalização,Colisão Transversal,Com Vítimas Feridas,Pleno dia,Crescente,Sol,Simples,Reta,Urbano,2011,2,0,0,1,1,0,1,2
947135,26/07/2011,Terça,16:30:00,RN,101,81.3,NATAL,Outras,Colisão traseira,Sem Vítimas,Pleno dia,Decrescente,Ceu Claro,Dupla,Reta,Urbano,2011,3,0,0,0,3,0,0,3
947149,26/07/2011,Terça,17:50:00,RN,101,84.9,NATAL,Outras,Colisão frontal,Com Vítimas Feridas,Plena noite,Decrescente,Ceu Claro,Dupla,Reta,Urbano,2011,3,0,1,0,2,0,1,3
947192,26/07/2011,Terça,17:30:00,RN,101,101.9,PARNAMIRIM,Falta de atenção,Colisão Transversal,Sem Vítimas,Anoitecer,Decrescente,Ignorada,Simples,Reta,Urbano,2011,2,0,0,0,2,0,0,2
947335,27/07/2011,Quarta,07:20:00,RN,101,81.6,NATAL,Falta de atenção,Colisão traseira,Sem Vítimas,Pleno dia,Decrescente,Sol,Dupla,Reta,Urbano,2011,2,0,0,0,2,0,0,2
947363,24/07/2011,Domingo,17:00:00,RN,405,73.3,APODI,Ingestão de álcool,Colisão frontal,Com Vítimas Fatais,Pleno dia,Decrescente,Sol,Simples,Curva,Rural,2011,8,1,3,0,4,0,3,3
947390,25/07/2011,Segunda,05:30:00,RN,101,107.0,PARNAMIRIM,Ultrapassagem indevida,Colisão lateral,Sem Vítimas,Amanhecer,Decrescente,Ceu Claro,Dupla,Reta,Urbano,2011,2,0,0,0,2,0,0,2
947483,27/07/2011,Quarta,11:10:00,RN,226,0.4,NATAL,Ultrapassagem indevida,Colisão frontal,Com Vítimas Feridas,Pleno dia,Decrescente,Sol,Simples,Curva,Urbano,2011,2,0,0,1,1,0,1,2
947506,01/07/2011,Sexta,00:00:00,RN,226,87.0,TANGARA,Outras,Saída de Pista,Com Vítimas Feridas,Plena noite,Decrescente,Ceu Claro,Simples,Curva,Rural,2011,2,0,1,1,0,0,2,1
947515,19/07/2011,Terça,20:00:00,RN,110,36.8,MOSSORO,Outras,Incêndio,Sem Vítimas,Plena noite,Crescente,Ceu Claro,Simples,Reta,Rural,2011,1,0,0,0,1,0,0,1
947546,27/07/2011,Quarta,10:20:00,RN,405,2.0,MOSSORO,Desobediência à sinalização,Colisão Transversal,Sem Vítimas,Pleno dia,Crescente,Ceu Claro,Múltipla,Reta,Urbano,2011,2,0,0,0,1,1,0,2
947547,27/07/2011,Quarta,07:00:00,RN,101,100.3,NATAL,Outras,Colisão lateral,Sem Vítimas,Pleno dia,Crescente,Ceu Claro,Dupla,Reta,Urbano,2011,3,0,0,0,3,0,0,3
947552,22/07/2011,Sexta,23:40:00,RN,110,47.6,MOSSORO,Falta de atenção,Colisão lateral,Com Vítimas Feridas,Plena noite,Crescente,Ceu Claro,Simples,Reta,Urbano,2011,3,0,1,0,1,1,1,2