id,data_inversa,dia_semana,horario,uf,br,km,municipio,causa_acidente,tipo_acidente,classificacao_acidente,fase_dia,sentido_via,condicao_metereologica,tipo_pista,tracado_via,uso_solo,ano,pessoas,mortos,feridos_leves,feridos_graves,ilesos,ignorados,feridos,veiculos
970921,29/06/2011,Quarta,07:30:00,RN,101,99.3,NATAL,Falta de atenção,Colisão traseira,Sem Vítimas,Pleno dia,Crescente,Chuva,Dupla,Reta,Urbano,2011,3,0,0,0,2,1,0,3
970924,02/09/2011,Sexta,15:00:00,RN,427,16.7,ACARI,Defeito mecânico em veículo,Tombamento,Sem Vítimas,Pleno dia,Decrescente,Ceu Claro,Simples,Reta,Rural,2011,1,0,0,0,1,0,0,1
971026,03/09/2011,Sábado,18:45:00,RN,101,99.0,NATAL,Não guardar distância de segurança,Colisão traseira,Com Vítimas Feridas,Plena noite,Decrescente,Chuva,Dupla,Reta,Urbano,2011,3,0,1,0,2,0,1,2
971210,05/09/2011,Segunda,11:40:00,RN,101,106.7,PARNAMIRIM,Outras,Colisão lateral,Sem Vítimas,Pleno dia,Decrescente,Ceu Claro,Dupla,Reta,Urbano,2011,2,0,0,0,2,0,0,2
971265,02/09/2011,Sexta,23:30:00,RN,101,107.3,PARNAMIRIM,Ingestão de álcool,Colisão traseira,Com Vítimas Feridas,Plena noite,Crescente,Ceu Claro,Dupla,Reta,Urbano,2011,3,0,1,0,2,0,1,2
971350,03/09/2011,Sábado,02:00:00,RN,101,99.9,PARNAMIRIM,Ingestão de álcool,Queda de motocicleta / bicicleta / veículo,Com Vítimas Feridas,Plena noite,Decrescente,Ceu Claro,Múltipla,Cruzamento,Urbano,2011,1,0,1,0,0,0,1,1
971351,05/09/2011,Segunda,01:40:00,RN,101,97.0,NATAL,Outras,Colisão traseira,Sem Vítimas,Pleno dia,Crescente,Ceu Claro,Múltipla,Reta,Urbano,2011,2,0,0,0,1,1,0,2
971381,06/09/2011,Terça,07:40:00,RN,101,97.5,NATAL,Não guardar distância de segurança,Colisão lateral,Sem Vítimas,Pleno dia,Decrescente,Ceu Claro,Dupla,Reta,Urbano,2011,2,0,0,0,2,0,0,2
971505,06/09/2011,Terça,13:00:00,RN,101,83.1,NATAL,Falta de atenção,Colisão traseira,Sem Vítimas,Pleno dia,Decrescente,Ceu Claro,Dupla,Reta,Urbano,2011,2,0,0,0,2,0,0,2
971581,06/09/2011,Terça,17:10:00,RN,101,78.7,NATAL,Outras,Queda de motocicleta / bicicleta / veículo,Com Vítimas Feridas,Anoitecer,Decrescente,Ceu Claro,Dupla,Reta,Urbano,2011,2,0,1,0,1,0,1,2
971618,06/09/2011,Terça,18:00:00,RN,101,113.0,SAO JOSE DE MIPIBU,Outras,Queda de motocicleta / bicicleta / veículo,Com Vítimas Feridas,Plena noite,Decrescente,Ceu Claro,Dupla,Reta,Rural,2011,1,0,1,0,0,0,1,1
971620,06/09/2011,Terça,11:50:00,RN,101,97.2,NATAL,Não guardar distância de segurança,Colisão traseira,Sem Vítimas,Pleno dia,Decrescente,Sol,Dupla,Reta,Urbano,2011,2,0,0,0,2,0,0,2
971738,06/09/2011,Terça,14:00:00,RN,101,103.9,PARNAMIRIM,Falta de atenção,Colisão traseira,Sem Vítimas,Pleno dia,Crescente,Ceu Claro,Dupla,Cruzamento,Urbano,2011,2,0,0,0,2,0,0,2
971748,06/09/2011,Terça,19:00:00,RN,406,71.3,JANDAIRA,Outras,Saída de Pista,Com Vítimas Feridas,Plena noite,Decrescente,Ceu Claro,Simples,Reta,Rural,2011,3,0,0,3,0,0,3,1
971809,06/09/2011,Terça,21:05:00,RN,226,86.6,TANGARA,Animais na Pista,Atropelamento de animal,Sem Vítimas,Plena noite,Decrescente,Ceu Claro,Simples,Curva,Rural,2011,1,0,0,0,1,0,0,1
971872,03/09/2011,Sábado,20:00:00,RN,101,84.7,SAO GONCALO DO AMARANTE,Outras,Atropelamento de pessoa,Com Vítimas Fatais,Plena noite,Crescente,Nublado,Dupla,Reta,Urbano,2011,2,1,0,0,1,0,0,1
971927,31/08/2011,Quarta,18:10:00,RN,304,24.1,MOSSORO,Animais na Pista,Atropelamento de animal,Sem Vítimas,Plena noite,Crescente,Ignorada,Simples,Reta,Rural,2011,1,0,0,0,1,0,0,1
971987,07/09/2011,Quarta,11:35:00,RN,304,34.0,MOSSORO,Outras,Colisão frontal,Sem Vítimas,Pleno dia,Crescente,Ceu Claro,Simples,Reta,Urbano,2011,2,0,0,0,2,0,0,2
971989,07/09/2011,Quarta,11:50:00,RN,101,99.8,NATAL,Não guardar distância de segurança,Colisão traseira,Sem Vítimas,Pleno dia,Crescente,Ceu Claro,Dupla,Reta,Urbano,2011,3,0,0,0,3,0,0,3
971995,03/09/2011,Sábado,14:15:00,RN,304,35.4,MOSSORO,Falta de atenção,Colisão traseira,Sem Vítimas,Pleno dia,Decrescente,Ceu Claro,Dupla,Cruzamento,Urbano,2011,2,0,0,0,2,0,0,2
972071,07/09/2011,Quarta,11:55:00,RN,304,181.1,ANGICOS,Outras,Tombamento,Sem Vítimas,Pleno dia,Crescente,Ceu Claro,Simples,Reta,Rural,2011,1,0,0,0,1,0,0,1
972143,07/09/2011,Quarta,07:45:00,RN,304,159.0,FERNANDO PEDROZA,Não guardar distância de segurança,Colisão traseira,Sem Vítimas,Pleno dia,Decrescente,Ceu Claro,Simples,Reta,Urbano,2011,2,0,0,0,2,0,0,2
972144,07/09/2011,Quarta,12:00:00,RN,406,114.0,POCO BRANCO,Outras,Saída de Pista,Sem Vítimas,Pleno dia,Decrescente,Ceu Claro,Simples,Reta,Rural,2011,1,0,0,0,1,0,0,1
972180,07/09/2011,Quarta,18:15:00,RN,405,3.8,MOSSORO,Falta de atenção,Colisão traseira,Com Vítimas Feridas,Plena noite,Crescente,Ceu Claro,Simples,Reta,Urbano,2011,3,0,2,0,0,1,2,2
972209,07/09/2011,Quarta,19:10:00,RN,101,94.4,NATAL,Desobediência à sinalização,Colisão Transversal,Sem Vítimas,Plena noite,Decrescente,Ceu Claro,Múltipla,Cruzamento,Urbano,2011,2,0,0,0,2,0,0,2
972225,07/09/2011,Quarta,08:40:00,RN,406,151.0,CEARA-MIRIM,Outras,Colisão Transversal,Sem Vítimas,Pleno dia,Decrescente,Ceu Claro,Simples,Reta,Rural,2011,2,0,0,0,2,0,0,2
972323,07/09/2011,Quarta,21:15:00,RN,304,37.0,MOSSORO,Dormindo,Colisão traseira,Sem Vítimas,Plena noite,Decrescente,Ceu Claro,Simples,Reta,Urbano,2011,2,0,0,0,2,0,0,2
972430,28/08/2011,Domingo,02:40:00,RN,101,100.4,NATAL,Ingestão de álcool,Colisão frontal,Com Vítimas Fatais,Plena noite,Crescente,Nublado,Dupla,Curva,Urbano,2011,3,1,0,0,2,0,0,3
972522,08/09/2011,Quinta,07:10:00,RN,304,36.4,MOSSORO,Outras,Colisão traseira,Com Vítimas Feridas,Pleno dia,Crescente,Sol,Simples,Reta,Urbano,2011,3,0,0,1,2,0,1,3
972523,08/09/2011,Quinta,11:10:00,RN,110,47.1,MOSSORO,Outras,Colisão Transversal,Sem Vítimas,Pleno dia,Crescente,Sol,Simples,Cruzamento,Urbano,2011,2,0,0,0,2,0,0,2
972536,04/09/2011,Domingo,16:10:00,RN,406,158.4,SAO GONCALO DO AMARANTE,Não guardar distância de segurança,Colisão lateral,Com Vítimas Feridas,Pleno dia,Crescente,Ceu Claro,Simples,Curva,Urbano,2011,2,0,0,1,0,1,1,2
972563,08/09/2011,Quinta,09:30:00,RN,304,217.0,CAICARA DO RIO DO VENTO,Ultrapassagem indevida,Colisão lateral,Com Vítimas Feridas,Pleno dia,Decrescente,Vento,Simples,Reta,Rural,2011,2,0,1,0,1,0,1,2
972566,08/09/2011,Quinta,10:00:00,RN,304,273.2,SAO PEDRO,Falta de atenção,Saída de Pista,Sem Vítimas,Pleno dia,Crescente,Sol,Simples,Reta,Rural,2011,1,0,0,0,1,0,0,1
972830,05/09/2011,Segunda,04:50:00,RN,304,43.0,MOSSORO,Falta de atenção,Colisão Transversal,Sem Vítimas,Amanhecer,Decrescente,Ceu Claro,Dupla,Cruzamento,Urbano,2011,2,0,0,0,2,0,0,2
972849,04/09/2011,Domingo,13:31:00,RN,226,142.0,CAMPO REDONDO,Outras,Capotamento,Sem Vítimas,Pleno dia,Decrescente,Ceu Claro,Simples,Reta,Rural,2011,1,0,0,0,1,0,0,1
972942,08/09/2011,Quinta,08:00:00,RN,101,99.9,NATAL,Falta de atenção,Colisão lateral,Sem Vítimas,Pleno dia,Crescente,Ceu Claro,Dupla,Curva,Urbano,2011,2,0,0,0,2,0,0,2
972943,09/09/2011,Sexta,06:50:00,RN,304,306.7,PARNAMIRIM,Não guardar distância de segurança,Colisão traseira,Com Vítimas Feridas,Pleno dia,Decrescente,Sol,Dupla,Reta,Urbano,2011,3,0,2,0,1,0,2,2
972945,09/09/2011,Sexta,07:20:00,RN,101,84.4,SAO GONCALO DO AMARANTE,Não guardar distância de segurança,Colisão traseira,Sem Vítimas,Pleno dia,Crescente,Ceu Claro,Dupla,Reta,Urbano,2011,2,0,0,0,2,0,0,2
973044,09/09/2011,Sexta,07:50:00,RN,101,96.1,NATAL,Outras,Colisão lateral,Sem Vítimas,Pleno dia,Crescente,Ceu Claro,Múltipla,Curva,Urbano,2011,2,0,0,0,2,0,0,2
973054,09/09/2011,Sexta,08:55:00,RN,101,102.9,PARNAMIRIM,Não guardar distância de segurança,Colisão traseira,Sem Vítimas,Pleno dia,Decrescente,Ceu Claro,Dupla,Reta,Urbano,2011,3,0,0,0,3,0,0,2
973080,09/09/2011,Sexta,12:00:00,RN,101,97.0,NATAL,Falta de atenção,Colisão traseira,Sem Vítimas,Pleno dia,Crescente,Ceu Claro,Dupla,Cruzamento,Urbano,2011,2,0,0,0,2,0,0,2
973088,05/09/2011,Segunda,18:00:00,RN,304,159.3,LAJES,Outras,Colisão lateral,Sem Vítimas,Plena noite,Decrescente,Ceu Claro,Simples,Reta,Rural,2011,2,0,0,0,2,0,0,2
973103,09/09/2011,Sexta,08:30:00,RN,101,106.4,PARNAMIRIM,Falta de atenção,Colisão traseira,Sem Vítimas,Pleno dia,Decrescente,Sol,Dupla,Curva,Urbano,2011,2,0,0,0,1,1,0,2
973107,09/09/2011,Sexta,13:00:00,RN,101,156.5,CANGUARETAMA,Outras,Saída de Pista,Sem Vítimas,Pleno dia,Decrescente,Sol,Dupla,Reta,Rural,2011,2,0,0,0,2,0,0,2
973127,09/09/2011,Sexta,13:00:00,RN,226,80.5,TANGARA,Outras,Colisão com objeto fixo,Sem Vítimas,Pleno dia,Crescente,Sol,Dupla,Curva,Rural,2011,1,0,0,0,1,0,0,1
973137,09/09/2011,Sexta,14:30:00,RN,304,30.0,MOSSORO,Falta de atenção,Colisão traseira,Sem Vítimas,Pleno dia,Crescente,Sol,Simples,Reta,Rural,2011,2,0,0,0,2,0,0,2
973220,09/09/2011,Sexta,18:20:00,RN,101,85.4,NATAL,Outras,Colisão traseira,Com Vítimas Feridas,Pleno dia,Decrescente,Ceu Claro,Dupla,Reta,Urbano,2011,2,0,1,0,1,0,1,2
973283,04/09/2011,Domingo,19:00:00,RN,405,50.8,FELIPE GUERRA,Outras,Atropelamento de pessoa,Com Vítimas Fatais,Plena noite,Decrescente,Ceu Claro,Simples,Reta,Rural,2011,4,1,1,0,1,1,1,2
973372,09/09/2011,Sexta,23:45:00,RN,405,2.8,MOSSORO,Outras,Queda de motocicleta / bicicleta / veículo,Com Vítimas Feridas,Plena noite,Crescente,Ceu Claro,Dupla,Curva,Urbano,2011,1,0,1,0,0,0,1,1
973392,10/09/2011,Sábado,04:40:00,RN,304,296.2,MACAIBA,Outras,Saída de Pista,Sem Vítimas,Plena noite,Crescente,Ceu Claro,Dupla,Reta,Urbano,2011,1,0,0,0,1,0,0,1
973437,31/08/2011,Quarta,15:35:00,RN,110,10.6,MOSSORO,Falta de atenção,Colisão Transversal,Sem Vítimas,Pleno dia,Decrescente,Ceu Claro,Simples,Cruzamento,Rural,2011,2,0,0,0,2,0,0,2
973472,08/09/2011,Quinta,07:50:00,RN,101,84.7,SAO GONCALO DO AMARANTE,Não guardar distância de segurança,Colisão lateral,Sem Vítimas,Pleno dia,Crescente,Sol,Múltipla,Reta,Urbano,2011,3,0,0,0,3,0,0,3
973606,10/09/2011,Sábado,05:50:00,RN,101,101.0,PARNAMIRIM,Outras,Colisão traseira,Sem Vítimas,Pleno dia,Decrescente,Ceu Claro,Dupla,Cruzamento,Urbano,2011,2,0,0,0,2,0,0,2
973670,05/09/2011,Segunda,15:00:00,RN,406,0.0,SAO GONCALO DO AMARANTE,Outras,Colisão com bicicleta,Com Vítimas Feridas,Plena noite,Crescente,Ceu Claro,Simples,Reta,Urbano,2011,2,0,1,1,0,0,2,2
973848,11/09/2011,Domingo,00:50:00,RN,101,109.4,PARNAMIRIM,Desobediência à sinalização,Colisão Transversal,Com Vítimas Fatais,Plena noite,Crescente,Nevoeiro/neblina,Dupla,Reta,Rural,2011,3,1,0,0,2,0,0,3
973993,18/08/2011,Quinta,11:30:00,RN,406,35.0,GUAMARE,Desobediência à sinalização,Colisão Transversal,Com Vítimas Feridas,Pleno dia,Crescente,Ceu Claro,Simples,Reta,Urbano,2011,2,0,1,0,0,1,1,2
974016,07/09/2011,Quarta,18:30:00,RN,304,297.8,MACAIBA,Falta de atenção,Colisão Transversal,Com Vítimas Feridas,Plena noite,Crescente,Ceu Claro,Simples,Reta,Urbano,2011,2,0,1,0,1,0,1,2
974067,09/09/2011,Sexta,15:10:00,RN,101,95.6,NATAL,Falta de atenção,Colisão traseira,Sem Vítimas,Pleno dia,Crescente,Sol,Dupla,Reta,Urbano,2011,2,0,0,0,2,0,0,2
974167,11/09/2011,Domingo,18:30:00,RN,304,294.0,MACAIBA,Dormindo,Colisão traseira,Sem Vítimas,Plena noite,Decrescente,Ceu Claro,Simples,Reta,Rural,2011,2,0,0,0,2,0,0,2
974169,11/09/2011,Domingo,16:30:00,RN,101,84.2,NATAL,Outras,Atropelamento de pessoa,Com Vítimas Feridas,Plena noite,Decrescente,Ceu Claro,Dupla,Reta,Urbano,2011,3,0,0,2,1,0,2,1
974195,11/09/2011,Domingo,17:10:00,RN,101,95.9,NATAL,Outras,Colisão Transversal,Sem Vítimas,Anoitecer,Crescente,Ceu Claro,Múltipla,Reta,Urbano,2011,3,0,0,0,2,1,0,3
974207,11/09/2011,Domingo,17:40:00,RN,101,158.7,FERNANDO PEDROZA,Falta de atenção,Colisão traseira,Sem Vítimas,Anoitecer,Crescente,Ceu Claro,Simples,Reta,Urbano,2011,2,0,0,0,2,0,0,2
974268,11/09/2011,Domingo,19:10:00,RN,406,97.0,JOAO CAMARA,Outras,Colisão frontal,Com Vítimas Fatais,Plena noite,Decrescente,Ceu Claro,Simples,Reta,Rural,2011,3,2,0,1,0,0,1,2
974324,11/09/2011,Domingo,11:40:00,RN,226,1.0,NATAL,Falta de atenção,Colisão traseira,Sem Vítimas,Pleno dia,Crescente,Ceu Claro,Simples,Reta,Urbano,2011,2,0,0,0,2,0,0,2
974387,12/09/2011,Segunda,06:55:00,RN,101,99.7,NATAL,Outras,Colisão traseira,Sem Vítimas,Pleno dia,Crescente,Ceu Claro,Dupla,Cruzamento,Urbano,2011,2,0,0,0,2,0,0,2
974424,11/09/2011,Domingo,08:30:00,RN,110,46.8,MOSSORO,Desobediência à sinalização,Colisão Transversal,Sem Vítimas,Pleno dia,Decrescente,Ceu Claro,Simples,Cruzamento,Urbano,2011,2,0,0,0,2,0,0,2
974443,10/09/2011,Sábado,10:40:00,RN,304,295.9,MACAIBA,Outras,Colisão lateral,Com Vítimas Feridas,Pleno dia,Decrescente,Ceu Claro,Simples,Reta,Urbano,2011,3,0,2,0,1,0,2,2
974558,10/09/2011,Sábado,11:55:00,RN,101,85.3,NATAL,Não guardar distância de segurança,Colisão traseira,Sem Vítimas,Pleno dia,Crescente,Sol,Dupla,Reta,Urbano,2011,2,0,0,0,2,0,0,2
974583,12/09/2011,Segunda,08:20:00,RN,101,85.0,SAO GONCALO DO AMARANTE,Não guardar distância de segurança,Colisão traseira,Sem Vítimas,Pleno dia,Crescente,Sol,Dupla,Curva,Urbano,2011,2,0,0,0,2,0,0,2
974615,12/09/2011,Segunda,06:30:00,RN,304,116.1,ASSU,Falta de atenção,Colisão traseira,Sem Vítimas,Pleno dia,Decrescente,Sol,Simples,Reta,Rural,2011,2,0,0,0,2,0,0,2
974667,12/09/2011,Segunda,10:30:00,RN,405,149.6,PAU DOS FERROS,Outras,Queda de motocicleta / bicicleta / veículo,Com Vítimas Feridas,Pleno dia,Crescente,Sol,Simples,Reta,Urbano,2011,1,0,0,1,0,0,1,1
974700,12/09/2011,Segunda,14:30:00,RN,101,100.6,PARNAMIRIM,Falta de atenção,Colisão traseira,Sem Vítimas,Pleno dia,Decrescente,Ceu Claro,Dupla,Reta,Urbano,2011,2,0,0,0,2,0,0,2
974703,12/09/2011,Segunda,17:45:00,RN,101,97.1,NATAL,Falta de atenção,Colisão traseira,Sem Vítimas,Anoitecer,Crescente,Chuva,Dupla,Cruzamento,Urbano,2011,2,0,0,0,2,0,0,2
974707,12/09/2011,Segunda,16:55:00,RN,101,105.9,PARNAMIRIM,Falta de atenção,Colisão traseira,Com Vítimas Feridas,Pleno dia,Decrescente,Ceu Claro,Dupla,Cruzamento,Urbano,2011,3,0,1,0,2,0,1,2
974725,12/09/2011,Segunda,18:20:00,RN,304,39.1,MOSSORO,Falta de atenção,Colisão Transversal,Sem Vítimas,Plena noite,Crescente,Ceu Claro,Simples,Cruzamento,Urbano,2011,2,0,0,0,2,0,0,2
974733,03/09/2011,Sábado,21:40:00,RN,304,289.0,MACAIBA,Outras,Colisão traseira,Sem Vítimas,Plena noite,Decrescente,Chuva,Simples,Reta,Rural,2011,2,0,0,0,2,0,0,2
974748,12/09/2011,Segunda,18:40:00,RN,101,98.9,NATAL,Outras,Colisão traseira,Sem Vítimas,Plena noite,Crescente,Ceu Claro,Dupla,Reta,Urbano,2011,2,0,0,0,2,0,0,2
974768,12/09/2011,Segunda,18:50:00,RN,101,101.7,PARNAMIRIM,Outras,Colisão traseira,Sem Vítimas,Plena noite,Crescente,Ceu Claro,Múltipla,Cruzamento,Urbano,2011,2,0,0,0,2,0,0,2
974889,09/09/2011,Sexta,22:00:00,RN,101,102.0,PARNAMIRIM,Ingestão de álcool,Colisão traseira,Com Vítimas Feridas,Plena noite,Crescente,Ceu Claro,Dupla,Reta,Urbano,2011,3,0,2,0,1,0,2,3
974964,08/09/2011,Quinta,18:15:00,RN,101,95.3,NATAL,Desobediência à sinalização,Colisão Transversal,Sem Vítimas,Plena noite,Crescente,Ceu Claro,Múltipla,Cruzamento,Urbano,2011,2,0,0,0,2,0,0,2
974988,11/09/2011,Domingo,05:30:00,RN,406,144.0,CEARA-MIRIM,Desobediência à sinalização,Colisão lateral,Com Vítimas Fatais,Anoitecer,Decrescente,Ceu Claro,Simples,Reta,Rural,2011,3,1,0,0,2,0,0,3
975012,11/09/2011,Domingo,20:30:00,RN,304,38.3,MOSSORO,Desobediência à sinalização,Colisão Transversal,Com Vítimas Feridas,Plena noite,Crescente,Ceu Claro,Simples,Reta,Urbano,2011,4,0,1,0,3,0,1,3
975022,10/09/2011,Sábado,08:30:00,RN,101,95.8,NATAL,Falta de atenção,Colisão Transversal,Sem Vítimas,Pleno dia,Crescente,Ceu Claro,Múltipla,Reta,Urbano,2011,2,0,0,0,2,0,0,2
975039,10/09/2011,Sábado,17:50:00,RN,101,97.4,NATAL,Outras,Colisão lateral,Sem Vítimas,Anoitecer,Crescente,Ceu Claro,Múltipla,Reta,Urbano,2011,2,0,0,0,2,0,0,2
975046,09/09/2011,Sexta,16:10:00,RN,101,97.2,NATAL,Falta de atenção,Colisão traseira,Sem Vítimas,Pleno dia,Crescente,Ceu Claro,Múltipla,Reta,Urbano,2011,2,0,0,0,2,0,0,2
975047,06/09/2011,Terça,15:00:00,RN,304,97.5,ASSU,Outras,Saída de Pista,Sem Vítimas,Pleno dia,Crescente,Ceu Claro,Simples,Curva,Rural,2011,1,0,0,0,1,0,0,1
975200,13/09/2011,Terça,17:30:00,RN,304,32.8,MOSSORO,Falta de atenção,Colisão Transversal,Sem Vítimas,Anoitecer,Decrescente,Ceu Claro,Simples,Cruzamento,Urbano,2011,2,0,0,0,2,0,0,2
975226,08/06/2011,Quarta,01:00:00,RN,110,47.0,MOSSORO,Outras,Capotamento,Ignorado,Plena noite,Crescente,Ceu Claro,Simples,Reta,Urbano,2011,1,0,0,0,0,1,0,1
975278,13/09/2011,Terça,13:10:00,RN,101,99.8,NATAL,Falta de atenção,Colisão traseira,Sem Vítimas,Pleno dia,Crescente,Ceu Claro,Dupla,Cruzamento,Urbano,2011,2,0,0,0,2,0,0,2
975329,13/09/2011,Terça,14:30:00,RN,101,155.0,GOIANINHA,Outras,Colisão com objeto fixo,Com Vítimas Feridas,Pleno dia,Decrescente,Sol,Dupla,Reta,Rural,2011,1,0,1,0,0,0,1,1
975351,13/09/2011,Terça,07:00:00,RN,101,147.7,GOIANINHA,Outras,Colisão com bicicleta,Com Vítimas Feridas,Pleno dia,Decrescente,Sol,Dupla,Reta,Urbano,2011,3,0,0,2,0,1,2,2
975382,04/08/2011,Quinta,09:55:00,RN,101,97.2,NATAL,Falta de atenção,Colisão Transversal,Sem Vítimas,Pleno dia,Crescente,Ceu Claro,Múltipla,Cruzamento,Urbano,2011,2,0,0,0,2,0,0,2
975431,11/09/2011,Domingo,02:15:00,RN,101,107.6,PARNAMIRIM,Falta de atenção,Colisão traseira,Sem Vítimas,Plena noite,Decrescente,Ceu Claro,Dupla,Cruzamento,Urbano,2011,2,0,0,0,2,0,0,2
975514,14/09/2011,Quarta,08:30:00,RN,101,83.0,SAO GONCALO DO AMARANTE,Falta de atenção,Colisão traseira,Sem Vítimas,Pleno dia,Crescente,Ceu Claro,Simples,Reta,Urbano,2011,4,0,0,0,4,0,0,4
975550,10/09/2011,Sábado,14:42:00,RN,101,99.9,PARNAMIRIM,Não guardar distância de segurança,Colisão traseira,Sem Vítimas,Pleno dia,Decrescente,Nublado,Dupla,Reta,Urbano,2011,2,0,0,0,2,0,0,2
975556,11/09/2011,Domingo,05:30:00,RN,101,99.9,NATAL,Outras,Colisão lateral,Sem Vítimas,Amanhecer,Crescente,Nublado,Dupla,Reta,Urbano,2011,2,0,0,0,1,1,0,2
975597,14/09/2011,Quarta,07:20:00,RN,101,99.8,NATAL,Falta de atenção,Colisão Transversal,Sem Vítimas,Pleno dia,Decrescente,Ceu Claro,Múltipla,Reta,Urbano,2011,2,0,0,0,2,0,0,2
975640,14/09/2011,Quarta,09:00:00,RN,101,105.9,PARNAMIRIM,Falta de atenção,Colisão Transversal,Sem Vítimas,Pleno dia,Crescente,Ceu Claro,Dupla,Curva,Urbano,2011,2,0,0,0,2,0,0,2
975657,14/09/2011,Quarta,07:20:00,RN,101,98.0,NATAL,Outras,Queda de motocicleta / bicicleta / veículo,Com Vítimas Feridas,Pleno dia,Decrescente,Ceu Claro,Dupla,Reta,Urbano,2011,1,0,1,0,0,0,1,1
975671,14/09/2011,Quarta,07:10:00,RN,101,100.4,PARNAMIRIM,Outras,Colisão traseira,Com Vítimas Feridas,Pleno dia,Decrescente,Ceu Claro,Dupla,Reta,Urbano,2011,3,0,2,0,1,0,2,2
975684,14/09/2011,Quarta,11:20:00,RN,101,96.5,NATAL,Falta de atenção,Colisão lateral,Sem Vítimas,Pleno dia,Crescente,Ceu Claro,Dupla,Reta,Urbano,2011,2,0,0,0,2,0,0,2
975837,02/09/2011,Sexta,05:00:00,RN,405,153.2,PAU DOS FERROS,Outras,Queda de motocicleta / bicicleta / veículo,Com Vítimas Feridas,Amanhecer,Decrescente,Ignorada,Simples,Curva,Urbano,2011,1,0,0,1,0,0,1,1
976001,15/09/2011,Quinta,08:30:00,RN,226,10.2,MACAIBA,Outras,Saída de Pista,Sem Vítimas,Pleno dia,Decrescente,Chuva,Simples,Reta,Urbano,2011,1,0,0,0,1,0,0,1
976069,15/09/2011,Quinta,12:20:00,RN,304,295.6,MACAIBA,Não guardar distância de segurança,Colisão traseira,Sem Vítimas,Pleno dia,Crescente,Nublado,Simples,Reta,Urbano,2011,2,0,0,0,2,0,0,2
976071,15/09/2011,Quinta,12:20:00,RN,304,295.6,MACAIBA,Falta de atenção,Colisão traseira,Sem Vítimas,Pleno dia,Crescente,Nublado,Simples,Reta,Urbano,2011,2,0,0,0,1,1,0,2
976088,15/09/2011,Quinta,07:00:00,RN,101,81.2,NATAL,Animais na Pista,Colisão lateral,Com Vítimas Feridas,Pleno dia,Decrescente,Chuva,Dupla,Reta,Urbano,2011,3,0,1,0,2,0,1,3
976105,15/09/2011,Quinta,09:10:00,RN,101,107.0,PARNAMIRIM,Falta de atenção,Colisão traseira,Sem Vítimas,Pleno dia,Decrescente,Chuva,Dupla,Reta,Urbano,2011,3,0,0,0,2,1,0,3
976107,15/09/2011,Quinta,08:10:00,RN,101,104.0,PARNAMIRIM,Não guardar distância de segurança,Colisão traseira,Sem Vítimas,Pleno dia,Crescente,Nevoeiro/neblina,Dupla,Reta,Urbano,2011,2,0,0,0,2,0,0,2
976128,15/09/2011,Quinta,10:30:00,RN,101,96.8,NATAL,Não guardar distância de segurança,Colisão traseira,Sem Vítimas,Pleno dia,Decrescente,Chuva,Dupla,Reta,Urbano,2011,3,0,0,0,3,0,0,3
976142,15/09/2011,Quinta,11:15:00,RN,226,126.5,LAJES PINTADAS,Outras,Capotamento,Com Vítimas Feridas,Pleno dia,Crescente,Nublado,Simples,Curva,Rural,2011,1,0,1,0,0,0,1,1
976171,20/07/2011,Quarta,10:50:00,RN,101,176.8,CANGUARETAMA,Outras,Capotamento,Com Vítimas Feridas,Pleno dia,Decrescente,Sol,Dupla,Curva,Rural,2011,1,0,1,0,0,0,1,1
976212,15/09/2011,Quinta,17:16:00,RN,304,298.7,MACAIBA,Animais na Pista,Atropelamento de animal,Com Vítimas Feridas,Anoitecer,Crescente,Ceu Claro,Dupla,Reta,Urbano,2011,1,0,1,0,0,0,1,1
976274,15/09/2011,Quinta,18:00:00,RN,101,83.5,SAO GONCALO DO AMARANTE,Falta de atenção,Colisão traseira,Sem Vítimas,Plena noite,Crescente,Ceu Claro,Dupla,Reta,Urbano,2011,2,0,0,0,2,0,0,2
976292,15/09/2011,Quinta,18:10:00,RN,101,95.2,NATAL,Desobediência à sinalização,Colisão lateral,Sem Vítimas,Plena noite,Decrescente,Ceu Claro,Simples,Curva,Urbano,2011,2,0,0,0,2,0,0,2
976326,15/09/2011,Quinta,17:40:00,RN,101,101.4,PARNAMIRIM,Não guardar distância de segurança,Colisão traseira,Sem Vítimas,Anoitecer,Decrescente,Chuva,Múltipla,Reta,Urbano,2011,3,0,0,0,3,0,0,3
976368,15/09/2011,Quinta,08:25:00,RN,304,43.0,MOSSORO,Desobediência à sinalização,Colisão Transversal,Com Vítimas Feridas,Pleno dia,Crescente,Sol,Múltipla,Cruzamento,Urbano,2011,2,0,1,0,1,0,1,2
976464,13/09/2011,Terça,05:00:00,RN,427,113.0,TIMBAUBA DOS BATISTAS,Velocidade incompatível,Capotamento,Com Vítimas Feridas,Amanhecer,Decrescente,Ceu Claro,Simples,Curva,Rural,2011,1,0,0,1,0,0,1,1