id,data_inversa,dia_semana,horario,uf,br,km,municipio,causa_acidente,tipo_acidente,classificacao_acidente,fase_dia,sentido_via,condicao_metereologica,tipo_pista,tracado_via,uso_solo,ano,pessoas,mortos,feridos_leves,feridos_graves,ilesos,ignorados,feridos,veiculos
982102,26/09/2011,Segunda,14:55:00,RN,101,95.6,NATAL,Falta de atenção,Colisão lateral,Com Vítimas Feridas,Pleno dia,Crescente,Sol,Múltipla,Reta,Urbano,2011,2,0,1,0,1,0,1,2
982160,23/09/2011,Sexta,16:20:00,RN,101,99.8,NATAL,Falta de atenção,Colisão traseira,Sem Vítimas,Pleno dia,Crescente,Sol,Dupla,Reta,Urbano,2011,2,0,0,0,2,0,0,2
982250,24/09/2011,Sábado,02:50:00,RN,110,48.0,MOSSORO,Ingestão de álcool,Queda de motocicleta / bicicleta / veículo,Com Vítimas Feridas,Plena noite,Decrescente,Ceu Claro,Dupla,Cruzamento,Urbano,2011,1,0,1,0,0,0,1,1
982254,24/09/2011,Sábado,06:20:00,RN,405,146.2,PAU DOS FERROS,Falta de atenção,Atropelamento de pessoa,Com Vítimas Feridas,Pleno dia,Crescente,Ceu Claro,Simples,Reta,Rural,2011,2,0,0,1,0,1,1,1
982366,24/09/2011,Sábado,03:00:00,RN,226,0.6,NATAL,Outras,Colisão com objeto fixo,Com Vítimas Fatais,Plena noite,Crescente,Ceu Claro,Simples,Reta,Urbano,2011,1,1,0,0,0,0,0,1
982512,27/09/2011,Terça,18:30:00,RN,101,95.4,NATAL,Outras,Colisão traseira,Sem Vítimas,Plena noite,Crescente,Ceu Claro,Múltipla,Reta,Urbano,2011,7,0,0,0,6,1,0,7
982674,05/09/2011,Segunda,15:40:00,RN,304,37.7,MOSSORO,Defeito mecânico em veículo,Colisão traseira,Sem Vítimas,Pleno dia,Crescente,Ceu Claro,Simples,Reta,Urbano,2011,3,0,0,0,3,0,0,3
982789,28/09/2011,Quarta,11:20:00,RN,101,94.3,NATAL,Não guardar distância de segurança,Colisão traseira,Sem Vítimas,Pleno dia,Crescente,Ceu Claro,Múltipla,Cruzamento,Urbano,2011,2,0,0,0,2,0,0,2
982793,28/09/2011,Quarta,11:55:00,RN,101,94.0,NATAL,Falta de atenção,Colisão traseira,Sem Vítimas,Pleno dia,Crescente,Ceu Claro,Dupla,Cruzamento,Urbano,2011,2,0,0,0,2,0,0,2
982814,25/09/2011,Domingo,15:00:00,RN,406,34.0,GUAMARE,Outras,Colisão Transversal,Sem Vítimas,Pleno dia,Crescente,Ceu Claro,Simples,Reta,Urbano,2011,2,0,0,0,2,0,0,2
982866,28/09/2011,Quarta,14:40:00,RN,101,103.2,PARNAMIRIM,Não guardar distância de segurança,Colisão traseira,Sem Vítimas,Pleno dia,Decrescente,Ceu Claro,Dupla,Reta,Urbano,2011,2,0,0,0,2,0,0,2
982873,25/09/2011,Domingo,16:30:00,RN,304,36.0,MOSSORO,Ingestão de álcool,Queda de motocicleta / bicicleta / veículo,Com Vítimas Feridas,Pleno dia,Crescente,Ceu Claro,Simples,Cruzamento,Urbano,2011,1,0,1,0,0,0,1,1
982976,28/09/2011,Quarta,18:30:00,RN,101,105.7,PARNAMIRIM,Falta de atenção,Colisão Transversal,Sem Vítimas,Plena noite,Crescente,Vento,Dupla,Cruzamento,Urbano,2011,2,0,0,0,2,0,0,2
982980,28/09/2011,Quarta,17:50:00,RN,101,97.3,NATAL,Não guardar distância de segurança,Colisão traseira,Sem Vítimas,Anoitecer,Decrescente,Ceu Claro,Dupla,Cruzamento,Urbano,2011,2,0,0,0,2,0,0,2
983319,29/09/2011,Quinta,07:50:00,RN,101,97.0,NATAL,Falta de atenção,Colisão Transversal,Sem Vítimas,Pleno dia,Decrescente,Ceu Claro,Dupla,Cruzamento,Urbano,2011,2,0,0,0,2,0,0,2
983332,29/09/2011,Quinta,11:00:00,RN,101,102.0,PARNAMIRIM,Outras,Colisão traseira,Com Vítimas Feridas,Pleno dia,Decrescente,Ceu Claro,Dupla,Reta,Urbano,2011,2,0,1,0,1,0,1,2
983382,27/09/2011,Terça,15:00:00,RN,101,97.5,NATAL,Falta de atenção,Colisão traseira,Sem Vítimas,Pleno dia,Decrescente,Ceu Claro,Dupla,Reta,Urbano,2011,2,0,0,0,2,0,0,2
983453,29/09/2011,Quinta,13:15:00,RN,304,303.0,MACAIBA,Outras,Queda de motocicleta / bicicleta / veículo,Com Vítimas Fatais,Pleno dia,Decrescente,Sol,Dupla,Reta,Rural,2011,2,1,1,0,0,0,1,1
983500,29/09/2011,Quinta,15:00:00,RN,101,99.7,PARNAMIRIM,Falta de atenção,Colisão traseira,Sem Vítimas,Pleno dia,Decrescente,Sol,Dupla,Reta,Urbano,2011,2,0,0,0,2,0,0,2
983535,29/09/2011,Quinta,14:05:00,RN,101,99.7,NATAL,Falta de atenção,Atropelamento de pessoa,Com Vítimas Feridas,Pleno dia,Crescente,Ceu Claro,Dupla,Reta,Urbano,2011,2,0,0,1,1,0,1,1
983540,29/09/2011,Quinta,16:40:00,RN,101,95.2,NATAL,Defeito mecânico em veículo,Colisão Transversal,Com Vítimas Feridas,Pleno dia,Decrescente,Ceu Claro,Simples,Curva,Urbano,2011,2,0,1,1,0,0,2,2
983548,29/09/2011,Quinta,17:20:00,RN,304,158.9,FERNANDO PEDROZA,Falta de atenção,Colisão traseira,Sem Vítimas,Anoitecer,Crescente,Vento,Simples,Curva,Rural,2011,3,0,0,0,3,0,0,3
983572,29/09/2011,Quinta,23:50:00,RN,101,125.0,SAO JOSE DE MIPIBU,Animais na Pista,Atropelamento de animal,Sem Vítimas,Plena noite,Decrescente,Ceu Claro,Dupla,Reta,Rural,2011,1,0,0,0,1,0,0,1
983764,30/09/2011,Sexta,06:43:00,RN,101,97.6,NATAL,Falta de atenção,Colisão traseira,Sem Vítimas,Pleno dia,Decrescente,Ceu Claro,Dupla,Reta,Urbano,2011,3,0,0,0,2,1,0,3
983819,30/09/2011,Sexta,09:00:00,RN,304,290.9,MACAIBA,Outras,Colisão traseira,Sem Vítimas,Pleno dia,Crescente,Sol,Simples,Reta,Urbano,2011,3,0,0,0,3,0,0,3
983831,30/09/2011,Sexta,10:00:00,RN,226,2.3,NATAL,Falta de atenção,Colisão traseira,Com Vítimas Feridas,Pleno dia,Crescente,Ceu Claro,Simples,Cruzamento,Urbano,2011,2,0,0,1,1,0,1,2
983905,30/09/2011,Sexta,03:40:00,RN,405,155.2,MOSSORO,Não guardar distância de segurança,Colisão com objeto fixo,Sem Vítimas,Plena noite,Crescente,Ceu Claro,Simples,Reta,Urbano,2011,1,0,0,0,1,0,0,1
983946,30/09/2011,Sexta,18:10:00,RN,110,46.5,MOSSORO,Outras,Atropelamento de pessoa,Com Vítimas Feridas,Plena noite,Crescente,Ceu Claro,Simples,Reta,Urbano,2011,2,0,0,1,0,1,1,1
983969,26/09/2011,Segunda,08:20:00,RN,101,99.6,NATAL,Defeito mecânico em veículo,Colisão Transversal,Com Vítimas Feridas,Pleno dia,Crescente,Sol,Múltipla,Reta,Urbano,2011,3,0,1,0,2,0,1,2
983973,30/09/2011,Sexta,15:40:00,RN,101,73.0,EXTREMOZ,Outras,Capotamento,Ignorado,Pleno dia,Crescente,Ceu Claro,Simples,Reta,Rural,2011,1,0,0,0,0,1,0,1
983975,30/09/2011,Sexta,01:40:00,RN,304,52.9,MOSSORO,Dormindo,Colisão traseira,Com Vítimas Feridas,Plena noite,Decrescente,Ceu Claro,Simples,Reta,Rural,2011,3,0,1,0,2,0,1,2
983983,30/09/2011,Sexta,16:45:00,RN,101,83.3,SAO GONCALO DO AMARANTE,Outras,Colisão com bicicleta,Com Vítimas Feridas,Pleno dia,Crescente,Ceu Claro,Dupla,Reta,Urbano,2011,2,0,1,0,0,1,1,2
984003,30/09/2011,Sexta,17:55:00,RN,101,84.8,SAO GONCALO DO AMARANTE,Outras,Colisão lateral,Sem Vítimas,Anoitecer,Crescente,Ceu Claro,Dupla,Reta,Urbano,2011,2,0,0,0,2,0,0,2
984057,30/09/2011,Sexta,20:10:00,RN,101,68.0,EXTREMOZ,Animais na Pista,Queda de motocicleta / bicicleta / veículo,Com Vítimas Feridas,Plena noite,Decrescente,Ceu Claro,Simples,Reta,Rural,2011,1,0,1,0,0,0,1,1
984066,30/09/2011,Sexta,17:14:00,RN,101,106.5,PARNAMIRIM,Falta de atenção,Colisão traseira,Sem Vítimas,Anoitecer,Crescente,Nublado,Dupla,Cruzamento,Urbano,2011,4,0,0,0,4,0,0,4
984133,30/09/2011,Sexta,11:00:00,RN,405,153.4,PAU DOS FERROS,Falta de atenção,Colisão Transversal,Com Vítimas Feridas,Pleno dia,Decrescente,Ceu Claro,Simples,Reta,Urbano,2011,2,0,0,1,1,0,1,2
984149,24/09/2011,Sábado,03:00:00,RN,405,146.2,PAU DOS FERROS,Outras,Saída de Pista,Com Vítimas Feridas,Plena noite,Crescente,Ceu Claro,Simples,Reta,Urbano,2011,4,0,2,2,0,0,4,1
984169,30/09/2011,Sexta,04:40:00,RN,110,47.7,MOSSORO,Outras,Colisão traseira,Com Vítimas Feridas,Amanhecer,Decrescente,Ceu Claro,Simples,Reta,Urbano,2011,2,0,1,0,0,1,1,2
984192,01/10/2011,Sábado,05:35:00,RN,406,147.0,CEARA-MIRIM,Dormindo,Danos Eventuais,Sem Vítimas,Pleno dia,Crescente,Ceu Claro,Simples,Reta,Urbano,2011,1,0,0,0,1,0,0,1
984219,24/09/2011,Sábado,02:40:00,RN,101,106.2,PARNAMIRIM,Outras,Colisão lateral,Sem Vítimas,Plena noite,Decrescente,Ceu Claro,Dupla,Reta,Urbano,2011,2,0,0,0,1,1,0,2
984226,01/10/2011,Sábado,05:38:00,RN,110,46.9,MOSSORO,Outras,Colisão com objeto fixo,Com Vítimas Feridas,Amanhecer,Decrescente,Ceu Claro,Simples,Reta,Urbano,2011,2,0,2,0,0,0,2,1
984236,27/09/2011,Terça,15:40:00,RN,304,306.5,PARNAMIRIM,Outras,Colisão com objeto móvel,Sem Vítimas,Pleno dia,Crescente,Ceu Claro,Dupla,Reta,Rural,2011,1,0,0,0,1,0,0,1
984269,01/10/2011,Sábado,07:30:00,RN,226,47.6,BOM JESUS,Não guardar distância de segurança,Colisão lateral,Sem Vítimas,Pleno dia,Decrescente,Ceu Claro,Simples,Reta,Urbano,2011,2,0,0,0,2,0,0,2
984360,24/09/2011,Sábado,16:30:00,RN,226,338.6,PATU,Outras,Colisão lateral,Com Vítimas Feridas,Pleno dia,Crescente,Ceu Claro,Simples,Reta,Urbano,2011,3,0,1,1,1,0,2,2
984405,28/09/2011,Quarta,10:00:00,RN,304,45.0,MOSSORO,Outras,Colisão Transversal,Com Vítimas Feridas,Pleno dia,Crescente,Ceu Claro,Simples,Reta,Urbano,2011,2,0,0,1,1,0,1,2
984443,01/10/2011,Sábado,17:30:00,RN,101,148.0,GOIANINHA,Ultrapassagem indevida,Colisão traseira,Sem Vítimas,Anoitecer,Decrescente,Ceu Claro,Dupla,Reta,Rural,2011,2,0,0,0,1,1,0,2
984457,01/10/2011,Sábado,17:05:00,RN,101,107.7,PARNAMIRIM,Falta de atenção,Colisão traseira,Sem Vítimas,Anoitecer,Decrescente,Ceu Claro,Dupla,Reta,Urbano,2011,2,0,0,0,2,0,0,2
984471,27/09/2011,Terça,22:00:00,RN,101,96.9,NATAL,Não guardar distância de segurança,Colisão traseira,Sem Vítimas,Plena noite,Crescente,Ceu Claro,Múltipla,Reta,Urbano,2011,2,0,0,0,2,0,0,2
984493,01/10/2011,Sábado,09:15:00,RN,101,97.7,NATAL,Falta de atenção,Colisão traseira,Sem Vítimas,Pleno dia,Decrescente,Ceu Claro,Dupla,Reta,Urbano,2011,2,0,0,0,2,0,0,2
984539,01/10/2011,Sábado,09:40:00,RN,226,2.0,NATAL,Outras,Colisão lateral,Sem Vítimas,Pleno dia,Crescente,Sol,Dupla,Reta,Urbano,2011,2,0,0,0,1,1,0,2
984542,01/10/2011,Sábado,18:00:00,RN,101,58.0,CEARA-MIRIM,Ingestão de álcool,Colisão traseira,Com Vítimas Feridas,Plena noite,Crescente,Ceu Claro,Simples,Reta,Rural,2011,2,0,1,0,1,0,1,2
984548,01/10/2011,Sábado,19:30:00,RN,101,99.8,NATAL,Ingestão de álcool,Colisão traseira,Sem Vítimas,Plena noite,Crescente,Ceu Claro,Múltipla,Reta,Urbano,2011,3,0,0,0,3,0,0,3
984594,01/10/2011,Sábado,23:40:00,RN,101,101.9,PARNAMIRIM,Falta de atenção,Colisão traseira,Sem Vítimas,Plena noite,Decrescente,Ceu Claro,Dupla,Cruzamento,Urbano,2011,2,0,0,0,2,0,0,2
984620,02/10/2011,Domingo,00:35:00,RN,226,48.8,BOM JESUS,Falta de atenção,Colisão Transversal,Sem Vítimas,Plena noite,Crescente,Ceu Claro,Simples,Reta,Urbano,2011,2,0,0,0,2,0,0,2
984698,28/09/2011,Quarta,15:15:00,RN,101,85.6,NATAL,Outras,Colisão traseira,Sem Vítimas,Pleno dia,Decrescente,Ceu Claro,Dupla,Reta,Urbano,2011,2,0,0,0,2,0,0,2
984704,02/10/2011,Domingo,07:20:00,RN,101,99.9,NATAL,Falta de atenção,Colisão Transversal,Com Vítimas Feridas,Pleno dia,Crescente,Ceu Claro,Múltipla,Cruzamento,Urbano,2011,2,0,0,1,1,0,1,2
984796,01/10/2011,Sábado,04:00:00,RN,304,287.3,MACAIBA,Ultrapassagem indevida,Colisão frontal,Com Vítimas Feridas,Plena noite,Decrescente,Ceu Claro,Simples,Reta,Rural,2011,6,0,1,3,2,0,4,3
984828,02/10/2011,Domingo,14:30:00,RN,304,43.0,MOSSORO,Outras,Colisão Transversal,Com Vítimas Feridas,Pleno dia,Decrescente,Ceu Claro,Simples,Cruzamento,Urbano,2011,4,0,1,0,2,1,1,2
984913,02/10/2011,Domingo,17:45:00,RN,304,297.7,MACAIBA,Falta de atenção,Colisão lateral,Com Vítimas Feridas,Anoitecer,Crescente,Ceu Claro,Dupla,Cruzamento,Urbano,2011,3,0,2,0,1,0,2,2
984927,02/10/2011,Domingo,19:00:00,RN,101,95.9,NATAL,Não guardar distância de segurança,Colisão lateral,Sem Vítimas,Plena noite,Crescente,Ceu Claro,Dupla,Reta,Urbano,2011,2,0,0,0,1,1,0,2
984951,02/10/2011,Domingo,18:40:00,RN,101,107.0,PARNAMIRIM,Outras,Atropelamento de pessoa,Com Vítimas Feridas,Plena noite,Decrescente,Ceu Claro,Dupla,Cruzamento,Urbano,2011,2,0,0,1,0,1,1,1
985021,02/10/2011,Domingo,18:00:00,RN,101,94.5,NATAL,Ingestão de álcool,Atropelamento de pessoa,Com Vítimas Feridas,Anoitecer,Crescente,Ceu Claro,Múltipla,Curva,Urbano,2011,2,0,0,1,1,0,1,1
985100,02/10/2011,Domingo,18:30:00,RN,110,49.3,MOSSORO,Desobediência à sinalização,Colisão Transversal,Com Vítimas Feridas,Plena noite,Decrescente,Ceu Claro,Dupla,Reta,Urbano,2011,2,0,1,0,0,1,1,2
985196,03/10/2011,Segunda,07:15:00,RN,101,83.5,NATAL,Outras,Colisão lateral,Sem Vítimas,Pleno dia,Decrescente,Ceu Claro,Dupla,Reta,Urbano,2011,2,0,0,0,2,0,0,2
985346,03/10/2011,Segunda,10:40:00,RN,101,172.0,BAIA FORMOSA,Outras,Capotamento,Sem Vítimas,Pleno dia,Decrescente,Nublado,Dupla,Curva,Rural,2011,1,0,0,0,1,0,0,1
985368,03/10/2011,Segunda,11:00:00,RN,101,84.7,SAO GONCALO DO AMARANTE,Falta de atenção,Colisão traseira,Sem Vítimas,Pleno dia,Crescente,Ceu Claro,Dupla,Reta,Urbano,2011,2,0,0,0,2,0,0,2
985466,03/10/2011,Segunda,12:45:00,RN,226,160.9,CURRAIS NOVOS,Ultrapassagem indevida,Tombamento,Sem Vítimas,Pleno dia,Decrescente,Sol,Simples,Reta,Rural,2011,1,0,0,0,1,0,0,1
985509,27/09/2011,Terça,22:30:00,RN,226,155.0,CURRAIS NOVOS,Animais na Pista,Atropelamento de animal,Sem Vítimas,Plena noite,Crescente,Ceu Claro,Simples,Reta,Rural,2011,1,0,0,0,1,0,0,1
985512,27/09/2011,Terça,13:30:00,RN,101,95.4,NATAL,Desobediência à sinalização,Colisão lateral,Sem Vítimas,Pleno dia,Crescente,Ceu Claro,Simples,Reta,Urbano,2011,2,0,0,0,1,1,0,2
985616,03/10/2011,Segunda,16:10:00,RN,101,103.2,PARNAMIRIM,Falta de atenção,Colisão traseira,Sem Vítimas,Pleno dia,Decrescente,Sol,Dupla,Cruzamento,Urbano,2011,2,0,0,0,2,0,0,2
985649,03/10/2011,Segunda,12:00:00,RN,304,269.3,SANTA MARIA,Defeito mecânico em veículo,Colisão com objeto fixo,Sem Vítimas,Pleno dia,Crescente,Ceu Claro,Simples,Reta,Rural,2011,1,0,0,0,1,0,0,1
985680,03/10/2011,Segunda,19:10:00,RN,101,101.0,PARNAMIRIM,Falta de atenção,Colisão lateral,Com Vítimas Feridas,Plena noite,Decrescente,Vento,Dupla,Reta,Urbano,2011,2,0,1,0,1,0,1,2
985735,03/10/2011,Segunda,17:45:00,RN,304,307.7,PARNAMIRIM,Outras,Tombamento,Com Vítimas Feridas,Plena noite,Crescente,Ceu Claro,Múltipla,Curva,Urbano,2011,1,0,1,0,0,0,1,1
985841,04/10/2011,Terça,08:00:00,RN,101,84.9,SAO GONCALO DO AMARANTE,Outras,Colisão lateral,Sem Vítimas,Pleno dia,Crescente,Ceu Claro,Múltipla,Reta,Rural,2011,2,0,0,0,2,0,0,2
985861,04/10/2011,Terça,07:00:00,RN,101,100.5,PARNAMIRIM,Outras,Colisão lateral,Com Vítimas Feridas,Pleno dia,Decrescente,Ceu Claro,Dupla,Reta,Urbano,2011,3,0,2,0,1,0,2,2
985945,01/10/2011,Sábado,03:50:00,RN,101,107.3,PARNAMIRIM,Falta de atenção,Colisão traseira,Sem Vítimas,Plena noite,Crescente,Ceu Claro,Dupla,Cruzamento,Urbano,2011,2,0,0,0,2,0,0,2
985966,30/09/2011,Sexta,11:19:00,RN,101,146.1,GOIANINHA,Não guardar distância de segurança,Colisão traseira,Com Vítimas Feridas,Pleno dia,Crescente,Sol,Dupla,Reta,Urbano,2011,2,0,1,0,1,0,1,2
986064,01/10/2011,Sábado,22:15:00,RN,304,35.9,MOSSORO,Outras,Saída de Pista,Com Vítimas Feridas,Plena noite,Decrescente,Ceu Claro,Simples,Reta,Urbano,2011,1,0,1,0,0,0,1,1
986072,04/10/2011,Terça,15:10:00,RN,304,46.0,MOSSORO,Falta de atenção,Colisão lateral,Sem Vítimas,Pleno dia,Crescente,Sol,Simples,Reta,Urbano,2011,2,0,0,0,2,0,0,2
986081,04/10/2011,Terça,06:45:00,RN,406,149.4,CEARA-MIRIM,Outras,Colisão com objeto móvel,Sem Vítimas,Pleno dia,Crescente,Sol,Simples,Reta,Rural,2011,2,0,0,0,2,0,0,2
986097,24/09/2011,Sábado,09:40:00,RN,405,0.5,MOSSORO,Falta de atenção,Colisão lateral,Com Vítimas Feridas,Pleno dia,Crescente,Sol,Dupla,Reta,Urbano,2011,2,0,1,0,1,0,1,2
986119,24/09/2011,Sábado,13:30:00,RN,405,155.3,PAU DOS FERROS,Defeito mecânico em veículo,Danos Eventuais,Sem Vítimas,Pleno dia,Crescente,Sol,Simples,Reta,Urbano,2011,1,0,0,0,1,0,0,1
986132,28/09/2011,Quarta,14:00:00,RN,304,48.5,MOSSORO,Ingestão de álcool,Colisão com objeto fixo,Sem Vítimas,Pleno dia,Crescente,Sol,Simples,Reta,Urbano,2011,1,0,0,0,1,0,0,1
986231,30/09/2011,Sexta,18:00:00,RN,101,101.8,PARNAMIRIM,Falta de atenção,Colisão traseira,Sem Vítimas,Plena noite,Crescente,Ceu Claro,Dupla,Reta,Urbano,2011,2,0,0,0,1,1,0,2
986296,01/10/2011,Sábado,10:00:00,RN,101,132.0,GOIANINHA,Outras,Saída de Pista,Com Vítimas Feridas,Pleno dia,Decrescente,Sol,Dupla,Reta,Rural,2011,2,0,0,1,0,1,1,2
986325,05/10/2011,Quarta,06:50:00,RN,405,1.4,MOSSORO,Falta de atenção,Colisão com bicicleta,Com Vítimas Feridas,Pleno dia,Decrescente,Ceu Claro,Dupla,Reta,Urbano,2011,3,0,2,0,1,0,2,2
986338,01/10/2011,Sábado,20:10:00,RN,101,106.0,PARNAMIRIM,Desobediência à sinalização,Colisão lateral,Sem Vítimas,Plena noite,Decrescente,Ceu Claro,Dupla,Reta,Urbano,2011,2,0,0,0,2,0,0,2
986452,05/10/2011,Quarta,11:30:00,RN,304,58.5,MOSSORO,Outras,Saída de Pista,Com Vítimas Feridas,Pleno dia,Crescente,Ceu Claro,Simples,Reta,Rural,2011,1,0,1,0,0,0,1,1
986458,01/10/2011,Sábado,19:30:00,RN,101,102.3,PARNAMIRIM,Não guardar distância de segurança,Colisão traseira,Com Vítimas Feridas,Plena noite,Decrescente,Ceu Claro,Dupla,Reta,Urbano,2011,2,0,0,1,0,1,1,2
986498,05/10/2011,Quarta,08:30:00,RN,101,95.2,NATAL,Não guardar distância de segurança,Colisão lateral,Com Vítimas Feridas,Pleno dia,Decrescente,Sol,Múltipla,Reta,Urbano,2011,5,0,2,0,3,0,2,4
986513,05/10/2011,Quarta,09:45:00,RN,101,95.8,NATAL,Falta de atenção,Colisão Transversal,Sem Vítimas,Pleno dia,Crescente,Ceu Claro,Dupla,Reta,Urbano,2011,2,0,0,0,2,0,0,2
986516,05/10/2011,Quarta,14:30:00,RN,101,80.6,NATAL,Não guardar distância de segurança,Colisão traseira,Com Vítimas Feridas,Pleno dia,Crescente,Ceu Claro,Dupla,Cruzamento,Urbano,2011,2,0,1,0,1,0,1,2
986525,05/10/2011,Quarta,13:00:00,RN,101,96.9,NATAL,Não guardar distância de segurança,Colisão traseira,Com Vítimas Feridas,Pleno dia,Crescente,Ceu Claro,Dupla,Reta,Urbano,2011,2,0,1,0,1,0,1,2
986536,05/10/2011,Quarta,06:40:00,RN,304,296.9,MACAIBA,Falta de atenção,Colisão traseira,Sem Vítimas,Pleno dia,Decrescente,Sol,Simples,Reta,Urbano,2011,2,0,0,0,2,0,0,2
986617,05/10/2011,Quarta,14:00:00,RN,110,50.0,MOSSORO,Falta de atenção,Colisão com bicicleta,Com Vítimas Feridas,Pleno dia,Crescente,Ceu Claro,Dupla,Reta,Urbano,2011,2,0,1,0,1,0,1,2
986697,05/10/2011,Quarta,16:00:00,RN,101,94.5,NATAL,Falta de atenção,Colisão traseira,Sem Vítimas,Pleno dia,Crescente,Sol,Múltipla,Reta,Urbano,2011,3,0,0,0,3,0,0,3
986893,30/09/2011,Sexta,13:00:00,RN,226,17.0,MACAIBA,Falta de atenção,Colisão lateral,Com Vítimas Feridas,Pleno dia,Decrescente,Sol,Simples,Reta,Urbano,2011,2,0,0,1,1,0,1,2
986894,05/10/2011,Quarta,10:30:00,RN,405,152.0,PAU DOS FERROS,Outras,Atropelamento de pessoa,Com Vítimas Feridas,Pleno dia,Crescente,Ceu Claro,Simples,Reta,Urbano,2011,2,0,0,1,1,0,1,1
986919,06/10/2011,Quinta,06:55:00,RN,304,297.2,MACAIBA,Outras,Colisão Transversal,Com Vítimas Feridas,Pleno dia,Decrescente,Sol,Simples,Reta,Urbano,2011,2,0,1,0,1,0,1,2
986924,30/09/2011,Sexta,17:35:00,RN,101,97.5,NATAL,Falta de atenção,Colisão traseira,Sem Vítimas,Anoitecer,Crescente,Ceu Claro,Múltipla,Reta,Urbano,2011,2,0,0,0,2,0,0,2
986953,06/10/2011,Quinta,10:30:00,RN,101,84.8,NATAL,Falta de atenção,Colisão traseira,Sem Vítimas,Pleno dia,Crescente,Ceu Claro,Múltipla,Reta,Urbano,2011,2,0,0,0,2,0,0,2
986965,06/10/2011,Quinta,09:55:00,RN,101,86.0,SAO GONCALO DO AMARANTE,Falta de atenção,Colisão lateral,Sem Vítimas,Pleno dia,Crescente,Ceu Claro,Múltipla,Reta,Urbano,2011,2,0,0,0,1,1,0,2
986998,06/10/2011,Quinta,12:20:00,RN,101,106.3,PARNAMIRIM,Defeito mecânico em veículo,Colisão traseira,Sem Vítimas,Pleno dia,Decrescente,Ceu Claro,Dupla,Reta,Urbano,2011,3,0,0,0,3,0,0,3
987067,06/10/2011,Quinta,15:30:00,RN,304,293.8,MACAIBA,Falta de atenção,Colisão traseira,Sem Vítimas,Pleno dia,Crescente,Ceu Claro,Simples,Reta,Rural,2011,2,0,0,0,2,0,0,2
987070,06/10/2011,Quinta,13:00:00,RN,101,177.0,CANGUARETAMA,Outras,Colisão lateral,Sem Vítimas,Pleno dia,Decrescente,Ceu Claro,Dupla,Curva,Rural,2011,2,0,0,0,1,1,0,2
987112,03/10/2011,Segunda,04:30:00,RN,101,99.8,NATAL,Outras,Capotamento,Sem Vítimas,Amanhecer,Crescente,Ceu Claro,Múltipla,Reta,Urbano,2011,1,0,0,0,1,0,0,1
987300,06/10/2011,Quinta,22:30:00,RN,304,45.5,MOSSORO,Ingestão de álcool,Queda de motocicleta / bicicleta / veículo,Com Vítimas Feridas,Plena noite,Decrescente,Ceu Claro,Simples,Reta,Urbano,2011,1,0,1,0,0,0,1,1
987315,02/10/2011,Domingo,16:45:00,RN,405,147.9,PAU DOS FERROS,Outras,Saída de Pista,Com Vítimas Feridas,Anoitecer,Crescente,Ceu Claro,Simples,Reta,Rural,2011,2,0,1,1,0,0,2,1
987317,06/10/2011,Quinta,15:30:00,RN,405,151.8,PAU DOS FERROS,Falta de atenção,Colisão Transversal,Com Vítimas Feridas,Pleno dia,Decrescente,Ceu Claro,Dupla,Reta,Urbano,2011,2,0,0,1,1,0,1,2
987321,06/10/2011,Quinta,18:00:00,RN,110,27.6,MOSSORO,Falta de atenção,Colisão Transversal,Com Vítimas Feridas,Anoitecer,Crescente,Ceu Claro,Simples,Reta,Rural,2011,2,0,1,0,0,1,1,2
987440,07/10/2011,Sexta,05:40:00,RN,226,167.1,CURRAIS NOVOS,Outras,Capotamento,Com Vítimas Fatais,Amanhecer,Decrescente,Ceu Claro,Simples,Curva,Rural,2011,1,1,0,0,0,0,0,1
987459,06/10/2011,Quinta,04:22:00,RN,101,106.1,PARNAMIRIM,Outras,Queda de motocicleta / bicicleta / veículo,Com Vítimas Feridas,Plena noite,Decrescente,Ceu Claro,Dupla,Reta,Urbano,2011,2,0,0,1,1,0,1,1
987463,07/10/2011,Sexta,06:50:00,RN,101,81.5,SAO GONCALO DO AMARANTE,Animais na Pista,Colisão lateral,Sem Vítimas,Pleno dia,Crescente,Ceu Claro,Dupla,Reta,Urbano,2011,2,0,0,0,2,0,0,2
987497,07/10/2011,Sexta,08:30:00,RN,101,84.9,SAO GONCALO DO AMARANTE,Outras,Colisão lateral,Sem Vítimas,Pleno dia,Crescente,Ceu Claro,Dupla,Reta,Urbano,2011,2,0,0,0,2,0,0,2
987531,07/10/2011,Sexta,10:00:00,RN,101,106.0,PARNAMIRIM,Não guardar distância de segurança,Colisão traseira,Sem Vítimas,Pleno dia,Crescente,Sol,Dupla,Reta,Urbano,2011,2,0,0,0,2,0,0,2
987574,07/10/2011,Sexta,11:30:00,RN,101,84.9,NATAL,Outras,Colisão lateral,Sem Vítimas,Pleno dia,Decrescente,Ceu Claro,Dupla,Reta,Urbano,2011,2,0,0,0,2,0,0,2