id,data_inversa,dia_semana,horario,uf,br,km,municipio,causa_acidente,tipo_acidente,classificacao_acidente,fase_dia,sentido_via,condicao_metereologica,tipo_pista,tracado_via,uso_solo,ano,pessoas,mortos,feridos_leves,feridos_graves,ilesos,ignorados,feridos,veiculos
987713,07/10/2011,Sexta,18:40:00,RN,101,103.3,NATAL,Falta de atenção,Colisão traseira,Sem Vítimas,Plena noite,Decrescente,Ceu Claro,Dupla,Cruzamento,Urbano,2011,2,0,0,0,2,0,0,2
987785,07/10/2011,Sexta,19:50:00,RN,101,103.6,NATAL,Ingestão de álcool,Colisão traseira,Com Vítimas Feridas,Plena noite,Decrescente,Ceu Claro,Múltipla,Reta,Urbano,2011,2,0,0,1,1,0,1,2
987790,07/10/2011,Sexta,20:30:00,RN,101,121.0,SAO JOSE DE MIPIBU,Outras,Colisão traseira,Sem Vítimas,Plena noite,Decrescente,Ceu Claro,Dupla,Reta,Rural,2011,2,0,0,0,1,1,0,2
987800,07/10/2011,Sexta,11:20:00,RN,304,305.0,PARNAMIRIM,Ultrapassagem indevida,Colisão traseira,Sem Vítimas,Pleno dia,Crescente,Sol,Dupla,Reta,Rural,2011,2,0,0,0,2,0,0,2
987901,07/10/2011,Sexta,13:45:00,RN,226,0.9,NATAL,Outras,Colisão Transversal,Sem Vítimas,Pleno dia,Crescente,Sol,Dupla,Reta,Urbano,2011,2,0,0,0,2,0,0,2
987957,08/10/2011,Sábado,07:40:00,RN,101,125.0,SAO JOSE DE MIPIBU,Falta de atenção,Colisão traseira,Sem Vítimas,Pleno dia,Decrescente,Ceu Claro,Dupla,Reta,Urbano,2011,2,0,0,0,2,0,0,2
987979,05/10/2011,Quarta,13:00:00,RN,304,34.0,MOSSORO,Desobediência à sinalização,Colisão Transversal,Com Vítimas Feridas,Pleno dia,Crescente,Ceu Claro,Simples,Cruzamento,Urbano,2011,3,0,1,0,2,0,1,2
988049,04/10/2011,Terça,07:30:00,RN,101,102.0,PARNAMIRIM,Desobediência à sinalização,Colisão traseira,Com Vítimas Feridas,Pleno dia,Decrescente,Sol,Dupla,Cruzamento,Urbano,2011,2,0,1,0,0,1,1,2
988065,05/10/2011,Quarta,20:15:00,RN,304,262.7,SAO PAULO DO POTENGI,Falta de atenção,Colisão traseira,Com Vítimas Fatais,Plena noite,Decrescente,Ceu Claro,Simples,Reta,Rural,2011,3,1,1,0,1,0,1,2
988077,04/10/2011,Terça,10:30:00,RN,101,100.1,NATAL,Falta de atenção,Colisão traseira,Sem Vítimas,Pleno dia,Crescente,Sol,Dupla,Reta,Urbano,2011,3,0,0,0,3,0,0,3
988100,04/10/2011,Terça,13:20:00,RN,101,99.0,NATAL,Falta de atenção,Colisão com objeto fixo,Sem Vítimas,Pleno dia,Decrescente,Sol,Dupla,Reta,Urbano,2011,1,0,0,0,1,0,0,1
988108,05/10/2011,Quarta,12:00:00,RN,406,163.0,CEARA-MIRIM,Outras,Colisão Transversal,Com Vítimas Feridas,Pleno dia,Decrescente,Ceu Claro,Simples,Reta,Rural,2011,2,0,1,0,1,0,1,2
988233,09/10/2011,Domingo,18:00:00,RN,101,100.4,PARNAMIRIM,Falta de atenção,Colisão traseira,Com Vítimas Feridas,Plena noite,Decrescente,Ceu Claro,Dupla,Reta,Urbano,2011,2,0,1,0,1,0,1,2
988292,09/10/2011,Domingo,17:00:00,RN,101,103.7,PARNAMIRIM,Não guardar distância de segurança,Colisão traseira,Com Vítimas Feridas,Pleno dia,Crescente,Ceu Claro,Dupla,Reta,Urbano,2011,2,0,1,0,1,0,1,2
988377,09/10/2011,Domingo,18:45:00,RN,101,159.2,CANGUARETAMA,Desobediência à sinalização,Colisão frontal,Com Vítimas Feridas,Plena noite,Decrescente,Ceu Claro,Dupla,Reta,Urbano,2011,2,0,2,0,0,0,2,2
988392,09/10/2011,Domingo,21:30:00,RN,304,37.0,MOSSORO,Falta de atenção,Queda de motocicleta / bicicleta / veículo,Com Vítimas Feridas,Plena noite,Crescente,Ceu Claro,Simples,Reta,Urbano,2011,3,0,2,0,0,1,2,2
988496,10/10/2011,Segunda,00:40:00,RN,101,128.8,SAO JOSE DE MIPIBU,Outras,Saída de Pista,Ignorado,Plena noite,Crescente,Ceu Claro,Dupla,Reta,Rural,2011,1,0,0,0,0,1,0,1
988544,08/10/2011,Sábado,16:00:00,RN,101,95.9,NATAL,Outras,Colisão lateral,Sem Vítimas,Pleno dia,Decrescente,Sol,Dupla,Reta,Urbano,2011,2,0,0,0,2,0,0,2
988570,07/10/2011,Sexta,06:20:00,RN,101,97.5,NATAL,Desobediência à sinalização,Colisão lateral,Sem Vítimas,Pleno dia,Decrescente,Ceu Claro,Dupla,Reta,Urbano,2011,2,0,0,0,1,1,0,2
988652,09/10/2011,Domingo,04:25:00,RN,226,14.4,MACAIBA,Outras,Colisão frontal,Com Vítimas Feridas,Amanhecer,Crescente,Ceu Claro,Simples,Curva,Rural,2011,2,0,1,0,1,0,1,2
988692,08/10/2011,Sábado,10:40:00,RN,101,99.8,NATAL,Falta de atenção,Colisão lateral,Sem Vítimas,Pleno dia,Crescente,Ceu Claro,Dupla,Reta,Urbano,2011,2,0,0,0,2,0,0,2
988735,10/10/2011,Segunda,06:15:00,RN,101,79.2,NATAL,Falta de atenção,Colisão Transversal,Com Vítimas Feridas,Pleno dia,Decrescente,Sol,Dupla,Reta,Urbano,2011,2,0,1,0,1,0,1,2
988738,10/10/2011,Segunda,11:45:00,RN,304,295.2,MACAIBA,Outras,Colisão traseira,Sem Vítimas,Pleno dia,Decrescente,Sol,Simples,Reta,Rural,2011,3,0,0,0,3,0,0,3
988740,10/10/2011,Segunda,07:22:00,RN,101,97.0,NATAL,Não guardar distância de segurança,Colisão traseira,Sem Vítimas,Pleno dia,Decrescente,Chuva,Dupla,Reta,Urbano,2011,3,0,0,0,3,0,0,3
988742,06/10/2011,Quinta,07:45:00,RN,304,35.0,MOSSORO,Falta de atenção,Colisão lateral,Sem Vítimas,Pleno dia,Decrescente,Sol,Simples,Cruzamento,Urbano,2011,2,0,0,0,2,0,0,2
988778,10/10/2011,Segunda,07:05:00,RN,101,85.5,NATAL,Falta de atenção,Colisão Transversal,Sem Vítimas,Pleno dia,Decrescente,Ceu Claro,Dupla,Reta,Urbano,2011,2,0,0,0,2,0,0,2
988849,03/10/2011,Segunda,03:15:00,RN,101,96.5,NATAL,Falta de atenção,Capotamento,Com Vítimas Feridas,Plena noite,Decrescente,Ceu Claro,Múltipla,Reta,Urbano,2011,1,0,1,0,0,0,1,1
988940,10/10/2011,Segunda,17:20:00,RN,101,106.7,PARNAMIRIM,Falta de atenção,Colisão lateral,Sem Vítimas,Pleno dia,Crescente,Ceu Claro,Dupla,Reta,Urbano,2011,2,0,0,0,2,0,0,2
989011,10/10/2011,Segunda,14:15:00,RN,101,100.3,PARNAMIRIM,Outras,Colisão traseira,Sem Vítimas,Pleno dia,Decrescente,Ceu Claro,Dupla,Reta,Urbano,2011,3,0,0,0,2,1,0,3
989140,10/10/2011,Segunda,17:15:00,RN,304,36.0,MOSSORO,Outras,Colisão lateral,Com Vítimas Feridas,Anoitecer,Crescente,Ceu Claro,Simples,Cruzamento,Urbano,2011,2,0,1,0,1,0,1,2
989160,25/09/2011,Domingo,18:00:00,RN,304,37.0,MOSSORO,Ingestão de álcool,Colisão lateral,Com Vítimas Feridas,Plena noite,Crescente,Ceu Claro,Simples,Reta,Urbano,2011,3,0,1,0,2,0,1,2
989166,02/10/2011,Domingo,18:36:00,RN,405,75.0,APODI,Não guardar distância de segurança,Colisão traseira,Com Vítimas Feridas,Plena noite,Crescente,Ceu Claro,Simples,Curva,Rural,2011,3,0,3,0,0,0,3,2
989169,10/10/2011,Segunda,13:40:00,RN,226,272.8,TRIUNFO POTIGUAR,Defeito mecânico em veículo,Capotamento,Sem Vítimas,Pleno dia,Crescente,Ceu Claro,Simples,Reta,Rural,2011,1,0,0,0,1,0,0,1
989237,07/10/2011,Sexta,20:00:00,RN,406,65.0,JANDAIRA,Outras,Colisão frontal,Com Vítimas Fatais,Plena noite,Decrescente,Ceu Claro,Simples,Reta,Rural,2011,9,3,2,4,0,0,6,2
989264,11/10/2011,Terça,07:10:00,RN,110,47.4,MOSSORO,Não guardar distância de segurança,Colisão traseira,Sem Vítimas,Pleno dia,Decrescente,Ceu Claro,Simples,Reta,Urbano,2011,2,0,0,0,2,0,0,2
989276,11/10/2011,Terça,08:20:00,RN,304,43.0,MOSSORO,Falta de atenção,Colisão Transversal,Sem Vítimas,Pleno dia,Crescente,Ceu Claro,Simples,Cruzamento,Urbano,2011,2,0,0,0,2,0,0,2
989295,08/10/2011,Sábado,23:10:00,RN,304,38.9,MOSSORO,Falta de atenção,Colisão Transversal,Sem Vítimas,Plena noite,Crescente,Ceu Claro,Simples,Reta,Urbano,2011,2,0,0,0,2,0,0,2
989359,11/10/2011,Terça,11:00:00,RN,406,148.0,CEARA-MIRIM,Outras,Derramamento de Carga,Sem Vítimas,Pleno dia,Crescente,Ceu Claro,Simples,Reta,Urbano,2011,2,0,0,0,2,0,0,2
990767,10/10/2011,Segunda,22:40:00,RN,226,79.2,SERRA CAIADA,Falta de atenção,Colisão frontal,Com Vítimas Fatais,Plena noite,Crescente,Ceu Claro,Simples,Curva,Rural,2011,4,1,0,3,0,0,3,2
990825,14/10/2011,Sexta,18:40:00,RN,101,100.5,PARNAMIRIM,Falta de atenção,Colisão traseira,Sem Vítimas,Plena noite,Crescente,Ceu Claro,Dupla,Reta,Urbano,2011,2,0,0,0,2,0,0,2
991047,15/10/2011,Sábado,00:10:00,RN,304,10.1,MOSSORO,Animais na Pista,Atropelamento de animal,Sem Vítimas,Plena noite,Decrescente,Ceu Claro,Simples,Reta,Rural,2011,1,0,0,0,1,0,0,1
991272,09/10/2011,Domingo,15:50:00,RN,226,0.8,NATAL,Falta de atenção,Colisão lateral,Sem Vítimas,Pleno dia,Crescente,Ceu Claro,Dupla,Reta,Urbano,2011,2,0,0,0,2,0,0,2
991319,11/10/2011,Terça,15:00:00,RN,226,106.0,SANTA CRUZ,Outras,Saída de Pista,Sem Vítimas,Pleno dia,Decrescente,Sol,Simples,Reta,Rural,2011,3,0,0,0,1,2,0,3
991521,11/10/2011,Terça,15:05:00,RN,101,96.6,NATAL,Falta de atenção,Colisão lateral,Sem Vítimas,Pleno dia,Crescente,Ceu Claro,Dupla,Reta,Urbano,2011,2,0,0,0,2,0,0,2
991610,07/10/2011,Sexta,08:30:00,RN,101,85.7,SAO GONCALO DO AMARANTE,Não guardar distância de segurança,Colisão traseira,Sem Vítimas,Pleno dia,Crescente,Ceu Claro,Dupla,Reta,Urbano,2011,3,0,0,0,3,0,0,3
991621,15/10/2011,Sábado,07:00:00,RN,101,105.9,PARNAMIRIM,Falta de atenção,Colisão traseira,Sem Vítimas,Pleno dia,Decrescente,Ceu Claro,Dupla,Cruzamento,Urbano,2011,3,0,0,0,3,0,0,3
991631,15/10/2011,Sábado,12:00:00,RN,101,109.6,PARNAMIRIM,Falta de atenção,Colisão traseira,Sem Vítimas,Pleno dia,Crescente,Ceu Claro,Dupla,Reta,Urbano,2011,2,0,0,0,2,0,0,2
991649,15/10/2011,Sábado,13:30:00,RN,101,85.0,NATAL,Outras,Colisão traseira,Com Vítimas Feridas,Pleno dia,Decrescente,Ceu Claro,Simples,Curva,Urbano,2011,3,0,0,1,2,0,1,2
991682,15/10/2011,Sábado,14:50:00,RN,101,99.6,NATAL,Falta de atenção,Colisão traseira,Sem Vítimas,Pleno dia,Decrescente,Ceu Claro,Dupla,Reta,Urbano,2011,2,0,0,0,1,1,0,2
991860,15/10/2011,Sábado,14:00:00,RN,304,34.0,MOSSORO,Ingestão de álcool,Queda de motocicleta / bicicleta / veículo,Sem Vítimas,Pleno dia,Crescente,Ceu Claro,Simples,Reta,Urbano,2011,1,0,0,0,1,0,0,1
991935,15/10/2011,Sábado,14:45:00,RN,304,147.7,ANGICOS,Falta de atenção,Colisão Transversal,Com Vítimas Fatais,Pleno dia,Crescente,Nublado,Simples,Reta,Rural,2011,4,3,0,0,0,1,0,2
991974,15/10/2011,Sábado,22:40:00,RN,101,83.0,NATAL,Falta de atenção,Atropelamento de pessoa,Com Vítimas Feridas,Plena noite,Decrescente,Ceu Claro,Dupla,Reta,Urbano,2011,2,0,2,0,0,0,2,1
991987,12/10/2011,Quarta,05:50:00,RN,101,99.7,NATAL,Outras,Colisão lateral,Com Vítimas Feridas,Pleno dia,Crescente,Ceu Claro,Múltipla,Cruzamento,Urbano,2011,2,0,0,1,1,0,1,2
992034,15/10/2011,Sábado,17:30:00,RN,101,108.6,PARNAMIRIM,Falta de atenção,Colisão Transversal,Sem Vítimas,Anoitecer,Crescente,Ceu Claro,Dupla,Cruzamento,Urbano,2011,2,0,0,0,1,1,0,2
992056,15/10/2011,Sábado,22:30:00,RN,406,63.2,SAO GONCALO DO AMARANTE,Animais na Pista,Atropelamento de animal,Com Vítimas Feridas,Plena noite,Decrescente,Ceu Claro,Simples,Reta,Rural,2011,1,0,1,0,0,0,1,1
992059,15/10/2011,Sábado,20:40:00,RN,226,2.4,NATAL,Animais na Pista,Atropelamento de animal,Com Vítimas Feridas,Plena noite,Decrescente,Ceu Claro,Dupla,Reta,Urbano,2011,2,0,0,1,1,0,1,2
992318,08/10/2011,Sábado,19:45:00,RN,101,97.2,NATAL,Outras,Colisão Transversal,Sem Vítimas,Plena noite,Crescente,Ceu Claro,Múltipla,Reta,Urbano,2011,2,0,0,0,2,0,0,2
992321,08/10/2011,Sábado,11:15:00,RN,101,105.4,PARNAMIRIM,Não guardar distância de segurança,Colisão traseira,Sem Vítimas,Pleno dia,Decrescente,Sol,Dupla,Reta,Urbano,2011,2,0,0,0,2,0,0,2
992352,04/10/2011,Terça,07:45:00,RN,101,100.2,NATAL,Falta de atenção,Colisão traseira,Sem Vítimas,Pleno dia,Crescente,Ceu Claro,Dupla,Reta,Urbano,2011,3,0,0,0,3,0,0,3
992366,08/10/2011,Sábado,21:20:00,RN,101,160.0,CANGUARETAMA,Ingestão de álcool,Saída de Pista,Sem Vítimas,Plena noite,Decrescente,Ceu Claro,Dupla,Reta,Urbano,2011,1,0,0,0,1,0,0,1
992389,09/10/2011,Domingo,01:10:00,RN,101,97.9,NATAL,Ingestão de álcool,Colisão traseira,Sem Vítimas,Plena noite,Crescente,Ceu Claro,Múltipla,Reta,Urbano,2011,2,0,0,0,2,0,0,2
992467,16/10/2011,Domingo,06:20:00,RN,101,97.2,NATAL,Ingestão de álcool,Colisão com objeto fixo,Com Vítimas Feridas,Pleno dia,Decrescente,Ceu Claro,Dupla,Reta,Urbano,2011,1,0,0,1,0,0,1,1
992470,14/10/2011,Sexta,10:15:00,RN,304,193.0,LAJES,Falta de atenção,Colisão traseira,Sem Vítimas,Pleno dia,Decrescente,Sol,Simples,Reta,Urbano,2011,2,0,0,0,2,0,0,2
992581,16/10/2011,Domingo,07:20:00,RN,304,306.0,PARNAMIRIM,Outras,Colisão com objeto fixo,Sem Vítimas,Pleno dia,Crescente,Nublado,Dupla,Reta,Rural,2011,1,0,0,0,1,0,0,1
992644,16/10/2011,Domingo,09:50:00,RN,101,116.6,SAO JOSE DE MIPIBU,Falta de atenção,Colisão traseira,Com Vítimas Feridas,Pleno dia,Crescente,Nublado,Dupla,Reta,Rural,2011,2,0,1,0,1,0,1,2
992684,08/10/2011,Sábado,07:30:00,RN,101,108.5,PARNAMIRIM,Falta de atenção,Colisão Transversal,Com Vítimas Feridas,Pleno dia,Decrescente,Nublado,Dupla,Curva,Urbano,2011,5,0,4,0,1,0,4,2
992717,16/10/2011,Domingo,16:00:00,RN,304,34.3,MOSSORO,Falta de atenção,Colisão traseira,Sem Vítimas,Pleno dia,Crescente,Ceu Claro,Simples,Cruzamento,Urbano,2011,2,0,0,0,1,1,0,2
992732,08/10/2011,Sábado,19:50:00,RN,101,95.9,NATAL,Falta de atenção,Colisão traseira,Sem Vítimas,Plena noite,Crescente,Ceu Claro,Dupla,Reta,Urbano,2011,2,0,0,0,2,0,0,2
992785,12/10/2011,Quarta,21:30:00,RN,304,281.0,MACAIBA,Outras,Capotamento,Com Vítimas Feridas,Plena noite,Crescente,Nublado,Simples,Curva,Rural,2011,3,0,3,0,0,0,3,1
992798,16/10/2011,Domingo,18:30:00,RN,226,114.8,SANTA CRUZ,Outras,Colisão lateral,Com Vítimas Feridas,Plena noite,Crescente,Ceu Claro,Simples,Reta,Rural,2011,2,0,0,1,1,0,1,2
992907,16/10/2011,Domingo,19:40:00,RN,101,157.5,CANGUARETAMA,Outras,Colisão traseira,Com Vítimas Fatais,Plena noite,Decrescente,Ceu Claro,Dupla,Reta,Rural,2011,2,1,0,0,0,1,0,2
993092,27/08/2011,Sábado,20:05:00,RN,101,98.9,NATAL,Não guardar distância de segurança,Colisão traseira,Com Vítimas Fatais,Plena noite,Crescente,Ceu Claro,Múltipla,Reta,Urbano,2011,2,1,0,0,1,0,0,2
993215,17/10/2011,Segunda,10:00:00,RN,226,1.2,NATAL,Falta de atenção,Colisão lateral,Sem Vítimas,Pleno dia,Crescente,Ceu Claro,Dupla,Reta,Urbano,2011,2,0,0,0,2,0,0,2
993239,17/10/2011,Segunda,11:05:00,RN,304,304.7,MACAIBA,Falta de atenção,Atropelamento de pessoa,Com Vítimas Feridas,Pleno dia,Crescente,Sol,Dupla,Reta,Rural,2011,2,0,0,1,1,0,1,1
993262,03/10/2011,Segunda,18:45:00,RN,226,337.9,PATU,Desobediência à sinalização,Colisão Transversal,Com Vítimas Fatais,Plena noite,Decrescente,Ceu Claro,Simples,Cruzamento,Rural,2011,2,1,0,0,1,0,0,2
993310,17/10/2011,Segunda,06:50:00,RN,101,98.3,NATAL,Falta de atenção,Colisão traseira,Sem Vítimas,Pleno dia,Decrescente,Sol,Múltipla,Reta,Urbano,2011,3,0,0,0,3,0,0,3
993383,15/10/2011,Sábado,17:50:00,RN,101,120.2,SAO JOSE DE MIPIBU,Animais na Pista,Atropelamento de animal,Com Vítimas Feridas,Plena noite,Crescente,Ceu Claro,Dupla,Reta,Rural,2011,1,0,1,0,0,0,1,1
993397,11/10/2011,Terça,21:20:00,RN,101,84.8,NATAL,Falta de atenção,Colisão traseira,Com Vítimas Feridas,Plena noite,Decrescente,Ceu Claro,Dupla,Reta,Urbano,2011,2,0,0,1,1,0,1,2
993408,13/10/2011,Quinta,22:30:00,RN,101,105.8,PARNAMIRIM,Outras,Tombamento,Com Vítimas Feridas,Plena noite,Decrescente,Ceu Claro,Múltipla,Reta,Urbano,2011,1,0,0,1,0,0,1,1
993415,17/10/2011,Segunda,09:00:00,RN,101,107.2,PARNAMIRIM,Desobediência à sinalização,Colisão lateral,Sem Vítimas,Pleno dia,Decrescente,Sol,Dupla,Reta,Urbano,2011,2,0,0,0,2,0,0,2
993427,13/10/2011,Quinta,10:45:00,RN,101,121.0,SAO JOSE DE MIPIBU,Não guardar distância de segurança,Colisão traseira,Sem Vítimas,Pleno dia,Decrescente,Sol,Dupla,Reta,Rural,2011,2,0,0,0,2,0,0,2
993430,15/10/2011,Sábado,13:50:00,RN,101,96.8,NATAL,Falta de atenção,Colisão traseira,Sem Vítimas,Pleno dia,Decrescente,Sol,Múltipla,Reta,Urbano,2011,2,0,0,0,2,0,0,2
993483,17/10/2011,Segunda,16:30:00,RN,226,3.5,MACAIBA,Outras,Capotamento,Com Vítimas Feridas,Pleno dia,Decrescente,Sol,Simples,Curva,Urbano,2011,1,0,1,0,0,0,1,1
993592,17/10/2011,Segunda,18:30:00,RN,406,152.0,CEARA-MIRIM,Não guardar distância de segurança,Colisão traseira,Sem Vítimas,Plena noite,Crescente,Ceu Claro,Simples,Reta,Urbano,2011,2,0,0,0,2,0,0,2
993620,17/10/2011,Segunda,19:30:00,RN,101,85.0,SAO GONCALO DO AMARANTE,Outras,Colisão lateral,Com Vítimas Feridas,Plena noite,Crescente,Ceu Claro,Dupla,Reta,Urbano,2011,2,0,1,0,0,1,1,2
993663,17/10/2011,Segunda,09:00:00,RN,101,107.2,PARNAMIRIM,Falta de atenção,Colisão traseira,Sem Vítimas,Pleno dia,Decrescente,Sol,Dupla,Reta,Urbano,2011,2,0,0,0,2,0,0,2
993665,17/10/2011,Segunda,10:10:00,RN,226,0.2,NATAL,Falta de atenção,Colisão lateral,Sem Vítimas,Pleno dia,Decrescente,Sol,Simples,Reta,Urbano,2011,2,0,0,0,2,0,0,2
993718,17/10/2011,Segunda,07:30:00,RN,304,47.0,MOSSORO,Desobediência à sinalização,Colisão Transversal,Sem Vítimas,Pleno dia,Decrescente,Ceu Claro,Simples,Curva,Urbano,2011,2,0,0,0,2,0,0,2
993723,13/10/2011,Quinta,14:40:00,RN,101,101.9,PARNAMIRIM,Outras,Colisão traseira,Sem Vítimas,Pleno dia,Decrescente,Sol,Múltipla,Reta,Urbano,2011,2,0,0,0,2,0,0,2
993770,13/10/2011,Quinta,17:20:00,RN,101,107.3,PARNAMIRIM,Outras,Atropelamento de pessoa,Com Vítimas Feridas,Anoitecer,Crescente,Ceu Claro,Dupla,Reta,Urbano,2011,2,0,2,0,0,0,2,1
993784,17/10/2011,Segunda,18:10:00,RN,101,169.9,CANGUARETAMA,Falta de atenção,Colisão traseira,Sem Vítimas,Plena noite,Crescente,Ceu Claro,Dupla,Reta,Rural,2011,2,0,0,0,2,0,0,2
993879,10/10/2011,Segunda,08:40:00,RN,101,96.5,NATAL,Falta de atenção,Colisão traseira,Sem Vítimas,Amanhecer,Decrescente,Ceu Claro,Dupla,Reta,Urbano,2011,2,0,0,0,2,0,0,2
994032,18/10/2011,Terça,08:00:00,RN,101,94.4,NATAL,Falta de atenção,Colisão lateral,Sem Vítimas,Pleno dia,Decrescente,Ceu Claro,Múltipla,Cruzamento,Urbano,2011,2,0,0,0,2,0,0,2
994251,12/10/2011,Quarta,15:10:00,RN,101,96.2,NATAL,Outras,Colisão traseira,Sem Vítimas,Pleno dia,Crescente,Sol,Dupla,Reta,Urbano,2011,2,0,0,0,2,0,0,2
994265,18/10/2011,Terça,13:50:00,RN,101,97.5,NATAL,Falta de atenção,Colisão traseira,Sem Vítimas,Pleno dia,Decrescente,Ceu Claro,Dupla,Cruzamento,Urbano,2011,2,0,0,0,2,0,0,2
994284,18/10/2011,Terça,16:15:00,RN,101,95.6,NATAL,Outras,Colisão traseira,Sem Vítimas,Pleno dia,Crescente,Sol,Dupla,Reta,Urbano,2011,2,0,0,0,2,0,0,2
994297,10/10/2011,Segunda,18:00:00,RN,406,160.6,SAO GONCALO DO AMARANTE,Outras,Colisão traseira,Com Vítimas Feridas,Plena noite,Decrescente,Vento,Simples,Reta,Rural,2011,4,0,3,1,0,0,4,2
994306,18/10/2011,Terça,16:35:00,RN,406,148.0,CEARA-MIRIM,Não guardar distância de segurança,Colisão traseira,Sem Vítimas,Pleno dia,Decrescente,Ceu Claro,Simples,Reta,Rural,2011,2,0,0,0,2,0,0,2
994410,18/10/2011,Terça,19:10:00,RN,101,99.9,NATAL,Falta de atenção,Colisão traseira,Sem Vítimas,Plena noite,Decrescente,Vento,Dupla,Cruzamento,Urbano,2011,2,0,0,0,2,0,0,2
994433,18/10/2011,Terça,19:10:00,RN,101,80.6,NATAL,Outras,Colisão lateral,Sem Vítimas,Plena noite,Crescente,Vento,Dupla,Cruzamento,Urbano,2011,2,0,0,0,2,0,0,2
994460,12/10/2011,Quarta,04:40:00,RN,101,94.4,NATAL,Não guardar distância de segurança,Colisão traseira,Sem Vítimas,Amanhecer,Decrescente,Ceu Claro,Dupla,Reta,Urbano,2011,2,0,0,0,1,1,0,2
994491,18/10/2011,Terça,19:00:00,RN,226,108.8,SANTA CRUZ,Outras,Colisão com objeto fixo,Com Vítimas Feridas,Plena noite,Decrescente,Ignorada,Simples,Reta,Rural,2011,1,0,0,1,0,0,1,1
994499,18/10/2011,Terça,12:50:00,RN,101,96.0,NATAL,Falta de atenção,Colisão lateral,Sem Vítimas,Pleno dia,Decrescente,Ceu Claro,Múltipla,Reta,Urbano,2011,2,0,0,0,2,0,0,2
994501,18/10/2011,Terça,22:00:00,RN,101,100.1,PARNAMIRIM,Outras,Queda de motocicleta / bicicleta / veículo,Com Vítimas Feridas,Plena noite,Decrescente,Ceu Claro,Múltipla,Reta,Urbano,2011,2,0,2,0,0,0,2,1
994543,18/10/2011,Terça,23:05:00,RN,101,80.6,NATAL,Animais na Pista,Queda de motocicleta / bicicleta / veículo,Com Vítimas Feridas,Plena noite,Decrescente,Ceu Claro,Dupla,Reta,Urbano,2011,2,0,2,0,0,0,2,1
994547,18/10/2011,Terça,19:30:00,RN,101,96.1,NATAL,Falta de atenção,Colisão traseira,Sem Vítimas,Plena noite,Decrescente,Ceu Claro,Múltipla,Cruzamento,Urbano,2011,2,0,0,0,2,0,0,2
994564,18/10/2011,Terça,20:50:00,RN,101,96.4,NATAL,Falta de atenção,Colisão traseira,Sem Vítimas,Plena noite,Crescente,Ceu Claro,Dupla,Cruzamento,Urbano,2011,2,0,0,0,2,0,0,2
994584,19/10/2011,Quarta,03:00:00,RN,101,99.0,NATAL,Dormindo,Colisão traseira,Sem Vítimas,Plena noite,Crescente,Vento,Dupla,Reta,Urbano,2011,2,0,0,0,2,0,0,2
994655,11/10/2011,Terça,09:15:00,RN,101,94.3,NATAL,Falta de atenção,Colisão traseira,Sem Vítimas,Pleno dia,Decrescente,Sol,Dupla,Reta,Urbano,2011,2,0,0,0,2,0,0,2
994668,17/10/2011,Segunda,07:00:00,RN,101,99.8,NATAL,Outras,Queda de motocicleta / bicicleta / veículo,Com Vítimas Feridas,Pleno dia,Decrescente,Sol,Dupla,Reta,Urbano,2011,1,0,1,0,0,0,1,1
994675,19/10/2011,Quarta,08:00:00,RN,101,84.4,SAO GONCALO DO AMARANTE,Não guardar distância de segurança,Colisão traseira,Sem Vítimas,Pleno dia,Crescente,Ceu Claro,Simples,Reta,Urbano,2011,2,0,0,0,2,0,0,2
994681,17/10/2011,Segunda,15:35:00,RN,101,103.5,PARNAMIRIM,Desobediência à sinalização,Colisão Transversal,Com Vítimas Feridas,Pleno dia,Crescente,Sol,Dupla,Reta,Urbano,2011,2,0,1,0,1,0,1,2
994686,13/10/2011,Quinta,09:35:00,RN,101,100.0,PARNAMIRIM,Falta de atenção,Colisão traseira,Sem Vítimas,Pleno dia,Decrescente,Ceu Claro,Dupla,Cruzamento,Urbano,2011,2,0,0,0,2,0,0,2
994709,09/10/2011,Domingo,04:20:00,RN,101,99.9,NATAL,Outras,Colisão Transversal,Com Vítimas Feridas,Plena noite,Crescente,Ceu Claro,Dupla,Cruzamento,Urbano,2011,2,0,1,0,0,1,1,2
994716,19/10/2011,Quarta,08:00:00,RN,101,84.6,SAO GONCALO DO AMARANTE,Falta de atenção,Colisão traseira,Sem Vítimas,Pleno dia,Crescente,Chuva,Dupla,Reta,Urbano,2011,2,0,0,0,2,0,0,2
994741,19/10/2011,Quarta,10:25:00,RN,101,84.7,SAO GONCALO DO AMARANTE,Outras,Colisão lateral,Sem Vítimas,Pleno dia,Crescente,Nublado,Dupla,Reta,Urbano,2011,2,0,0,0,2,0,0,2
994816,25/09/2011,Domingo,16:00:00,RN,304,221.9,CAICARA DO RIO DO VENTO,Outras,Capotamento,Com Vítimas Feridas,Pleno dia,Crescente,Ceu Claro,Simples,Reta,Rural,2011,5,0,3,1,1,0,4,2