id,data_inversa,dia_semana,horario,uf,br,km,municipio,causa_acidente,tipo_acidente,classificacao_acidente,fase_dia,sentido_via,condicao_metereologica,tipo_pista,tracado_via,uso_solo,ano,pessoas,mortos,feridos_leves,feridos_graves,ilesos,ignorados,feridos,veiculos
994836,14/10/2011,Sexta,08:00:00,RN,405,4.0,MOSSORO,Outras,Colisão lateral,Com Vítimas Feridas,Pleno dia,Decrescente,Sol,Simples,Reta,Urbano,2011,5,0,3,1,1,0,4,3
994863,03/10/2011,Segunda,18:00:00,RN,304,31.7,MOSSORO,Ingestão de álcool,Colisão traseira,Sem Vítimas,Anoitecer,Crescente,Ceu Claro,Simples,Reta,Urbano,2011,2,0,0,0,2,0,0,2
994868,19/10/2011,Quarta,07:50:00,RN,101,96.4,NATAL,Não guardar distância de segurança,Colisão traseira,Sem Vítimas,Pleno dia,Decrescente,Sol,Múltipla,Cruzamento,Urbano,2011,2,0,0,0,2,0,0,2
994869,08/10/2011,Sábado,08:05:00,RN,304,35.4,MOSSORO,Não guardar distância de segurança,Colisão traseira,Sem Vítimas,Pleno dia,Crescente,Ceu Claro,Simples,Curva,Urbano,2011,2,0,0,0,1,1,0,2
994881,03/10/2011,Segunda,15:15:00,RN,304,39.0,MOSSORO,Falta de atenção,Colisão traseira,Com Vítimas Feridas,Pleno dia,Crescente,Ceu Claro,Simples,Reta,Urbano,2011,3,0,1,1,1,0,2,2
994914,19/10/2011,Quarta,14:00:00,RN,101,83.6,NATAL,Falta de atenção,Colisão lateral,Sem Vítimas,Pleno dia,Decrescente,Ceu Claro,Dupla,Reta,Urbano,2011,2,0,0,0,2,0,0,2
994970,19/10/2011,Quarta,07:40:00,RN,101,97.9,NATAL,Não guardar distância de segurança,Colisão traseira,Sem Vítimas,Pleno dia,Crescente,Ceu Claro,Múltipla,Reta,Urbano,2011,3,0,0,0,3,0,0,3
995074,19/10/2011,Quarta,20:00:00,RN,101,74.9,NATAL,Animais na Pista,Atropelamento de animal,Sem Vítimas,Plena noite,Decrescente,Ceu Claro,Dupla,Reta,Rural,2011,1,0,0,0,1,0,0,1
995077,09/10/2011,Domingo,06:00:00,RN,110,45.9,MOSSORO,Falta de atenção,Colisão traseira,Sem Vítimas,Pleno dia,Decrescente,Ceu Claro,Simples,Reta,Urbano,2011,2,0,0,0,2,0,0,2
995083,19/10/2011,Quarta,14:50:00,RN,405,39.2,FELIPE GUERRA,Outras,Colisão Transversal,Com Vítimas Fatais,Pleno dia,Crescente,Nublado,Simples,Cruzamento,Rural,2011,2,1,0,0,0,1,0,2
995265,08/10/2011,Sábado,09:30:00,RN,101,99.7,NATAL,Desobediência à sinalização,Colisão lateral,Sem Vítimas,Pleno dia,Crescente,Chuva,Dupla,Reta,Urbano,2011,2,0,0,0,2,0,0,2
995298,17/10/2011,Segunda,05:30:00,RN,101,99.9,NATAL,Não guardar distância de segurança,Colisão traseira,Sem Vítimas,Pleno dia,Decrescente,Nublado,Dupla,Cruzamento,Urbano,2011,2,0,0,0,2,0,0,2
995309,19/10/2011,Quarta,03:40:00,RN,304,228.0,MACAIBA,Animais na Pista,Saída de Pista,Sem Vítimas,Plena noite,Decrescente,Ceu Claro,Simples,Reta,Rural,2011,1,0,0,0,1,0,0,1
995312,12/10/2011,Quarta,10:10:00,RN,101,84.7,NATAL,Falta de atenção,Colisão traseira,Sem Vítimas,Pleno dia,Crescente,Ceu Claro,Múltipla,Curva,Urbano,2011,3,0,0,0,3,0,0,3
995324,19/10/2011,Quarta,09:50:00,RN,101,84.9,SAO GONCALO DO AMARANTE,Falta de atenção,Colisão traseira,Com Vítimas Feridas,Pleno dia,Crescente,Ceu Claro,Dupla,Reta,Urbano,2011,3,0,1,1,1,0,2,2
995347,09/10/2011,Domingo,12:00:00,RN,101,101.7,PARNAMIRIM,Ingestão de álcool,Colisão traseira,Sem Vítimas,Plena noite,Crescente,Ceu Claro,Múltipla,Cruzamento,Urbano,2011,2,0,0,0,2,0,0,2
995425,20/10/2011,Quinta,12:00:00,RN,101,146.9,GOIANINHA,Não guardar distância de segurança,Colisão traseira,Sem Vítimas,Pleno dia,Decrescente,Nublado,Dupla,Reta,Urbano,2011,2,0,0,0,2,0,0,2
995512,20/10/2011,Quinta,13:00:00,RN,101,97.3,NATAL,Falta de atenção,Colisão traseira,Sem Vítimas,Pleno dia,Crescente,Ceu Claro,Dupla,Reta,Urbano,2011,2,0,0,0,2,0,0,2
995822,29/09/2011,Quinta,17:30:00,RN,101,107.3,PARNAMIRIM,Outras,Colisão Transversal,Com Vítimas Feridas,Plena noite,Decrescente,Ceu Claro,Dupla,Reta,Urbano,2011,2,0,1,0,1,0,1,2
995874,19/10/2011,Quarta,14:10:00,RN,226,289.6,CAMPO GRANDE,Outras,Capotamento,Com Vítimas Feridas,Plena noite,Crescente,Ceu Claro,Simples,Curva,Rural,2011,3,0,2,0,1,0,2,1
995882,04/10/2011,Terça,13:30:00,RN,101,102.0,PARNAMIRIM,Falta de atenção,Colisão traseira,Sem Vítimas,Pleno dia,Crescente,Ceu Claro,Dupla,Reta,Urbano,2011,3,0,0,0,3,0,0,3
995955,09/10/2011,Domingo,20:00:00,RN,226,12.5,MACAIBA,Animais na Pista,Atropelamento de animal,Com Vítimas Fatais,Plena noite,Crescente,Ceu Claro,Simples,Reta,Urbano,2011,1,1,0,0,0,0,0,1
995965,09/10/2011,Domingo,20:40:00,RN,101,96.5,NATAL,Falta de atenção,Colisão lateral,Sem Vítimas,Plena noite,Decrescente,Ceu Claro,Dupla,Reta,Urbano,2011,2,0,0,0,1,1,0,2
995990,13/10/2011,Quinta,18:00:00,RN,226,114.1,SANTA CRUZ,Não guardar distância de segurança,Colisão traseira,Com Vítimas Feridas,Anoitecer,Decrescente,Ceu Claro,Simples,Reta,Urbano,2011,3,0,0,2,0,1,2,2
996054,21/10/2011,Sexta,09:00:00,RN,101,96.8,NATAL,Defeito na via,Colisão lateral,Sem Vítimas,Pleno dia,Crescente,Ceu Claro,Dupla,Curva,Urbano,2011,2,0,0,0,2,0,0,2
996057,13/10/2011,Quinta,19:00:00,RN,405,7.0,MOSSORO,Outras,Colisão traseira,Com Vítimas Feridas,Plena noite,Decrescente,Ceu Claro,Simples,Reta,Rural,2011,2,0,1,0,1,0,1,2
996120,21/10/2011,Sexta,10:40:00,RN,101,164.2,CANGUARETAMA,Outras,Colisão lateral,Sem Vítimas,Pleno dia,Decrescente,Ceu Claro,Simples,Reta,Urbano,2011,2,0,0,0,1,1,0,2
996298,21/10/2011,Sexta,18:10:00,RN,101,84.9,NATAL,Outras,Colisão lateral,Sem Vítimas,Plena noite,Decrescente,Ceu Claro,Dupla,Curva,Urbano,2011,2,0,0,0,2,0,0,2
996313,21/10/2011,Sexta,18:40:00,RN,101,107.3,PARNAMIRIM,Falta de atenção,Colisão lateral,Sem Vítimas,Plena noite,Decrescente,Ceu Claro,Dupla,Cruzamento,Urbano,2011,2,0,0,0,2,0,0,2
996362,21/10/2011,Sexta,22:15:00,RN,304,177.0,ANGICOS,Animais na Pista,Atropelamento de animal,Sem Vítimas,Plena noite,Crescente,Ceu Claro,Simples,Reta,Rural,2011,1,0,0,0,1,0,0,1
996418,21/10/2011,Sexta,14:45:00,RN,101,101.2,PARNAMIRIM,Ultrapassagem indevida,Colisão Transversal,Com Vítimas Feridas,Pleno dia,Decrescente,Sol,Múltipla,Reta,Urbano,2011,2,0,1,0,1,0,1,2
996437,21/10/2011,Sexta,08:30:00,RN,110,47.0,MOSSORO,Desobediência à sinalização,Colisão Transversal,Com Vítimas Feridas,Pleno dia,Decrescente,Ceu Claro,Simples,Reta,Urbano,2011,2,0,1,0,1,0,1,2
996456,21/10/2011,Sexta,19:30:00,RN,101,97.5,NATAL,Outras,Colisão traseira,Sem Vítimas,Plena noite,Crescente,Ceu Claro,Múltipla,Reta,Urbano,2011,4,0,0,0,4,0,0,4
996458,21/10/2011,Sexta,10:27:00,RN,110,49.0,MOSSORO,Não guardar distância de segurança,Colisão traseira,Sem Vítimas,Pleno dia,Crescente,Ceu Claro,Dupla,Reta,Urbano,2011,2,0,0,0,2,0,0,2
996471,21/10/2011,Sexta,17:15:00,RN,101,103.4,PARNAMIRIM,Falta de atenção,Colisão traseira,Sem Vítimas,Anoitecer,Decrescente,Ceu Claro,Dupla,Cruzamento,Urbano,2011,2,0,0,0,2,0,0,2
996503,18/10/2011,Terça,16:20:00,RN,304,283.5,MACAIBA,Outras,Colisão Transversal,Com Vítimas Feridas,Pleno dia,Decrescente,Sol,Simples,Reta,Rural,2011,4,0,1,2,1,0,3,2
996546,22/10/2011,Sábado,05:40:00,RN,304,268.2,SAO PEDRO,Animais na Pista,Atropelamento de animal,Sem Vítimas,Amanhecer,Crescente,Ceu Claro,Simples,Reta,Rural,2011,1,0,0,0,1,0,0,1
996556,18/10/2011,Terça,12:00:00,RN,226,4.5,NATAL,Outras,Danos Eventuais,Sem Vítimas,Pleno dia,Crescente,Ceu Claro,Simples,Reta,Urbano,2011,2,0,0,0,2,0,0,2
996588,18/10/2011,Terça,19:15:00,RN,101,100.0,NATAL,Não guardar distância de segurança,Colisão traseira,Sem Vítimas,Plena noite,Decrescente,Ceu Claro,Dupla,Reta,Urbano,2011,2,0,0,0,2,0,0,2
996612,21/10/2011,Sexta,17:30:00,RN,304,84.0,ASSU,Outras,Queda de motocicleta / bicicleta / veículo,Com Vítimas Feridas,Plena noite,Crescente,Ceu Claro,Simples,Reta,Rural,2011,2,0,0,1,0,1,1,2
996618,22/10/2011,Sábado,11:20:00,RN,101,97.8,NATAL,Outras,Colisão traseira,Sem Vítimas,Pleno dia,Decrescente,Sol,Dupla,Reta,Urbano,2011,2,0,0,0,2,0,0,2
996635,22/10/2011,Sábado,13:00:00,RN,101,80.0,NATAL,Falta de atenção,Colisão Transversal,Sem Vítimas,Pleno dia,Decrescente,Ceu Claro,Dupla,Cruzamento,Urbano,2011,2,0,0,0,1,1,0,2
996745,22/10/2011,Sábado,11:00:00,RN,101,101.1,PARNAMIRIM,Não guardar distância de segurança,Colisão traseira,Com Vítimas Feridas,Pleno dia,Crescente,Ceu Claro,Múltipla,Reta,Urbano,2011,3,0,1,0,2,0,1,2
996827,22/10/2011,Sábado,11:20:00,RN,405,156.2,PAU DOS FERROS,Falta de atenção,Colisão Transversal,Com Vítimas Feridas,Pleno dia,Crescente,Ceu Claro,Simples,Reta,Urbano,2011,3,0,1,1,1,0,2,2
996838,22/10/2011,Sábado,17:30:00,RN,405,1.5,MOSSORO,Ingestão de álcool,Colisão lateral,Com Vítimas Feridas,Anoitecer,Decrescente,Ceu Claro,Dupla,Reta,Urbano,2011,4,0,2,1,1,0,3,3
997033,21/10/2011,Sexta,08:15:00,RN,101,94.7,NATAL,Outras,Colisão lateral,Sem Vítimas,Pleno dia,Decrescente,Ceu Claro,Múltipla,Reta,Urbano,2011,2,0,0,0,2,0,0,2
997082,21/10/2011,Sexta,15:00:00,RN,101,132.6,SAO JOSE DE MIPIBU,Animais na Pista,Capotamento,Sem Vítimas,Pleno dia,Crescente,Ceu Claro,Dupla,Reta,Rural,2011,1,0,0,0,1,0,0,1
997342,23/10/2011,Domingo,12:15:00,RN,101,109.0,PARNAMIRIM,Outras,Colisão Transversal,Sem Vítimas,Pleno dia,Crescente,Ceu Claro,Dupla,Cruzamento,Urbano,2011,2,0,0,0,2,0,0,2
997356,21/10/2011,Sexta,06:50:00,RN,101,100.0,PARNAMIRIM,Não guardar distância de segurança,Colisão traseira,Sem Vítimas,Pleno dia,Decrescente,Ceu Claro,Dupla,Reta,Urbano,2011,2,0,0,0,2,0,0,2
997374,23/10/2011,Domingo,18:10:00,RN,101,147.5,GOIANINHA,Falta de atenção,Colisão Transversal,Com Vítimas Feridas,Plena noite,Crescente,Ceu Claro,Dupla,Reta,Urbano,2011,2,0,0,1,1,0,1,2
997491,23/10/2011,Domingo,18:00:00,RN,101,11.7,TOUROS,Outras,Capotamento,Com Vítimas Feridas,Anoitecer,Decrescente,Ceu Claro,Simples,Reta,Rural,2011,5,0,3,2,0,0,5,1
997495,23/10/2011,Domingo,18:00:00,RN,406,101.0,JOAO CAMARA,Outras,Colisão Transversal,Com Vítimas Fatais,Plena noite,Decrescente,Ceu Claro,Simples,Reta,Rural,2011,3,1,1,0,1,0,1,2
997609,20/10/2011,Quinta,15:30:00,RN,304,198.0,LAJES,Defeito mecânico em veículo,Queda de motocicleta / bicicleta / veículo,Com Vítimas Feridas,Pleno dia,Decrescente,Ceu Claro,Simples,Reta,Rural,2011,2,0,0,1,1,0,1,2
997614,24/10/2011,Segunda,08:40:00,RN,101,109.7,PARNAMIRIM,Falta de atenção,Colisão Transversal,Com Vítimas Feridas,Pleno dia,Decrescente,Ceu Claro,Múltipla,Cruzamento,Urbano,2011,2,0,1,0,1,0,1,2
997639,20/10/2011,Quinta,06:05:00,RN,101,104.6,PARNAMIRIM,Outras,Saída de Pista,Sem Vítimas,Amanhecer,Crescente,Ceu Claro,Dupla,Curva,Urbano,2011,1,0,0,0,1,0,0,1
997658,13/10/2011,Quinta,07:00:00,RN,101,80.0,NATAL,Falta de atenção,Colisão Transversal,Com Vítimas Feridas,Pleno dia,Decrescente,Ceu Claro,Dupla,Curva,Urbano,2011,2,0,1,0,1,0,1,2
997660,22/10/2011,Sábado,20:00:00,RN,406,122.3,TAIPU,Animais na Pista,Atropelamento de animal,Com Vítimas Feridas,Plena noite,Decrescente,Ceu Claro,Simples,Reta,Rural,2011,2,0,1,1,0,0,2,1
997685,24/10/2011,Segunda,05:30:00,RN,101,143.9,ARES,Outras,Saída de Pista,Sem Vítimas,Amanhecer,Crescente,Ceu Claro,Dupla,Curva,Rural,2011,1,0,0,0,1,0,0,1
997703,24/10/2011,Segunda,07:30:00,RN,101,84.9,SAO GONCALO DO AMARANTE,Falta de atenção,Colisão traseira,Sem Vítimas,Pleno dia,Crescente,Sol,Múltipla,Reta,Urbano,2011,2,0,0,0,2,0,0,2
997737,20/10/2011,Quinta,19:55:00,RN,304,34.5,MOSSORO,Outras,Colisão frontal,Com Vítimas Feridas,Plena noite,Decrescente,Ceu Claro,Simples,Reta,Urbano,2011,3,0,1,0,2,0,1,2
997752,17/10/2011,Segunda,10:25:00,RN,101,97.9,NATAL,Falta de atenção,Colisão lateral,Sem Vítimas,Pleno dia,Decrescente,Ceu Claro,Dupla,Reta,Urbano,2011,2,0,0,0,2,0,0,2
997787,20/10/2011,Quinta,16:00:00,RN,101,101.8,PARNAMIRIM,Não guardar distância de segurança,Colisão traseira,Sem Vítimas,Pleno dia,Crescente,Sol,Dupla,Reta,Urbano,2011,2,0,0,0,2,0,0,2
997820,24/10/2011,Segunda,13:15:00,RN,406,92.0,JOAO CAMARA,Outras,Atropelamento de pessoa,Com Vítimas Feridas,Pleno dia,Crescente,Ceu Claro,Simples,Reta,Rural,2011,2,0,1,0,1,0,1,1
997884,19/10/2011,Quarta,18:15:00,RN,101,94.9,NATAL,Falta de atenção,Colisão lateral,Sem Vítimas,Plena noite,Decrescente,Ceu Claro,Múltipla,Reta,Urbano,2011,2,0,0,0,1,1,0,2
997894,24/10/2011,Segunda,15:25:00,RN,226,138.9,CAMPO REDONDO,Dormindo,Capotamento,Sem Vítimas,Pleno dia,Decrescente,Ceu Claro,Simples,Reta,Rural,2011,1,0,0,0,1,0,0,1
997921,24/10/2011,Segunda,15:00:00,RN,101,100.6,PARNAMIRIM,Falta de atenção,Colisão traseira,Sem Vítimas,Pleno dia,Decrescente,Sol,Múltipla,Reta,Urbano,2011,2,0,0,0,1,1,0,2
997949,24/10/2011,Segunda,14:00:00,RN,304,146.3,ANGICOS,Dormindo,Capotamento,Sem Vítimas,Pleno dia,Crescente,Ceu Claro,Simples,Reta,Rural,2011,1,0,0,0,1,0,0,1
997966,24/10/2011,Segunda,12:45:00,RN,110,48.5,MOSSORO,Falta de atenção,Colisão Transversal,Com Vítimas Feridas,Pleno dia,Crescente,Sol,Dupla,Reta,Urbano,2011,2,0,2,0,0,0,2,2
997980,24/10/2011,Segunda,10:10:00,RN,101,96.5,NATAL,Falta de atenção,Tombamento,Sem Vítimas,Pleno dia,Crescente,Ceu Claro,Dupla,Reta,Urbano,2011,1,0,0,0,1,0,0,1
998054,24/10/2011,Segunda,13:00:00,RN,101,96.0,NATAL,Outras,Colisão traseira,Sem Vítimas,Pleno dia,Decrescente,Ceu Claro,Múltipla,Reta,Urbano,2011,3,0,0,0,2,1,0,3
998089,08/10/2011,Sábado,12:45:00,RN,101,84.0,SAO GONCALO DO AMARANTE,Outras,Colisão lateral,Com Vítimas Feridas,Pleno dia,Crescente,Ceu Claro,Dupla,Reta,Urbano,2011,3,0,2,0,1,0,2,2
998130,26/08/2011,Sexta,19:00:00,RN,304,298.9,MACAIBA,Outras,Queda de motocicleta / bicicleta / veículo,Com Vítimas Fatais,Plena noite,Decrescente,Ceu Claro,Dupla,Reta,Rural,2011,2,1,0,1,0,0,1,1
998232,19/10/2011,Quarta,17:30:00,RN,226,43.7,BOM JESUS,Outras,Tombamento,Sem Vítimas,Anoitecer,Decrescente,Ceu Claro,Simples,Reta,Rural,2011,1,0,0,0,1,0,0,1
998451,25/10/2011,Terça,13:45:00,RN,101,100.1,NATAL,Não guardar distância de segurança,Colisão traseira,Sem Vítimas,Pleno dia,Decrescente,Sol,Dupla,Reta,Urbano,2011,2,0,0,0,2,0,0,2
998457,21/10/2011,Sexta,11:40:00,RN,101,98.8,NATAL,Falta de atenção,Colisão lateral,Sem Vítimas,Pleno dia,Crescente,Sol,Dupla,Reta,Urbano,2011,2,0,0,0,2,0,0,2
998467,21/10/2011,Sexta,09:25:00,RN,110,46.0,MOSSORO,Falta de atenção,Colisão Transversal,Sem Vítimas,Pleno dia,Decrescente,Ceu Claro,Simples,Reta,Urbano,2011,2,0,0,0,2,0,0,2
998495,25/10/2011,Terça,07:00:00,RN,406,155.9,CEARA-MIRIM,Outras,Atropelamento de pessoa,Com Vítimas Feridas,Pleno dia,Crescente,Ceu Claro,Simples,Reta,Rural,2011,2,0,1,0,1,0,1,1
998508,25/10/2011,Terça,16:30:00,RN,101,84.1,NATAL,Não guardar distância de segurança,Colisão traseira,Sem Vítimas,Pleno dia,Decrescente,Ceu Claro,Simples,Curva,Urbano,2011,2,0,0,0,2,0,0,2
998529,25/10/2011,Terça,18:00:00,RN,101,94.3,NATAL,Falta de atenção,Colisão traseira,Sem Vítimas,Plena noite,Decrescente,Ceu Claro,Múltipla,Reta,Urbano,2011,2,0,0,0,2,0,0,2
998558,25/10/2011,Terça,13:50:00,RN,101,94.1,NATAL,Outras,Colisão traseira,Sem Vítimas,Pleno dia,Decrescente,Sol,Dupla,Reta,Urbano,2011,3,0,0,0,3,0,0,3
998586,25/10/2011,Terça,22:10:00,RN,101,83.6,NATAL,Outras,Atropelamento de pessoa,Com Vítimas Feridas,Plena noite,Decrescente,Ceu Claro,Dupla,Reta,Urbano,2011,2,0,0,1,0,1,1,1
998596,25/10/2011,Terça,19:40:00,RN,226,175.5,CURRAIS NOVOS,Outras,Colisão traseira,Com Vítimas Feridas,Plena noite,Crescente,Ceu Claro,Simples,Reta,Urbano,2011,3,0,1,1,1,0,2,2
998604,25/10/2011,Terça,23:15:00,RN,101,120.6,SAO JOSE DE MIPIBU,Animais na Pista,Atropelamento de animal,Sem Vítimas,Plena noite,Decrescente,Ceu Claro,Dupla,Reta,Rural,2011,1,0,0,0,1,0,0,1
998706,17/10/2011,Segunda,12:20:00,RN,304,40.0,MOSSORO,Desobediência à sinalização,Queda de motocicleta / bicicleta / veículo,Com Vítimas Feridas,Pleno dia,Decrescente,Chuva,Dupla,Curva,Urbano,2011,1,0,1,0,0,0,1,1
998747,22/10/2011,Sábado,20:00:00,RN,406,128.0,TAIPU,Animais na Pista,Atropelamento de animal,Sem Vítimas,Plena noite,Decrescente,Ceu Claro,Simples,Reta,Rural,2011,1,0,0,0,1,0,0,1
998768,22/10/2011,Sábado,19:25:00,RN,101,107.0,PARNAMIRIM,Desobediência à sinalização,Colisão Transversal,Com Vítimas Feridas,Plena noite,Crescente,Ceu Claro,Múltipla,Cruzamento,Urbano,2011,2,0,0,1,0,1,1,2
998833,26/10/2011,Quarta,08:50:00,RN,304,295.9,MACAIBA,Falta de atenção,Colisão traseira,Sem Vítimas,Pleno dia,Crescente,Sol,Simples,Cruzamento,Urbano,2011,3,0,0,0,3,0,0,3
998835,16/10/2011,Domingo,14:40:00,RN,101,99.7,PARNAMIRIM,Falta de atenção,Colisão traseira,Sem Vítimas,Pleno dia,Decrescente,Sol,Dupla,Reta,Urbano,2011,3,0,0,0,3,0,0,3
998850,26/10/2011,Quarta,07:40:00,RN,405,0.7,MOSSORO,Não guardar distância de segurança,Colisão traseira,Com Vítimas Feridas,Pleno dia,Decrescente,Sol,Dupla,Reta,Urbano,2011,2,0,0,1,1,0,1,2
998891,26/10/2011,Quarta,09:50:00,RN,101,107.0,PARNAMIRIM,Não guardar distância de segurança,Colisão traseira,Sem Vítimas,Pleno dia,Crescente,Ceu Claro,Dupla,Cruzamento,Urbano,2011,2,0,0,0,2,0,0,2
998893,26/10/2011,Quarta,17:40:00,RN,101,101.8,PARNAMIRIM,Falta de atenção,Colisão lateral,Sem Vítimas,Anoitecer,Crescente,Ceu Claro,Múltipla,Reta,Urbano,2011,2,0,0,0,2,0,0,2
998924,26/10/2011,Quarta,13:00:00,RN,101,82.8,SAO GONCALO DO AMARANTE,Falta de atenção,Colisão traseira,Sem Vítimas,Pleno dia,Crescente,Ceu Claro,Dupla,Reta,Urbano,2011,2,0,0,0,2,0,0,2
998937,26/10/2011,Quarta,18:00:00,RN,101,103.4,PARNAMIRIM,Não guardar distância de segurança,Colisão lateral,Sem Vítimas,Plena noite,Decrescente,Ceu Claro,Múltipla,Reta,Urbano,2011,2,0,0,0,2,0,0,2
998947,14/10/2011,Sexta,07:30:00,RN,101,84.7,SAO GONCALO DO AMARANTE,Não guardar distância de segurança,Colisão lateral,Sem Vítimas,Pleno dia,Crescente,Ceu Claro,Dupla,Curva,Urbano,2011,2,0,0,0,2,0,0,2
998980,26/10/2011,Quarta,17:36:00,RN,101,101.9,PARNAMIRIM,Não guardar distância de segurança,Colisão lateral,Sem Vítimas,Pleno dia,Crescente,Ceu Claro,Dupla,Cruzamento,Urbano,2011,2,0,0,0,2,0,0,2
998985,26/10/2011,Quarta,18:10:00,RN,101,101.6,PARNAMIRIM,Falta de atenção,Colisão traseira,Sem Vítimas,Anoitecer,Crescente,Vento,Dupla,Reta,Urbano,2011,3,0,0,0,3,0,0,3
998988,26/10/2011,Quarta,19:30:00,RN,101,99.9,PARNAMIRIM,Não guardar distância de segurança,Colisão traseira,Sem Vítimas,Plena noite,Decrescente,Ceu Claro,Dupla,Cruzamento,Urbano,2011,2,0,0,0,2,0,0,2
998994,26/10/2011,Quarta,19:45:00,RN,101,97.0,NATAL,Não guardar distância de segurança,Colisão traseira,Com Vítimas Feridas,Plena noite,Decrescente,Ceu Claro,Dupla,Reta,Urbano,2011,3,0,1,0,2,0,1,2
998995,14/10/2011,Sexta,16:00:00,RN,101,84.6,SAO GONCALO DO AMARANTE,Falta de atenção,Colisão Transversal,Sem Vítimas,Pleno dia,Crescente,Ceu Claro,Dupla,Reta,Urbano,2011,3,0,0,0,3,0,0,3
999103,26/10/2011,Quarta,21:00:00,RN,226,191.7,SAO VICENTE,Ingestão de álcool,Colisão frontal,Com Vítimas Feridas,Plena noite,Crescente,Ceu Claro,Simples,Curva,Rural,2011,7,0,3,2,2,0,5,2
999162,25/10/2011,Terça,16:30:00,RN,405,149.0,PAU DOS FERROS,Falta de atenção,Queda de motocicleta / bicicleta / veículo,Com Vítimas Feridas,Pleno dia,Crescente,Sol,Simples,Reta,Urbano,2011,2,0,1,0,0,1,1,2
999178,21/10/2011,Sexta,08:00:00,RN,101,96.7,NATAL,Desobediência à sinalização,Colisão lateral,Com Vítimas Feridas,Pleno dia,Decrescente,Ceu Claro,Dupla,Cruzamento,Urbano,2011,2,0,1,0,1,0,1,2
999194,17/10/2011,Segunda,15:10:00,RN,304,291.7,MACAIBA,Defeito mecânico em veículo,Colisão com objeto móvel,Sem Vítimas,Pleno dia,Decrescente,Ceu Claro,Simples,Reta,Rural,2011,2,0,0,0,2,0,0,2
999212,27/10/2011,Quinta,07:30:00,RN,101,97.9,NATAL,Falta de atenção,Colisão traseira,Sem Vítimas,Pleno dia,Decrescente,Ceu Claro,Dupla,Reta,Urbano,2011,3,0,0,0,3,0,0,3
999275,11/10/2011,Terça,12:00:00,RN,101,94.8,NATAL,Falta de atenção,Colisão traseira,Com Vítimas Feridas,Pleno dia,Crescente,Ceu Claro,Dupla,Reta,Urbano,2011,4,0,1,0,2,1,1,4
999288,27/10/2011,Quinta,08:30:00,RN,304,6.4,MOSSORO,Outras,Saída de Pista,Sem Vítimas,Pleno dia,Decrescente,Ceu Claro,Simples,Reta,Rural,2011,1,0,0,0,1,0,0,1
999308,23/10/2011,Domingo,20:07:00,RN,101,97.8,NATAL,Falta de atenção,Colisão traseira,Sem Vítimas,Plena noite,Decrescente,Ceu Claro,Simples,Reta,Urbano,2011,2,0,0,0,2,0,0,2
999471,27/10/2011,Quinta,08:30:00,RN,304,166.6,FERNANDO PEDROZA,Outras,Colisão Transversal,Com Vítimas Feridas,Pleno dia,Crescente,Sol,Simples,Reta,Rural,2011,2,0,1,0,1,0,1,2
999531,27/10/2011,Quinta,21:00:00,RN,304,230.2,RIACHUELO,Velocidade incompatível,Tombamento,Com Vítimas Feridas,Plena noite,Decrescente,Ceu Claro,Simples,Curva,Rural,2011,1,0,1,0,0,0,1,1
999567,27/10/2011,Quinta,18:15:00,RN,304,143.3,ANGICOS,Outras,Colisão lateral,Com Vítimas Feridas,Plena noite,Crescente,Ceu Claro,Simples,Reta,Rural,2011,2,0,1,0,1,0,1,2
999686,12/10/2011,Quarta,14:05:00,RN,406,164.0,SAO GONCALO DO AMARANTE,Falta de atenção,Colisão lateral,Com Vítimas Feridas,Pleno dia,Crescente,Ceu Claro,Simples,Reta,Rural,2011,3,0,0,2,1,0,2,2
999742,28/10/2011,Sexta,10:30:00,RN,304,39.7,MOSSORO,Animais na Pista,Colisão frontal,Sem Vítimas,Pleno dia,Crescente,Ceu Claro,Simples,Curva,Urbano,2011,2,0,0,0,1,1,0,2
999757,28/10/2011,Sexta,08:20:00,RN,110,46.8,MOSSORO,Falta de atenção,Colisão traseira,Sem Vítimas,Pleno dia,Crescente,Ceu Claro,Simples,Cruzamento,Urbano,2011,2,0,0,0,2,0,0,2
999825,28/10/2011,Sexta,10:35:00,RN,406,145.4,CEARA-MIRIM,Falta de atenção,Colisão Transversal,Sem Vítimas,Pleno dia,Crescente,Sol,Simples,Reta,Urbano,2011,2,0,0,0,2,0,0,2
999874,22/10/2011,Sábado,20:30:00,RN,406,128.0,TAIPU,Animais na Pista,Atropelamento de animal,Sem Vítimas,Plena noite,Decrescente,Ceu Claro,Simples,Reta,Rural,2011,1,0,0,0,1,0,0,1
999899,22/10/2011,Sábado,04:00:00,RN,101,99.9,NATAL,Desobediência à sinalização,Colisão Transversal,Sem Vítimas,Amanhecer,Crescente,Ceu Claro,Dupla,Cruzamento,Urbano,2011,2,0,0,0,2,0,0,2